"source","agreement","stimuli","n","percent","lemma_naming","lemma_dis","dist","match"
"boss",94,"arrival_1",8,25.8064516129032,"broom","room",0.0666666666666668,NA
"boss",94,"arrival_4",8,25.8064516129032,"broom","room",0.0666666666666668,NA
"boss",94,"arrival_6",14,45.1612903225806,"broom","room",0.0666666666666668,NA
"boss",94,"dinosaurs_spacemen_and_ghouls",18,58.0645161290323,"broom","room",0.0666666666666668,NA
"boss",94,"exhibit_12",8,25.8064516129032,"broom","room",0.0666666666666668,NA
"boss",94,"flowerman",12,38.7096774193548,"broom","room",0.0666666666666668,NA
"boss",94,"journey",27,87.0967741935484,"broom","room",0.0666666666666668,NA
"boss",94,"return",27,87.0967741935484,"broom","room",0.0666666666666668,NA
"boss",71,"wanderer",24,77.4193548387097,"cane","crane",0.0666666666666668,NA
"boss",92,"journey",10,32.258064516129,"clock","lock",0.0666666666666668,NA
"boss",77,"being_a_pirate",12,38.7096774193548,"shoe","shore",0.0666666666666668,NA
"boss",77,"wanderer",9,29.0322580645161,"shoe","shore",0.0666666666666668,NA
"boss",78,"arrival_3",16,51.6129032258064,"nail","snail",0.0666666666666668,NA
"boss",100,"ancient_rome",8,25.8064516129032,"pear","spear",0.0666666666666668,NA
"boss",100,"journey",8,25.8064516129032,"pear","spear",0.0666666666666668,NA
"boss",100,"quest",17,54.8387096774194,"pear","spear",0.0666666666666668,NA
"boss",100,"wanderer",10,32.258064516129,"pear","pearl",0.0666666666666668,NA
"boss",84,"flowerman",23,74.1935483870968,"scale","sale",0.0666666666666668,NA
"boss",100,"dinosaurs_spacemen_and_ghouls",8,25.8064516129032,"screw","crew",0.0666666666666668,NA
"brodeur",88,"flowerman",21,67.741935483871,"chair","hair",0.0666666666666668,NA
"brodeur",88,"picture_this",8,25.8064516129032,"chair","hair",0.0666666666666668,NA
"brodeur",100,"airport",12,38.7096774193548,"horse","hose",0.0666666666666668,NA
"brodeur",98,"by_the_lake",10,32.258064516129,"kite","kites",0.0666666666666668,1
"brodeur",88,"ancient_rome",27,87.0967741935484,"lion","lions",0.0666666666666668,1
"brodeur",88,"escape_from_the_zoo",14,45.1612903225806,"lion","lions",0.0666666666666668,1
"brodeur",98,"airport",11,35.4838709677419,"swing","wing",0.0666666666666668,NA
"brodeur",98,"arrival_6",9,29.0322580645161,"swing","wing",0.0666666666666668,NA
"brodeur",98,"quest",18,58.0645161290323,"swing","wing",0.0666666666666668,NA
"brodeur",98,"return",20,64.5161290322581,"swing","wing",0.0666666666666668,NA
"brodeur",98,"wanderer",17,54.8387096774194,"swing","wing",0.0666666666666668,NA
"moreno-martinez",86,"arrival_6",8,25.8064516129032,"brain","rain",0.0666666666666668,NA
"moreno-martinez",86,"quest",19,61.2903225806452,"brain","rain",0.0666666666666668,NA
"moreno-martinez",72,"airport",11,35.4838709677419,"chard","card",0.0666666666666668,NA
"moreno-martinez",93,"airport",12,38.7096774193548,"house","hose",0.0666666666666668,NA
"moreno-martinez",97,"wanderer",8,25.8064516129032,"sword","word",0.0666666666666668,NA
"moreno-martinez",93,"arrival_6",8,25.8064516129032,"train","rain",0.0666666666666668,NA
"moreno-martinez",93,"quest",19,61.2903225806452,"train","rain",0.0666666666666668,NA
"DR2",100,"quest",9,29.0322580645161,"bear","beard",0.0666666666666668,NA
"DR2",100,"return",10,32.258064516129,"bear","beard",0.0666666666666668,NA
"DR2",100,"journey",10,32.258064516129,"block","lock",0.0666666666666668,NA
"DR2",100,"arrival_1",26,83.8709677419355,"lock","clock",0.0666666666666668,NA
"DR2",100,"arrival_3",17,54.8387096774194,"lock","clock",0.0666666666666668,NA
"DR2",100,"flowerman",12,38.7096774193548,"lock","clock",0.0666666666666668,NA
"DR2",100,"arrival_5",11,35.4838709677419,"medal","meal",0.0666666666666668,NA
"DR2",95.5,"ancient_rome",12,38.7096774193548,"slide","side",0.0666666666666668,NA
"DR2",95.5,"arrival_1",15,48.3870967741936,"slide","side",0.0666666666666668,NA
"DR2",95.5,"arrival_2",9,29.0322580645161,"slide","side",0.0666666666666668,NA
"DR2",95.5,"arrival_3",9,29.0322580645161,"slide","side",0.0666666666666668,NA
"DR2",95.5,"arrival_4",16,51.6129032258064,"slide","side",0.0666666666666668,NA
"DR2",95.5,"arrival_5",14,45.1612903225806,"slide","side",0.0666666666666668,NA
"DR2",95.5,"arrival_6",19,61.2903225806452,"slide","side",0.0666666666666668,NA
"DR2",95.5,"being_a_pirate",15,48.3870967741936,"slide","side",0.0666666666666668,NA
"DR2",95.5,"birthday_party_fun",13,41.9354838709677,"slide","side",0.0666666666666668,NA
"DR2",95.5,"by_the_lake",15,48.3870967741936,"slide","side",0.0666666666666668,NA
"DR2",95.5,"campsite",23,74.1935483870968,"slide","side",0.0666666666666668,NA
"DR2",95.5,"dinosaurs_spacemen_and_ghouls",20,64.5161290322581,"slide","side",0.0666666666666668,NA
"DR2",95.5,"escape_from_the_zoo",11,35.4838709677419,"slide","side",0.0666666666666668,NA
"DR2",95.5,"exhibit_12",10,32.258064516129,"slide","side",0.0666666666666668,NA
"DR2",95.5,"flowerman",19,61.2903225806452,"slide","side",0.0666666666666668,NA
"DR2",95.5,"journey",24,77.4193548387097,"slide","side",0.0666666666666668,NA
"DR2",95.5,"make_a_splash",19,61.2903225806452,"slide","side",0.0666666666666668,NA
"DR2",95.5,"picture_this",14,45.1612903225806,"slide","side",0.0666666666666668,NA
"DR2",95.5,"quest",23,74.1935483870968,"slide","side",0.0666666666666668,NA
"DR2",95.5,"return",17,54.8387096774194,"slide","side",0.0666666666666668,NA
"DR2",95.5,"unfriendly_giants",11,35.4838709677419,"slide","side",0.0666666666666668,NA
"DR2",95.5,"waldo_1",15,48.3870967741936,"slide","side",0.0666666666666668,NA
"DR2",95.5,"wanderer",24,77.4193548387097,"slide","side",0.0666666666666668,NA
"DR2",95.5,"wild_west",14,45.1612903225806,"slide","side",0.0666666666666668,NA
"boss",82,"arrival_4",9,29.0322580645161,"tshirt","shirt",0.0555555555555556,1
"boss",82,"arrival_5",17,54.8387096774194,"tshirt","shirt",0.0555555555555556,1
"boss",82,"flowerman",14,45.1612903225806,"tshirt","shirt",0.0555555555555556,1
"boss",82,"journey",8,25.8064516129032,"tshirt","shirt",0.0555555555555556,1
"boss",82,"picture_this",9,29.0322580645161,"tshirt","shirt",0.0555555555555556,1
"boss",82,"return",8,25.8064516129032,"tshirt","shirt",0.0555555555555556,1
"boss",82,"wanderer",15,48.3870967741936,"tshirt","shirt",0.0555555555555556,1
"brodeur",95,"journey",12,38.7096774193548,"cloud","clouds",0.0555555555555556,1
"brodeur",73,"arrival_4",23,74.1935483870968,"monkey","money",0.0555555555555556,NA
"brodeur",73,"arrival_5",9,29.0322580645161,"monkey","money",0.0555555555555556,NA
"brodeur",73,"arrival_6",24,77.4193548387097,"monkey","money",0.0555555555555556,NA
"brodeur",73,"wild_west",9,29.0322580645161,"monkey","money",0.0555555555555556,NA
"brodeur",81,"wild_west",13,41.9354838709677,"table","stable",0.0555555555555556,NA
"moreno-martinez",78,"journey",12,38.7096774193548,"tower","towers",0.0555555555555556,1
"moreno-martinez",78,"quest",9,29.0322580645161,"tower","towers",0.0555555555555556,1
"moreno-martinez",78,"return",9,29.0322580645161,"tower","towers",0.0555555555555556,1
"moreno-martinez",99,"escape_from_the_zoo",18,58.0645161290323,"zebra","zebras",0.0555555555555556,1
"DR2",73.8095238,"flowerman",13,41.9354838709677,"bricks","brick",0.0555555555555556,1
"DR2",73.8095238,"wanderer",9,29.0322580645161,"bricks","brick",0.0555555555555556,1
"DR2",92.9,"arrival_4",14,45.1612903225806,"bride","bridge",0.0555555555555556,NA
"DR2",92.9,"campsite",21,67.741935483871,"bride","bridge",0.0555555555555556,NA
"DR2",92.9,"flowerman",25,80.6451612903226,"bride","bridge",0.0555555555555556,NA
"DR2",92.9,"journey",18,58.0645161290323,"bride","bridge",0.0555555555555556,NA
"DR2",92.9,"make_a_splash",13,41.9354838709677,"bride","bridge",0.0555555555555556,NA
"DR2",92.9,"quest",29,93.5483870967742,"bride","bridge",0.0555555555555556,NA
"DR2",92.9,"return",19,61.2903225806452,"bride","bridge",0.0555555555555556,NA
"DR2",92.9,"wanderer",19,61.2903225806452,"bride","bridge",0.0555555555555556,NA
"DR2",72.7,"journey",18,58.0645161290323,"paper","papers",0.0555555555555556,1
"DR2",99.9,"airport",9,29.0322580645161,"stairs","stair",0.0555555555555556,1
"DR2",99.9,"arrival_4",8,25.8064516129032,"stairs","stair",0.0555555555555556,1
"DR2",99.9,"arrival_5",12,38.7096774193548,"stairs","stair",0.0555555555555556,1
"DR2",99.9,"arrival_6",16,51.6129032258064,"stairs","stair",0.0555555555555556,1
"DR2",99.9,"exhibit_12",15,48.3870967741936,"stairs","stair",0.0555555555555556,1
"DR2",99.9,"return",19,61.2903225806452,"stairs","stair",0.0555555555555556,1
"DR2",99.9,"wanderer",16,51.6129032258064,"stairs","stair",0.0555555555555556,1
"DR2",97.1428571,"airport",13,41.9354838709677,"waiter","water",0.0555555555555556,NA
"DR2",97.1428571,"arrival_2",14,45.1612903225806,"waiter","water",0.0555555555555556,NA
"DR2",97.1428571,"arrival_4",9,29.0322580645161,"waiter","water",0.0555555555555556,NA
"DR2",97.1428571,"arrival_5",18,58.0645161290323,"waiter","water",0.0555555555555556,NA
"DR2",97.1428571,"being_a_pirate",25,80.6451612903226,"waiter","water",0.0555555555555556,NA
"DR2",97.1428571,"birthday_party_fun",20,64.5161290322581,"waiter","water",0.0555555555555556,NA
"DR2",97.1428571,"by_the_lake",27,87.0967741935484,"waiter","water",0.0555555555555556,NA
"DR2",97.1428571,"campsite",16,51.6129032258064,"waiter","water",0.0555555555555556,NA
"DR2",97.1428571,"deep_sea_divers",28,90.3225806451613,"waiter","water",0.0555555555555556,NA
"DR2",97.1428571,"escape_from_the_zoo",15,48.3870967741936,"waiter","water",0.0555555555555556,NA
"DR2",97.1428571,"flowerman",21,67.741935483871,"waiter","water",0.0555555555555556,NA
"DR2",97.1428571,"journey",26,83.8709677419355,"waiter","water",0.0555555555555556,NA
"DR2",97.1428571,"make_a_splash",28,90.3225806451613,"waiter","water",0.0555555555555556,NA
"DR2",97.1428571,"picture_this",12,38.7096774193548,"waiter","water",0.0555555555555556,NA
"DR2",97.1428571,"quest",29,93.5483870967742,"waiter","water",0.0555555555555556,NA
"DR2",97.1428571,"return",26,83.8709677419355,"waiter","water",0.0555555555555556,NA
"DR2",97.1428571,"unfriendly_giants",21,67.741935483871,"waiter","water",0.0555555555555556,NA
"DR2",97.1428571,"waldo_1",13,41.9354838709677,"waiter","water",0.0555555555555556,NA
"DR2",97.1428571,"wanderer",28,90.3225806451613,"waiter","water",0.0555555555555556,NA
"boss",100,"arrival_1",16,51.6129032258064,"feather","father",0.0476190476190477,NA
"boss",100,"arrival_4",17,54.8387096774194,"feather","father",0.0476190476190477,NA
"boss",100,"arrival_5",9,29.0322580645161,"feather","father",0.0476190476190477,NA
"boss",100,"arrival_6",12,38.7096774193548,"feather","father",0.0476190476190477,NA
"boss",100,"journey",12,38.7096774193548,"feather","father",0.0476190476190477,NA
"boss",100,"return",13,41.9354838709677,"feather","father",0.0476190476190477,NA
"DR2",93.3333333,"wanderer",8,25.8064516129032,"stoplight","spotlight",0.0370370370370371,NA
"DR2",100,"escape_from_the_zoo",25,80.6451612903226,"rhinoceros","rhinocero",0.0333333333333334,1
"DR2",100,"quest",26,83.8709677419355,"rhinoceros","rhinocero",0.0333333333333334,1
"DR2",90,"escape_from_the_zoo",13,40.625,"icecreamcone","icecream cone",0.0256410256410255,1
"DR2",90,"dinosaurs_spacemen_and_ghouls",8,25,"icecreamcone","icecream cone",0.0256410256410255,1
"boss",87,"airport",24,77.4193548387097,"balloon","balloon",0,NA
"boss",87,"arrival_6",16,51.6129032258064,"balloon","balloon",0,NA
"boss",87,"birthday_party_fun",17,54.8387096774194,"balloon","balloon",0,NA
"boss",87,"journey",28,90.3225806451613,"balloon","balloon",0,NA
"boss",87,"quest",11,35.4838709677419,"balloon","balloon",0,NA
"boss",87,"return",13,41.9354838709677,"balloon","balloon",0,NA
"boss",95,"arrival_1",10,32.258064516129,"belt","belt",0,NA
"boss",95,"quest",16,51.6129032258064,"belt","belt",0,NA
"boss",95,"unfriendly_giants",18,58.0645161290323,"belt","belt",0,NA
"boss",90,"arrival_2",19,61.2903225806452,"book","book",0,NA
"boss",90,"arrival_3",26,83.8709677419355,"book","book",0,NA
"boss",90,"arrival_4",29,93.5483870967742,"book","book",0,NA
"boss",90,"journey",13,41.9354838709677,"book","book",0,NA
"boss",90,"picture_this",8,25.8064516129032,"book","book",0,NA
"boss",82,"arrival_1",22,70.9677419354839,"boot","boot",0,NA
"boss",82,"arrival_6",24,77.4193548387097,"boot","boot",0,NA
"boss",85,"arrival_1",19,61.2903225806452,"bowl","bowl",0,NA
"boss",85,"arrival_2",8,25.8064516129032,"bowl","bowl",0,NA
"boss",85,"arrival_4",13,41.9354838709677,"bowl","bowl",0,NA
"boss",85,"arrival_5",21,67.741935483871,"bowl","bowl",0,NA
"boss",85,"arrival_6",20,64.5161290322581,"bowl","bowl",0,NA
"boss",100,"flowerman",13,41.9354838709677,"brick","brick",0,NA
"boss",100,"wanderer",9,29.0322580645161,"brick","brick",0,NA
"boss",82,"dinosaurs_spacemen_and_ghouls",16,51.6129032258064,"camera","camera",0,NA
"boss",92,"arrival_1",26,83.8709677419355,"clock","clock",0,NA
"boss",92,"arrival_3",17,54.8387096774194,"clock","clock",0,NA
"boss",92,"flowerman",12,38.7096774193548,"clock","clock",0,NA
"boss",82,"journey",14,45.1612903225806,"crayon","crayon",0,NA
"boss",82,"quest",17,54.8387096774194,"crayon","crayon",0,NA
"boss",82,"return",19,61.2903225806452,"crayon","crayon",0,NA
"boss",100,"arrival_6",27,87.0967741935484,"envelope","envelope",0,NA
"boss",100,"return",20,64.5161290322581,"feather","feather",0,NA
"boss",100,"unfriendly_giants",13,41.9354838709677,"hammer","hammer",0,NA
"boss",97,"arrival_4",9,29.0322580645161,"key","key",0,NA
"boss",97,"quest",28,90.3225806451613,"key","key",0,NA
"boss",87,"ancient_rome",10,32.258064516129,"knife","knife",0,NA
"boss",92,"arrival_6",14,45.1612903225806,"lamp","lamp",0,NA
"boss",92,"flowerman",8,25.8064516129032,"lamp","lamp",0,NA
"boss",92,"journey",13,41.9354838709677,"lamp","lamp",0,NA
"boss",92,"return",10,32.258064516129,"lamp","lamp",0,NA
"boss",92,"wanderer",8,25.8064516129032,"lamp","lamp",0,NA
"boss",97,"arrival_6",23,74.1935483870968,"leaf","leaf",0,NA
"boss",74,"exhibit_12",18,58.0645161290323,"level","level",0,NA
"boss",74,"journey",15,48.3870967741936,"level","level",0,NA
"boss",77,"arrival_4",18,58.0645161290323,"shoe","shoe",0,NA
"boss",77,"arrival_6",9,29.0322580645161,"shoe","shoe",0,NA
"boss",77,"waldo_1",9,29.0322580645161,"shoe","shoe",0,NA
"boss",82,"journey",13,41.9354838709677,"marker","marker",0,NA
"boss",82,"return",10,32.258064516129,"marker","marker",0,NA
"boss",100,"make_a_splash",9,29.0322580645161,"mushroom","mushroom",0,NA
"boss",100,"quest",13,41.9354838709677,"orange","orange",0,NA
"boss",90,"arrival_6",15,48.3870967741936,"pen","pen",0,NA
"boss",90,"journey",9,29.0322580645161,"pen","pen",0,NA
"boss",90,"return",9,29.0322580645161,"pen","pen",0,NA
"boss",84,"arrival_6",10,32.258064516129,"plant","plant",0,NA
"boss",84,"return",11,35.4838709677419,"plant","plant",0,NA
"boss",84,"waldo_1",19,61.2903225806452,"plant","plant",0,NA
"boss",84,"wanderer",18,58.0645161290323,"plant","plant",0,NA
"boss",92,"arrival_5",14,45.1612903225806,"plate","plate",0,NA
"boss",100,"ancient_rome",10,32.258064516129,"ring","ring",0,NA
"boss",100,"picture_this",9,29.0322580645161,"ring","ring",0,NA
"boss",86,"arrival_5",16,51.6129032258064,"rope","rope",0,NA
"boss",86,"being_a_pirate",8,25.8064516129032,"rope","rope",0,NA
"boss",86,"dinosaurs_spacemen_and_ghouls",9,29.0322580645161,"rope","rope",0,NA
"boss",86,"quest",22,70.9677419354839,"rope","rope",0,NA
"boss",86,"unfriendly_giants",19,61.2903225806452,"rope","rope",0,NA
"boss",86,"wanderer",12,38.7096774193548,"rope","rope",0,NA
"boss",95,"arrival_1",10,32.258064516129,"scarf","scarf",0,NA
"boss",95,"flowerman",9,29.0322580645161,"scarf","scarf",0,NA
"boss",100,"wanderer",9,29.0322580645161,"scissors","scissors",0,NA
"boss",92,"arrival_1",21,67.741935483871,"spoon","spoon",0,NA
"boss",83,"unfriendly_giants",21,67.741935483871,"straw","straw",0,NA
"boss",81,"arrival_3",18,58.0645161290323,"basket","basket",0,NA
"boss",81,"arrival_4",26,83.8709677419355,"basket","basket",0,NA
"boss",81,"arrival_5",22,70.9677419354839,"basket","basket",0,NA
"boss",81,"arrival_6",15,48.3870967741936,"basket","basket",0,NA
"boss",81,"journey",12,38.7096774193548,"basket","basket",0,NA
"boss",100,"arrival_4",9,29.0322580645161,"strawberry","strawberry",0,NA
"boss, DR2",100,"by_the_lake",11,35.4838709677419,"umbrella","umbrella",0,NA
"boss, DR2",100,"flowerman",10,32.258064516129,"umbrella","umbrella",0,NA
"boss, DR2",100,"picture_this",9,29.0322580645161,"umbrella","umbrella",0,NA
"boss, DR2",100,"wanderer",8,25.8064516129032,"umbrella","umbrella",0,NA
"boss",84,"arrival_4",9,29.0322580645161,"vase","vase",0,NA
"boss",84,"arrival_5",8,25.8064516129032,"vase","vase",0,NA
"boss",84,"arrival_6",8,25.8064516129032,"vase","vase",0,NA
"boss",97,"arrival_3",16,51.6129032258064,"violin","violin",0,NA
"boss",97,"waldo_1",8,25.8064516129032,"violin","violin",0,NA
"boss",82,"flowerman",18,58.0645161290323,"wheel","wheel",0,NA
"boss",82,"journey",20,64.5161290322581,"wheel","wheel",0,NA
"boss",82,"quest",15,48.3870967741936,"wheel","wheel",0,NA
"boss",82,"wanderer",12,38.7096774193548,"wheel","wheel",0,NA
"brodeur, moreno-martinez",97,"arrival_3",13,41.9354838709677,"accordion","accordion",0,NA
"brodeur, moreno-martinez",97,"arrival_5",18,58.0645161290323,"accordion","accordion",0,NA
"brodeur",71,"by_the_lake",11,35.4838709677419,"guitar","guitar",0,NA
"brodeur",71,"campsite",11,35.4838709677419,"guitar","guitar",0,NA
"brodeur",95,"airport",17,54.8387096774194,"elephant","elephant",0,NA
"brodeur",95,"birthday_party_fun",10,32.258064516129,"elephant","elephant",0,NA
"brodeur",95,"escape_from_the_zoo",22,70.9677419354839,"elephant","elephant",0,NA
"brodeur",95,"make_a_splash",20,64.5161290322581,"elephant","elephant",0,NA
"brodeur",95,"quest",8,25.8064516129032,"elephant","elephant",0,NA
"brodeur",95,"wanderer",21,67.741935483871,"elephant","elephant",0,NA
"brodeur",93,"flowerman",9,29.0322580645161,"anchor","anchor",0,NA
"brodeur",93,"wanderer",16,51.6129032258064,"anchor","anchor",0,NA
"brodeur",95,"arrival_5",8,25.8064516129032,"apron","apron",0,NA
"brodeur",95,"arrival_5",18,58.0645161290323,"banjo","banjo",0,NA
"brodeur",81,"arrival_1",11,35.4838709677419,"bed","bed",0,NA
"brodeur",81,"arrival_3",22,70.9677419354839,"bed","bed",0,NA
"brodeur",81,"arrival_5",14,45.1612903225806,"bed","bed",0,NA
"brodeur",81,"arrival_6",22,70.9677419354839,"bed","bed",0,NA
"brodeur",81,"journey",21,67.741935483871,"bed","bed",0,NA
"brodeur",81,"return",14,45.1612903225806,"bed","bed",0,NA
"brodeur",76,"arrival_4",15,48.3870967741936,"bench","bench",0,NA
"brodeur",76,"quest",20,64.5161290322581,"bench","bench",0,NA
"brodeur",90,"arrival_4",14,45.1612903225806,"bridge","bridge",0,NA
"brodeur",90,"campsite",21,67.741935483871,"bridge","bridge",0,NA
"brodeur",90,"flowerman",25,80.6451612903226,"bridge","bridge",0,NA
"brodeur",90,"journey",18,58.0645161290323,"bridge","bridge",0,NA
"brodeur",90,"make_a_splash",13,41.9354838709677,"bridge","bridge",0,NA
"brodeur",90,"quest",29,93.5483870967742,"bridge","bridge",0,NA
"brodeur",90,"return",19,61.2903225806452,"bridge","bridge",0,NA
"brodeur",90,"wanderer",19,61.2903225806452,"bridge","bridge",0,NA
"brodeur",88,"campsite",24,77.4193548387097,"bull","bull",0,NA
"brodeur",93,"picture_this",14,45.1612903225806,"cactus","cactus",0,NA
"brodeur",88,"arrival_3",25,80.6451612903226,"cat","cat",0,NA
"brodeur",88,"arrival_4",24,77.4193548387097,"cat","cat",0,NA
"brodeur",88,"arrival_5",26,83.8709677419355,"cat","cat",0,NA
"brodeur",88,"flowerman",13,41.9354838709677,"cat","cat",0,NA
"brodeur",88,"journey",28,90.3225806451613,"cat","cat",0,NA
"brodeur",88,"return",15,48.3870967741936,"cat","cat",0,NA
"brodeur",88,"wanderer",25,80.6451612903226,"cat","cat",0,NA
"brodeur",88,"arrival_1",8,25.8064516129032,"chair","chair",0,NA
"brodeur",88,"arrival_3",8,25.8064516129032,"chair","chair",0,NA
"brodeur",88,"flowerman",9,29.0322580645161,"chair","chair",0,NA
"brodeur",88,"journey",13,41.9354838709677,"chair","chair",0,NA
"brodeur",88,"return",14,45.1612903225806,"chair","chair",0,NA
"brodeur",86,"arrival_4",16,51.6129032258064,"chimney","chimney",0,NA
"brodeur",86,"arrival_6",10,32.258064516129,"chimney","chimney",0,NA
"brodeur",86,"flowerman",15,48.3870967741936,"chimney","chimney",0,NA
"brodeur",95,"flowerman",10,32.258064516129,"cloud","cloud",0,NA
"brodeur",95,"journey",18,58.0645161290323,"cloud","cloud",0,NA
"brodeur",95,"wanderer",16,51.6129032258064,"cloud","cloud",0,NA
"brodeur",82,"arrival_4",10,32.258064516129,"shrimp","shrimp",0,NA
"brodeur",98,"wanderer",9,29.0322580645161,"crab","crab",0,NA
"brodeur",88,"quest",29,93.5483870967742,"crown","crown",0,NA
"brodeur",88,"return",23,74.1935483870968,"crown","crown",0,NA
"brodeur",95,"birthday_party_fun",11,35.4838709677419,"cupcake","cupcake",0,NA
"brodeur",86,"flowerman",8,25.8064516129032,"curtain","curtain",0,NA
"brodeur",82,"arrival_1",9,29.0322580645161,"window","window",0,NA
"brodeur",82,"arrival_3",10,32.258064516129,"window","window",0,NA
"brodeur",82,"arrival_4",8,25.8064516129032,"window","window",0,NA
"brodeur",82,"arrival_5",15,48.3870967741936,"window","window",0,NA
"brodeur",82,"arrival_6",25,80.6451612903226,"window","window",0,NA
"brodeur",82,"flowerman",27,87.0967741935484,"window","window",0,NA
"brodeur",82,"journey",12,38.7096774193548,"window","window",0,NA
"brodeur",82,"waldo_1",29,93.5483870967742,"window","window",0,NA
"brodeur",82,"wanderer",16,51.6129032258064,"window","window",0,NA
"brodeur",76,"quest",22,70.9677419354839,"dragonfly","dragonfly",0,NA
"brodeur",76,"return",9,29.0322580645161,"dragonfly","dragonfly",0,NA
"brodeur",98,"picture_this",9,29.0322580645161,"camel","camel",0,NA
"brodeur",71,"arrival_2",15,48.3870967741936,"gate","gate",0,NA
"brodeur",76,"arrival_1",18,58.0645161290323,"eye","eye",0,NA
"brodeur",76,"arrival_2",8,25.8064516129032,"eye","eye",0,NA
"brodeur",76,"arrival_4",14,45.1612903225806,"eye","eye",0,NA
"brodeur",76,"arrival_5",11,35.4838709677419,"eye","eye",0,NA
"brodeur",76,"deep_sea_divers",9,29.0322580645161,"eye","eye",0,NA
"brodeur",76,"flowerman",10,32.258064516129,"eye","eye",0,NA
"brodeur",76,"picture_this",8,25.8064516129032,"eye","eye",0,NA
"brodeur",76,"quest",8,25.8064516129032,"eye","eye",0,NA
"brodeur",76,"return",13,41.9354838709677,"eye","eye",0,NA
"brodeur",76,"wanderer",26,83.8709677419355,"eye","eye",0,NA
"brodeur",72,"wanderer",9,28.125,"fishingrod","fishingrod",0,NA
"brodeur",71,"airport",16,51.6129032258064,"flag","flag",0,NA
"brodeur",71,"being_a_pirate",23,74.1935483870968,"flag","flag",0,NA
"brodeur",71,"wanderer",13,41.9354838709677,"flag","flag",0,NA
"brodeur, DR2",100,"escape_from_the_zoo",26,83.8709677419355,"giraffe","giraffe",0,NA
"brodeur",100,"arrival_4",8,25.8064516129032,"owl","owl",0,NA
"brodeur",100,"arrival_5",16,51.6129032258064,"owl","owl",0,NA
"brodeur",81,"ancient_rome",12,38.7096774193548,"hand","hand",0,NA
"brodeur",81,"arrival_1",29,93.5483870967742,"hand","hand",0,NA
"brodeur",81,"arrival_2",26,83.8709677419355,"hand","hand",0,NA
"brodeur",81,"arrival_3",20,64.5161290322581,"hand","hand",0,NA
"brodeur",81,"arrival_4",24,77.4193548387097,"hand","hand",0,NA
"brodeur",81,"arrival_5",22,70.9677419354839,"hand","hand",0,NA
"brodeur",81,"arrival_6",22,70.9677419354839,"hand","hand",0,NA
"brodeur",81,"being_a_pirate",8,25.8064516129032,"hand","hand",0,NA
"brodeur",81,"birthday_party_fun",9,29.0322580645161,"hand","hand",0,NA
"brodeur",81,"by_the_lake",13,41.9354838709677,"hand","hand",0,NA
"brodeur",81,"deep_sea_divers",11,35.4838709677419,"hand","hand",0,NA
"brodeur",81,"dinosaurs_spacemen_and_ghouls",15,48.3870967741936,"hand","hand",0,NA
"brodeur",81,"escape_from_the_zoo",9,29.0322580645161,"hand","hand",0,NA
"brodeur",81,"flowerman",20,64.5161290322581,"hand","hand",0,NA
"brodeur",81,"journey",24,77.4193548387097,"hand","hand",0,NA
"brodeur",81,"picture_this",25,80.6451612903226,"hand","hand",0,NA
"brodeur",81,"quest",23,74.1935483870968,"hand","hand",0,NA
"brodeur",81,"return",24,77.4193548387097,"hand","hand",0,NA
"brodeur",81,"unfriendly_giants",11,35.4838709677419,"hand","hand",0,NA
"brodeur",81,"waldo_1",9,29.0322580645161,"hand","hand",0,NA
"brodeur",81,"wanderer",24,77.4193548387097,"hand","hand",0,NA
"brodeur",81,"wild_west",12,38.7096774193548,"hand","hand",0,NA
"brodeur",90,"airport",18,58.0645161290323,"helicopter","helicopter",0,NA
"brodeur, brodeur",89,"arrival_6",25,80.6451612903226,"flower","flower",0,NA
"brodeur, brodeur",89,"campsite",11,35.4838709677419,"flower","flower",0,NA
"brodeur, brodeur",89,"flowerman",28,90.3225806451613,"flower","flower",0,NA
"brodeur, brodeur",89,"unfriendly_giants",18,58.0645161290323,"flower","flower",0,NA
"brodeur, brodeur",89,"wanderer",13,41.9354838709677,"flower","flower",0,NA
"brodeur",100,"ancient_rome",27,87.0967741935484,"horse","horse",0,NA
"brodeur",100,"exhibit_12",12,38.7096774193548,"horse","horse",0,NA
"brodeur",100,"flowerman",11,35.4838709677419,"horse","horse",0,NA
"brodeur",100,"return",14,45.1612903225806,"horse","horse",0,NA
"brodeur",100,"wanderer",28,90.3225806451613,"horse","horse",0,NA
"brodeur",100,"wild_west",26,83.8709677419355,"horse","horse",0,NA
"brodeur",73,"campsite",8,25.8064516129032,"trailer","trailer",0,NA
"brodeur",74,"escape_from_the_zoo",19,59.375,"hotdog","hotdog",0,NA
"brodeur",88,"arrival_2",9,29.0322580645161,"rabbit","rabbit",0,NA
"brodeur",88,"arrival_3",9,29.0322580645161,"rabbit","rabbit",0,NA
"brodeur",95,"wanderer",24,77.4193548387097,"jellyfish","jellyfish",0,NA
"brodeur",98,"by_the_lake",12,38.7096774193548,"kite","kite",0,NA
"brodeur",98,"journey",24,77.4193548387097,"kite","kite",0,NA
"brodeur",98,"return",28,90.3225806451613,"kite","kite",0,NA
"brodeur",98,"wanderer",22,70.9677419354839,"kite","kite",0,NA
"brodeur",98,"flowerman",16,50,"lawnmower","lawnmower",0,NA
"brodeur, brodeur",89,"arrival_6",25,80.6451612903226,"flower","flower",0,NA
"brodeur, brodeur",89,"campsite",11,35.4838709677419,"flower","flower",0,NA
"brodeur, brodeur",89,"flowerman",28,90.3225806451613,"flower","flower",0,NA
"brodeur, brodeur",89,"unfriendly_giants",18,58.0645161290323,"flower","flower",0,NA
"brodeur, brodeur",89,"wanderer",13,41.9354838709677,"flower","flower",0,NA
"brodeur",88,"ancient_rome",26,83.8709677419355,"lion","lion",0,NA
"brodeur",88,"birthday_party_fun",15,48.3870967741936,"lion","lion",0,NA
"brodeur",88,"escape_from_the_zoo",24,77.4193548387097,"lion","lion",0,NA
"brodeur",88,"wanderer",10,32.258064516129,"lion","lion",0,NA
"brodeur, DR2",100,"arrival_6",17,54.8387096774194,"mailbox","mailbox",0,NA
"brodeur, DR2",100,"journey",24,77.4193548387097,"mailbox","mailbox",0,NA
"brodeur",86,"dinosaurs_spacemen_and_ghouls",19,61.2903225806452,"mummy","mummy",0,NA
"brodeur",88,"airport",8,25.8064516129032,"nose","nose",0,NA
"brodeur",88,"deep_sea_divers",9,29.0322580645161,"nose","nose",0,NA
"brodeur",88,"wanderer",15,48.3870967741936,"nose","nose",0,NA
"brodeur",71,"exhibit_12",10,32.258064516129,"painting","painting",0,NA
"brodeur",71,"flowerman",14,45.1612903225806,"painting","painting",0,NA
"brodeur",90,"birthday_party_fun",9,29.0322580645161,"pig","pig",0,NA
"brodeur",87,"escape_from_the_zoo",23,74.1935483870968,"flamingo","flamingo",0,NA
"brodeur",83,"flowerman",9,29.0322580645161,"pipe","pipe",0,NA
"brodeur",83,"return",8,25.8064516129032,"pipe","pipe",0,NA
"brodeur",83,"wanderer",17,54.8387096774194,"pipe","pipe",0,NA
"brodeur",74,"being_a_pirate",10,31.25,"pirateflag","pirateflag",0,NA
"brodeur",90,"escape_from_the_zoo",27,84.375,"polarbear","polarbear",0,NA
"brodeur",73,"escape_from_the_zoo",12,38.7096774193548,"monkey","monkey",0,NA
"brodeur",90,"arrival_4",23,74.1935483870968,"fish","fish",0,NA
"brodeur",90,"arrival_5",23,74.1935483870968,"fish","fish",0,NA
"brodeur",90,"campsite",11,35.4838709677419,"fish","fish",0,NA
"brodeur",90,"deep_sea_divers",29,93.5483870967742,"fish","fish",0,NA
"brodeur",90,"picture_this",19,61.2903225806452,"fish","fish",0,NA
"brodeur",90,"quest",17,54.8387096774194,"fish","fish",0,NA
"brodeur",90,"return",18,58.0645161290323,"fish","fish",0,NA
"brodeur",90,"wanderer",28,90.3225806451613,"fish","fish",0,NA
"brodeur",95,"by_the_lake",19,61.2903225806452,"sandcastle","sandcastle",0,NA
"brodeur",90,"flowerman",14,45.1612903225806,"scooter","scooter",0,NA
"brodeur",90,"journey",24,77.4193548387097,"scooter","scooter",0,NA
"brodeur",88,"wanderer",21,67.741935483871,"seal","seal",0,NA
"brodeur, DR2",100,"journey",9,29.0322580645161,"skateboard","skateboard",0,NA
"brodeur",75,"ancient_rome",8,25.8064516129032,"spear","spear",0,NA
"brodeur",75,"journey",8,25.8064516129032,"spear","spear",0,NA
"brodeur",75,"quest",17,54.8387096774194,"spear","spear",0,NA
"brodeur",88,"quest",10,32.258064516129,"squid","squid",0,NA
"brodeur",88,"wanderer",10,32.258064516129,"squid","squid",0,NA
"brodeur",100,"arrival_5",8,25.8064516129032,"wrench","wrench",0,NA
"brodeur",98,"quest",25,80.6451612903226,"swing","swing",0,NA
"brodeur",83,"deep_sea_divers",10,32.258064516129,"swordfish","swordfish",0,NA
"brodeur",83,"wanderer",11,35.4838709677419,"swordfish","swordfish",0,NA
"brodeur",81,"arrival_1",19,61.2903225806452,"table","table",0,NA
"brodeur",81,"arrival_5",24,77.4193548387097,"table","table",0,NA
"brodeur",81,"arrival_6",22,70.9677419354839,"table","table",0,NA
"brodeur",81,"birthday_party_fun",24,77.4193548387097,"table","table",0,NA
"brodeur",81,"by_the_lake",8,25.8064516129032,"table","table",0,NA
"brodeur",81,"dinosaurs_spacemen_and_ghouls",11,35.4838709677419,"table","table",0,NA
"brodeur",81,"flowerman",8,25.8064516129032,"table","table",0,NA
"brodeur",81,"journey",10,32.258064516129,"table","table",0,NA
"brodeur",81,"return",14,45.1612903225806,"table","table",0,NA
"brodeur",81,"waldo_1",9,29.0322580645161,"table","table",0,NA
"brodeur",90,"campsite",28,90.3225806451613,"tent","tent",0,NA
"brodeur",90,"flowerman",12,38.7096774193548,"tent","tent",0,NA
"brodeur",95,"arrival_6",17,54.8387096774194,"tree","tree",0,NA
"brodeur",95,"being_a_pirate",19,61.2903225806452,"tree","tree",0,NA
"brodeur",95,"birthday_party_fun",16,51.6129032258064,"tree","tree",0,NA
"brodeur",95,"campsite",8,25.8064516129032,"tree","tree",0,NA
"brodeur",95,"dinosaurs_spacemen_and_ghouls",17,54.8387096774194,"tree","tree",0,NA
"brodeur",95,"escape_from_the_zoo",21,67.741935483871,"tree","tree",0,NA
"brodeur",95,"flowerman",26,83.8709677419355,"tree","tree",0,NA
"brodeur",95,"journey",29,93.5483870967742,"tree","tree",0,NA
"brodeur",95,"make_a_splash",10,32.258064516129,"tree","tree",0,NA
"brodeur",95,"picture_this",24,77.4193548387097,"tree","tree",0,NA
"brodeur",95,"quest",26,83.8709677419355,"tree","tree",0,NA
"brodeur",95,"return",23,74.1935483870968,"tree","tree",0,NA
"brodeur",95,"unfriendly_giants",26,83.8709677419355,"tree","tree",0,NA
"brodeur",95,"wanderer",26,83.8709677419355,"tree","tree",0,NA
"brodeur",79,"waldo_1",14,45.1612903225806,"triangle","triangle",0,NA
"brodeur",76,"by_the_lake",19,61.2903225806452,"volleyball","volleyball",0,NA
"brodeur",95,"journey",24,77.4193548387097,"waterfall","waterfall",0,NA
"brodeur",95,"quest",18,58.0645161290323,"waterfall","waterfall",0,NA
"brodeur, DR2",100,"unfriendly_giants",25,80.6451612903226,"windmill","windmill",0,NA
"moreno-martinez",96,"arrival_1",8,25.8064516129032,"arm","arm",0,NA
"moreno-martinez",96,"arrival_2",17,54.8387096774194,"arm","arm",0,NA
"moreno-martinez",96,"arrival_3",11,35.4838709677419,"arm","arm",0,NA
"moreno-martinez",96,"arrival_4",15,48.3870967741936,"arm","arm",0,NA
"moreno-martinez",96,"journey",14,45.1612903225806,"arm","arm",0,NA
"moreno-martinez",96,"quest",9,29.0322580645161,"arm","arm",0,NA
"moreno-martinez",96,"return",19,61.2903225806452,"arm","arm",0,NA
"moreno-martinez",96,"wanderer",15,48.3870967741936,"arm","arm",0,NA
"moreno-martinez",94,"arrival_3",13,41.9354838709677,"arrow","arrow",0,NA
"moreno-martinez",94,"deep_sea_divers",16,51.6129032258064,"arrow","arrow",0,NA
"moreno-martinez",94,"waldo_1",10,32.258064516129,"arrow","arrow",0,NA
"moreno-martinez",89,"by_the_lake",13,41.9354838709677,"ball","ball",0,NA
"moreno-martinez",89,"flowerman",10,32.258064516129,"ball","ball",0,NA
"moreno-martinez",89,"journey",15,48.3870967741936,"ball","ball",0,NA
"moreno-martinez",89,"make_a_splash",10,32.258064516129,"ball","ball",0,NA
"moreno-martinez",89,"return",24,77.4193548387097,"ball","ball",0,NA
"moreno-martinez",89,"wanderer",10,32.258064516129,"ball","ball",0,NA
"moreno-martinez",96,"birthday_party_fun",14,45.1612903225806,"bat","bat",0,NA
"moreno-martinez",96,"wanderer",10,32.258064516129,"bat","bat",0,NA
"moreno-martinez",73,"arrival_4",8,25.8064516129032,"bit","bit",0,NA
"moreno-martinez",73,"arrival_5",8,25.8064516129032,"bit","bit",0,NA
"moreno-martinez",73,"arrival_6",9,29.0322580645161,"bit","bit",0,NA
"moreno-martinez",73,"flowerman",16,51.6129032258064,"bit","bit",0,NA
"moreno-martinez",73,"journey",10,32.258064516129,"bit","bit",0,NA
"moreno-martinez",73,"quest",8,25.8064516129032,"bit","bit",0,NA
"moreno-martinez",73,"return",9,29.0322580645161,"bit","bit",0,NA
"moreno-martinez",73,"wanderer",15,48.3870967741936,"bit","bit",0,NA
"moreno-martinez",86,"arrival_2",28,90.3225806451613,"boat","boat",0,NA
"moreno-martinez",86,"arrival_4",27,87.0967741935484,"boat","boat",0,NA
"moreno-martinez",86,"arrival_5",25,80.6451612903226,"boat","boat",0,NA
"moreno-martinez",86,"arrival_6",12,38.7096774193548,"boat","boat",0,NA
"moreno-martinez",86,"being_a_pirate",28,90.3225806451613,"boat","boat",0,NA
"moreno-martinez",86,"by_the_lake",26,83.8709677419355,"boat","boat",0,NA
"moreno-martinez",86,"campsite",23,74.1935483870968,"boat","boat",0,NA
"moreno-martinez",86,"deep_sea_divers",28,90.3225806451613,"boat","boat",0,NA
"moreno-martinez",86,"journey",29,93.5483870967742,"boat","boat",0,NA
"moreno-martinez",86,"make_a_splash",8,25.8064516129032,"boat","boat",0,NA
"moreno-martinez",86,"quest",28,90.3225806451613,"boat","boat",0,NA
"moreno-martinez",86,"return",27,87.0967741935484,"boat","boat",0,NA
"moreno-martinez",86,"wanderer",28,90.3225806451613,"boat","boat",0,NA
"moreno-martinez",99,"arrival_1",10,32.258064516129,"bow","bow",0,NA
"moreno-martinez",99,"flowerman",10,32.258064516129,"bow","bow",0,NA
"moreno-martinez",99,"waldo_1",11,35.4838709677419,"bow","bow",0,NA
"moreno-martinez",76,"airport",22,70.9677419354839,"bus","bus",0,NA
"moreno-martinez",99,"return",14,45.1612903225806,"butterfly","butterfly",0,NA
"moreno-martinez",98,"being_a_pirate",21,67.741935483871,"cannon","cannon",0,NA
"moreno-martinez",98,"make_a_splash",8,25.8064516129032,"cannon","cannon",0,NA
"moreno-martinez",93,"arrival_4",10,32.258064516129,"car","car",0,NA
"moreno-martinez",93,"flowerman",26,83.8709677419355,"car","car",0,NA
"moreno-martinez",93,"waldo_1",30,96.7741935483871,"car","car",0,NA
"moreno-martinez",75,"airport",13,41.9354838709677,"cart","cart",0,NA
"moreno-martinez",75,"arrival_3",18,58.0645161290323,"cart","cart",0,NA
"moreno-martinez",75,"arrival_5",13,41.9354838709677,"cart","cart",0,NA
"moreno-martinez",75,"flowerman",16,51.6129032258064,"cart","cart",0,NA
"moreno-martinez",96,"airport",9,29.0322580645161,"coat","coat",0,NA
"moreno-martinez",96,"arrival_1",11,35.4838709677419,"coat","coat",0,NA
"moreno-martinez",96,"arrival_4",8,25.8064516129032,"coat","coat",0,NA
"moreno-martinez",96,"arrival_5",9,29.0322580645161,"coat","coat",0,NA
"moreno-martinez",96,"arrival_6",9,29.0322580645161,"coat","coat",0,NA
"moreno-martinez",96,"flowerman",12,38.7096774193548,"coat","coat",0,NA
"moreno-martinez",96,"journey",8,25.8064516129032,"coat","coat",0,NA
"moreno-martinez",96,"wild_west",8,25.8064516129032,"coat","coat",0,NA
"moreno-martinez",82,"arrival_1",22,70.9677419354839,"cup","cup",0,NA
"moreno-martinez",82,"arrival_2",9,29.0322580645161,"cup","cup",0,NA
"moreno-martinez",82,"arrival_5",8,25.8064516129032,"cup","cup",0,NA
"moreno-martinez",82,"arrival_6",24,77.4193548387097,"cup","cup",0,NA
"moreno-martinez",93,"campsite",11,35.4838709677419,"duck","duck",0,NA
"moreno-martinez",99,"arrival_1",10,32.258064516129,"ear","ear",0,NA
"moreno-martinez",99,"arrival_4",12,38.7096774193548,"ear","ear",0,NA
"moreno-martinez",90,"arrival_4",9,29.0322580645161,"finger","finger",0,NA
"moreno-martinez",90,"arrival_6",11,35.4838709677419,"finger","finger",0,NA
"moreno-martinez",90,"picture_this",9,29.0322580645161,"finger","finger",0,NA
"moreno-martinez",90,"quest",8,25.8064516129032,"finger","finger",0,NA
"moreno-martinez",90,"birthday_party_fun",16,51.6129032258064,"gun","gun",0,NA
"moreno-martinez",90,"make_a_splash",15,48.3870967741936,"gun","gun",0,NA
"moreno-martinez",90,"wanderer",9,29.0322580645161,"gun","gun",0,NA
"moreno-martinez",90,"wild_west",12,38.7096774193548,"gun","gun",0,NA
"moreno-martinez",82,"escape_from_the_zoo",8,25.8064516129032,"hippopotamus","hippopotamus",0,NA
"moreno-martinez",82,"picture_this",8,25.8064516129032,"hippopotamus","hippopotamus",0,NA
"moreno-martinez",93,"arrival_1",9,29.0322580645161,"house","house",0,NA
"moreno-martinez",93,"arrival_4",16,51.6129032258064,"house","house",0,NA
"moreno-martinez",93,"arrival_5",16,51.6129032258064,"house","house",0,NA
"moreno-martinez",93,"arrival_6",9,29.0322580645161,"house","house",0,NA
"moreno-martinez",93,"birthday_party_fun",14,45.1612903225806,"house","house",0,NA
"moreno-martinez",93,"by_the_lake",13,41.9354838709677,"house","house",0,NA
"moreno-martinez",93,"flowerman",28,90.3225806451613,"house","house",0,NA
"moreno-martinez",93,"journey",21,67.741935483871,"house","house",0,NA
"moreno-martinez",93,"return",22,70.9677419354839,"house","house",0,NA
"moreno-martinez",93,"unfriendly_giants",20,64.5161290322581,"house","house",0,NA
"moreno-martinez",93,"waldo_1",9,29.0322580645161,"house","house",0,NA
"moreno-martinez",93,"wanderer",22,70.9677419354839,"house","house",0,NA
"moreno-martinez",81,"wanderer",19,61.2903225806452,"iceberg","iceberg",0,NA
"moreno-martinez",84,"being_a_pirate",8,25.8064516129032,"island","island",0,NA
"moreno-martinez",84,"quest",19,61.2903225806452,"island","island",0,NA
"moreno-martinez",84,"wanderer",15,48.3870967741936,"island","island",0,NA
"moreno-martinez",95,"return",15,48.3870967741936,"moon","moon",0,NA
"moreno-martinez",95,"wanderer",24,77.4193548387097,"moon","moon",0,NA
"moreno-martinez",83,"by_the_lake",9,29.0322580645161,"mountain","mountain",0,NA
"moreno-martinez",83,"journey",13,41.9354838709677,"mountain","mountain",0,NA
"moreno-martinez",83,"quest",26,83.8709677419355,"mountain","mountain",0,NA
"moreno-martinez",83,"wanderer",8,25.8064516129032,"mountain","mountain",0,NA
"moreno-martinez",76,"arrival_4",10,32.258064516129,"mouth","mouth",0,NA
"moreno-martinez",76,"arrival_5",9,29.0322580645161,"mouth","mouth",0,NA
"moreno-martinez",76,"arrival_6",10,32.258064516129,"mouth","mouth",0,NA
"moreno-martinez",76,"make_a_splash",9,29.0322580645161,"mouth","mouth",0,NA
"moreno-martinez",76,"wanderer",16,51.6129032258064,"mouth","mouth",0,NA
"moreno-martinez",97,"journey",25,78.125,"palmtree","palmtree",0,NA
"moreno-martinez",97,"quest",24,75,"palmtree","palmtree",0,NA
"moreno-martinez",97,"picture_this",20,62.5,"palmtree","palmtree",0,NA
"moreno-martinez",97,"being_a_pirate",18,56.25,"palmtree","palmtree",0,NA
"moreno-martinez",97,"make_a_splash",8,25,"palmtree","palmtree",0,NA
"moreno-martinez",99,"birthday_party_fun",14,45.1612903225806,"penguin","penguin",0,NA
"moreno-martinez",99,"by_the_lake",11,35.4838709677419,"penguin","penguin",0,NA
"moreno-martinez",99,"escape_from_the_zoo",20,64.5161290322581,"penguin","penguin",0,NA
"moreno-martinez",99,"make_a_splash",12,38.7096774193548,"penguin","penguin",0,NA
"moreno-martinez",73,"dinosaurs_spacemen_and_ghouls",12,38.7096774193548,"pie","pie",0,NA
"moreno-martinez",84,"ancient_rome",15,48.3870967741936,"pyramid","pyramid",0,NA
"moreno-martinez",84,"by_the_lake",17,54.8387096774194,"pyramid","pyramid",0,NA
"moreno-martinez",84,"quest",13,41.9354838709677,"pyramid","pyramid",0,NA
"moreno-martinez",93,"being_a_pirate",13,41.9354838709677,"sea","sea",0,NA
"moreno-martinez",93,"deep_sea_divers",22,70.9677419354839,"sea","sea",0,NA
"moreno-martinez",93,"make_a_splash",9,29.0322580645161,"sea","sea",0,NA
"moreno-martinez",93,"quest",15,48.3870967741936,"sea","sea",0,NA
"moreno-martinez",93,"return",12,38.7096774193548,"sea","sea",0,NA
"moreno-martinez",93,"wanderer",27,87.0967741935484,"sea","sea",0,NA
"moreno-martinez",83,"wanderer",12,38.7096774193548,"seagull","seagull",0,NA
"moreno-martinez",96,"ancient_rome",17,54.8387096774194,"shield","shield",0,NA
"moreno-martinez",74,"arrival_1",19,61.2903225806452,"ship","ship",0,NA
"moreno-martinez",74,"arrival_2",24,77.4193548387097,"ship","ship",0,NA
"moreno-martinez",74,"arrival_4",17,54.8387096774194,"ship","ship",0,NA
"moreno-martinez",74,"arrival_6",9,29.0322580645161,"ship","ship",0,NA
"moreno-martinez",74,"being_a_pirate",29,93.5483870967742,"ship","ship",0,NA
"moreno-martinez",74,"dinosaurs_spacemen_and_ghouls",10,32.258064516129,"ship","ship",0,NA
"moreno-martinez",74,"journey",15,48.3870967741936,"ship","ship",0,NA
"moreno-martinez",74,"make_a_splash",23,74.1935483870968,"ship","ship",0,NA
"moreno-martinez",74,"quest",14,45.1612903225806,"ship","ship",0,NA
"moreno-martinez",74,"return",12,38.7096774193548,"ship","ship",0,NA
"moreno-martinez",74,"wanderer",26,83.8709677419355,"ship","ship",0,NA
"moreno-martinez",99,"arrival_4",9,29.0322580645161,"shirt","shirt",0,NA
"moreno-martinez",99,"arrival_5",17,54.8387096774194,"shirt","shirt",0,NA
"moreno-martinez",99,"flowerman",14,45.1612903225806,"shirt","shirt",0,NA
"moreno-martinez",99,"journey",8,25.8064516129032,"shirt","shirt",0,NA
"moreno-martinez",99,"picture_this",9,29.0322580645161,"shirt","shirt",0,NA
"moreno-martinez",99,"return",8,25.8064516129032,"shirt","shirt",0,NA
"moreno-martinez",99,"wanderer",15,48.3870967741936,"shirt","shirt",0,NA
"moreno-martinez",96,"arrival_4",26,83.8709677419355,"shovel","shovel",0,NA
"moreno-martinez",81,"by_the_lake",9,29.0322580645161,"ski","ski",0,NA
"moreno-martinez",99,"flowerman",13,41.9354838709677,"skirt","skirt",0,NA
"moreno-martinez",73,"arrival_2",9,29.0322580645161,"skyscraper","skyscraper",0,NA
"moreno-martinez",92,"arrival_4",17,54.8387096774194,"snake","snake",0,NA
"moreno-martinez",92,"escape_from_the_zoo",13,41.9354838709677,"snake","snake",0,NA
"moreno-martinez",92,"make_a_splash",12,38.7096774193548,"snake","snake",0,NA
"moreno-martinez",92,"wanderer",16,51.6129032258064,"snake","snake",0,NA
"moreno-martinez",75,"arrival_1",8,25.8064516129032,"sun","sun",0,NA
"moreno-martinez",75,"wanderer",14,45.1612903225806,"sun","sun",0,NA
"moreno-martinez",97,"ancient_rome",18,58.0645161290323,"sword","sword",0,NA
"moreno-martinez",97,"being_a_pirate",8,25.8064516129032,"sword","sword",0,NA
"moreno-martinez",97,"picture_this",10,32.258064516129,"sword","sword",0,NA
"moreno-martinez",97,"return",26,83.8709677419355,"sword","sword",0,NA
"moreno-martinez",99,"ancient_rome",12,38.7096774193548,"tiger","tiger",0,NA
"moreno-martinez",92,"picture_this",9,29.0322580645161,"tongue","tongue",0,NA
"moreno-martinez",78,"airport",13,41.9354838709677,"tower","tower",0,NA
"moreno-martinez",78,"arrival_3",9,29.0322580645161,"tower","tower",0,NA
"moreno-martinez",78,"journey",16,51.6129032258064,"tower","tower",0,NA
"moreno-martinez",78,"quest",17,54.8387096774194,"tower","tower",0,NA
"moreno-martinez",78,"wanderer",8,25.8064516129032,"tower","tower",0,NA
"moreno-martinez",93,"arrival_1",28,90.3225806451613,"train","train",0,NA
"moreno-martinez",93,"arrival_4",29,93.5483870967742,"train","train",0,NA
"moreno-martinez",93,"wild_west",28,90.3225806451613,"train","train",0,NA
"moreno-martinez",99,"dinosaurs_spacemen_and_ghouls",23,74.1935483870968,"volcano","volcano",0,NA
"moreno-martinez",89,"wanderer",28,90.3225806451613,"wave","wave",0,NA
"moreno-martinez",99,"birthday_party_fun",8,25.8064516129032,"zebra","zebra",0,NA
"moreno-martinez",99,"escape_from_the_zoo",9,29.0322580645161,"zebra","zebra",0,NA
"moreno-martinez",99,"wanderer",13,41.9354838709677,"zebra","zebra",0,NA
"DR2",95.4545455,"airport",22,70.9677419354839,"airplane","airplane",0,NA
"DR2",95.4545455,"wanderer",22,70.9677419354839,"airplane","airplane",0,NA
"DR2",95.1,"arrival_3",8,25.8064516129032,"backpack","backpack",0,NA
"DR2",95.1,"campsite",12,38.7096774193548,"backpack","backpack",0,NA
"DR2",85.7142857,"flowerman",15,48.3870967741936,"balcony","balcony",0,NA
"DR2",100,"escape_from_the_zoo",27,87.0967741935484,"bear","bear",0,NA
"DR2",100,"picture_this",15,48.3870967741936,"bear","bear",0,NA
"DR2",94.9152542,"journey",23,74.1935483870968,"bicycle","bicycle",0,NA
"DR2",94.9152542,"quest",17,54.8387096774194,"bicycle","bicycle",0,NA
"DR2",94.9152542,"waldo_1",14,45.1612903225806,"bicycle","bicycle",0,NA
"DR2",100,"arrival_1",27,87.0967741935484,"bird","bird",0,NA
"DR2",100,"arrival_2",27,87.0967741935484,"bird","bird",0,NA
"DR2",100,"arrival_3",18,58.0645161290323,"bird","bird",0,NA
"DR2",100,"arrival_4",17,54.8387096774194,"bird","bird",0,NA
"DR2",100,"arrival_5",23,74.1935483870968,"bird","bird",0,NA
"DR2",100,"arrival_6",26,83.8709677419355,"bird","bird",0,NA
"DR2",100,"being_a_pirate",8,25.8064516129032,"bird","bird",0,NA
"DR2",100,"campsite",8,25.8064516129032,"bird","bird",0,NA
"DR2",100,"escape_from_the_zoo",21,67.741935483871,"bird","bird",0,NA
"DR2",100,"journey",29,93.5483870967742,"bird","bird",0,NA
"DR2",100,"quest",28,90.3225806451613,"bird","bird",0,NA
"DR2",100,"return",28,90.3225806451613,"bird","bird",0,NA
"DR2",100,"wanderer",28,90.3225806451613,"bird","bird",0,NA
"DR2",91.3,"airport",12,38.7096774193548,"blimp","blimp",0,NA
"DR2",91.3,"quest",8,25.8064516129032,"blimp","blimp",0,NA
"DR2",90.9090909,"wanderer",18,58.0645161290323,"bottle","bottle",0,NA
"DR2",95.4545455,"arrival_4",14,45.1612903225806,"box","box",0,NA
"DR2",95.4545455,"arrival_6",10,32.258064516129,"box","box",0,NA
"DR2",95.4545455,"quest",10,32.258064516129,"box","box",0,NA
"DR2",95.4545455,"return",20,64.5161290322581,"box","box",0,NA
"DR2",100,"birthday_party_fun",19,61.2903225806452,"castle","castle",0,NA
"DR2",100,"by_the_lake",14,45.1612903225806,"castle","castle",0,NA
"DR2",100,"journey",23,74.1935483870968,"castle","castle",0,NA
"DR2",100,"quest",25,80.6451612903226,"castle","castle",0,NA
"DR2",100,"return",25,80.6451612903226,"castle","castle",0,NA
"DR2",100,"unfriendly_giants",21,67.741935483871,"castle","castle",0,NA
"DR2, DR2",85.7,"arrival_4",9,29.0322580645161,"chest","chest",0,NA
"DR2, DR2",85.7,"being_a_pirate",8,25.8064516129032,"chest","chest",0,NA
"DR2, DR2",85.7,"deep_sea_divers",12,38.7096774193548,"chest","chest",0,NA
"DR2, DR2",85.7,"arrival_4",9,29.0322580645161,"chest","chest",0,NA
"DR2, DR2",85.7,"being_a_pirate",8,25.8064516129032,"chest","chest",0,NA
"DR2, DR2",85.7,"deep_sea_divers",12,38.7096774193548,"chest","chest",0,NA
"DR2",74.1,"arrival_2",20,64.5161290322581,"city","city",0,NA
"DR2",74.1,"arrival_4",27,87.0967741935484,"city","city",0,NA
"DR2",74.1,"arrival_5",19,61.2903225806452,"city","city",0,NA
"DR2",74.1,"arrival_6",12,38.7096774193548,"city","city",0,NA
"DR2",74.1,"flowerman",8,25.8064516129032,"city","city",0,NA
"DR2",74.1,"journey",21,67.741935483871,"city","city",0,NA
"DR2",74.1,"quest",26,83.8709677419355,"city","city",0,NA
"DR2",74.1,"return",20,64.5161290322581,"city","city",0,NA
"DR2",74.1,"waldo_1",13,41.9354838709677,"city","city",0,NA
"DR2",74.1,"wanderer",24,77.4193548387097,"city","city",0,NA
"DR2",100,"journey",24,77.4193548387097,"couch","couch",0,NA
"DR2",100,"wanderer",13,41.9354838709677,"deer","deer",0,NA
"DR2",82.1,"arrival_4",27,87.0967741935484,"drawer","drawer",0,NA
"DR2",95.4545455,"flowerman",8,25.8064516129032,"dress","dress",0,NA
"DR2",78.5714286,"journey",10,32.258064516129,"dresser","dresser",0,NA
"DR2",100,"arrival_3",25,80.6451612903226,"egg","egg",0,NA
"DR2",100,"birthday_party_fun",17,54.8387096774194,"fence","fence",0,NA
"DR2",100,"flowerman",12,38.7096774193548,"fence","fence",0,NA
"DR2",100,"journey",11,34.375,"firehydrant","firehydrant",0,NA
"DR2",100,"flowerman",10,31.25,"firehydrant","firehydrant",0,NA
"DR2",94.2857143,"wanderer",17,53.125,"fishingpole","fishingpole",0,NA
"DR2",100,"arrival_3",8,25.8064516129032,"floor","floor",0,NA
"DR2",100,"arrival_6",15,48.3870967741936,"floor","floor",0,NA
"DR2",100,"deep_sea_divers",9,29.0322580645161,"floor","floor",0,NA
"DR2",100,"exhibit_12",15,48.3870967741936,"floor","floor",0,NA
"DR2",100,"flowerman",14,45.1612903225806,"floor","floor",0,NA
"DR2",100,"journey",23,74.1935483870968,"floor","floor",0,NA
"DR2",100,"return",18,58.0645161290323,"floor","floor",0,NA
"DR2",100,"flowerman",24,77.4193548387097,"fountain","fountain",0,NA
"DR2",100,"waldo_1",28,90.3225806451613,"fountain","fountain",0,NA
"brodeur, DR2",100,"escape_from_the_zoo",26,83.8709677419355,"giraffe","giraffe",0,NA
"DR2",85.7,"escape_from_the_zoo",23,74.1935483870968,"gorilla","gorilla",0,NA
"DR2",100,"arrival_1",28,90.3225806451613,"hat","hat",0,NA
"DR2",100,"arrival_2",19,61.2903225806452,"hat","hat",0,NA
"DR2",100,"arrival_3",27,87.0967741935484,"hat","hat",0,NA
"DR2",100,"arrival_4",29,93.5483870967742,"hat","hat",0,NA
"DR2",100,"arrival_5",27,87.0967741935484,"hat","hat",0,NA
"DR2",100,"arrival_6",27,87.0967741935484,"hat","hat",0,NA
"DR2",100,"flowerman",24,77.4193548387097,"hat","hat",0,NA
"DR2",100,"journey",9,29.0322580645161,"hat","hat",0,NA
"DR2",100,"picture_this",16,51.6129032258064,"hat","hat",0,NA
"DR2",100,"unfriendly_giants",12,38.7096774193548,"hat","hat",0,NA
"DR2",100,"wanderer",23,74.1935483870968,"hat","hat",0,NA
"DR2",100,"wild_west",12,38.7096774193548,"hat","hat",0,NA
"DR2",100,"quest",15,48.3870967741936,"helmet","helmet",0,NA
"DR2",100,"wanderer",14,45.1612903225806,"helmet","helmet",0,NA
"DR2",72.7272727,"arrival_4",9,29.0322580645161,"jacket","jacket",0,NA
"DR2",72.7272727,"arrival_5",15,48.3870967741936,"jacket","jacket",0,NA
"DR2",72.7272727,"flowerman",8,25.8064516129032,"jacket","jacket",0,NA
"DR2",98.5507246,"escape_from_the_zoo",13,41.9354838709677,"kangaroo","kangaroo",0,NA
"DR2",100,"arrival_4",15,48.3870967741936,"ladder","ladder",0,NA
"DR2",100,"arrival_5",18,58.0645161290323,"ladder","ladder",0,NA
"DR2",100,"arrival_6",25,80.6451612903226,"ladder","ladder",0,NA
"DR2",100,"exhibit_12",23,74.1935483870968,"ladder","ladder",0,NA
"DR2",100,"flowerman",11,35.4838709677419,"ladder","ladder",0,NA
"DR2",100,"journey",21,67.741935483871,"ladder","ladder",0,NA
"DR2",100,"waldo_1",17,54.8387096774194,"ladder","ladder",0,NA
"DR2",100,"wild_west",12,38.7096774193548,"ladder","ladder",0,NA
"DR2",100,"wanderer",27,87.0967741935484,"lighthouse","lighthouse",0,NA
"DR2",71.4,"arrival_4",8,25.8064516129032,"lizard","lizard",0,NA
"DR2",100,"wanderer",22,70.9677419354839,"lobster","lobster",0,NA
"DR2",100,"journey",10,32.258064516129,"lock","lock",0,NA
"brodeur, DR2",100,"arrival_6",17,54.8387096774194,"mailbox","mailbox",0,NA
"brodeur, DR2",100,"journey",24,77.4193548387097,"mailbox","mailbox",0,NA
"DR2",100,"arrival_6",11,35.4838709677419,"mirror","mirror",0,NA
"DR2",100,"dinosaurs_spacemen_and_ghouls",10,32.258064516129,"mirror","mirror",0,NA
"DR2",100,"return",9,29.0322580645161,"mirror","mirror",0,NA
"DR2",100,"waldo_1",12,38.7096774193548,"mop","mop",0,NA
"DR2",98.4,"flowerman",16,51.6129032258064,"motorcycle","motorcycle",0,NA
"DR2",98.4,"waldo_1",16,51.6129032258064,"motorcycle","motorcycle",0,NA
"DR2",100,"arrival_4",8,25.8064516129032,"mouse","mouse",0,NA
"DR2",100,"arrival_6",10,32.258064516129,"mouse","mouse",0,NA
"DR2",72.7,"arrival_1",22,70.9677419354839,"paper","paper",0,NA
"DR2",72.7,"arrival_2",14,45.1612903225806,"paper","paper",0,NA
"DR2",72.7,"arrival_3",8,25.8064516129032,"paper","paper",0,NA
"DR2",72.7,"arrival_4",17,54.8387096774194,"paper","paper",0,NA
"DR2",72.7,"arrival_5",24,77.4193548387097,"paper","paper",0,NA
"DR2",72.7,"arrival_6",21,67.741935483871,"paper","paper",0,NA
"DR2",72.7,"journey",8,25.8064516129032,"paper","paper",0,NA
"DR2",72.7,"quest",20,64.5161290322581,"paper","paper",0,NA
"DR2",72.7,"wanderer",27,87.0967741935484,"paper","paper",0,NA
"DR2",78.6,"escape_from_the_zoo",11,35.4838709677419,"parrot","parrot",0,NA
"DR2",100,"escape_from_the_zoo",17,54.8387096774194,"peacock","peacock",0,NA
"DR2",100,"birthday_party_fun",26,83.8709677419355,"pool","pool",0,NA
"DR2",100,"make_a_splash",16,51.6129032258064,"pool","pool",0,NA
"DR2",100,"arrival_1",23,74.1935483870968,"pot","pot",0,NA
"DR2",100,"arrival_4",10,32.258064516129,"pot","pot",0,NA
"DR2",100,"arrival_5",15,48.3870967741936,"pot","pot",0,NA
"DR2",100,"arrival_6",21,67.741935483871,"pot","pot",0,NA
"DR2",100,"journey",8,25.8064516129032,"pot","pot",0,NA
"DR2",85.7142857,"flowerman",10,32.258064516129,"road","road",0,NA
"DR2",86.3636364,"airport",12,38.7096774193548,"rocket","rocket",0,NA
"DR2",86.3636364,"dinosaurs_spacemen_and_ghouls",10,32.258064516129,"rocket","rocket",0,NA
"DR2",86.3636364,"wanderer",15,48.3870967741936,"rocket","rocket",0,NA
"DR2",90.9,"flowerman",26,83.8709677419355,"roof","roof",0,NA
"DR2",90.9,"quest",9,29.0322580645161,"roof","roof",0,NA
"DR2",90.9,"unfriendly_giants",9,29.0322580645161,"roof","roof",0,NA
"DR2",90.9,"waldo_1",27,87.0967741935484,"roof","roof",0,NA
"DR2",90.9,"wanderer",11,35.4838709677419,"roof","roof",0,NA
"DR2",90.9,"wild_west",17,54.8387096774194,"roof","roof",0,NA
"DR2",85.7,"by_the_lake",14,45.1612903225806,"sailboat","sailboat",0,NA
"DR2",85.7,"wanderer",22,70.9677419354839,"sailboat","sailboat",0,NA
"DR2",96.4,"quest",19,61.2903225806452,"seahorse","seahorse",0,NA
"DR2",96.4,"wanderer",27,87.0967741935484,"seahorse","seahorse",0,NA
"DR2",100,"being_a_pirate",8,25.8064516129032,"shark","shark",0,NA
"DR2",100,"campsite",10,32.258064516129,"shark","shark",0,NA
"DR2",100,"deep_sea_divers",14,45.1612903225806,"shark","shark",0,NA
"DR2",100,"exhibit_12",10,32.258064516129,"shark","shark",0,NA
"DR2",96.7741935,"arrival_4",15,48.3870967741936,"shower","shower",0,NA
"DR2",96.7741935,"wanderer",13,41.9354838709677,"shower","shower",0,NA
"DR2",97.6190476,"return",11,35.4838709677419,"sink","sink",0,NA
"brodeur, DR2",100,"journey",9,29.0322580645161,"skateboard","skateboard",0,NA
"DR2",95.5,"make_a_splash",28,90.3225806451613,"slide","slide",0,NA
"DR2",75,"ancient_rome",9,29.0322580645161,"soldier","soldier",0,NA
"DR2",75,"journey",10,32.258064516129,"soldier","soldier",0,NA
"DR2",75,"quest",17,54.8387096774194,"soldier","soldier",0,NA
"DR2",75,"return",13,41.9354838709677,"soldier","soldier",0,NA
"DR2",93.3,"arrival_2",22,70.9677419354839,"statue","statue",0,NA
"DR2",93.3,"arrival_4",16,51.6129032258064,"statue","statue",0,NA
"DR2",93.3,"arrival_5",11,35.4838709677419,"statue","statue",0,NA
"DR2",93.3,"flowerman",11,35.4838709677419,"statue","statue",0,NA
"DR2",93.3,"journey",9,29.0322580645161,"statue","statue",0,NA
"DR2",93.3,"quest",25,80.6451612903226,"statue","statue",0,NA
"DR2",93.3,"waldo_1",17,54.8387096774194,"statue","statue",0,NA
"DR2",95.4545455,"journey",11,35.4838709677419,"stove","stove",0,NA
"DR2",95.4545455,"return",9,29.0322580645161,"stove","stove",0,NA
"DR2",100,"return",27,87.0967741935484,"submarine","submarine",0,NA
"DR2",100,"wanderer",26,83.8709677419355,"submarine","submarine",0,NA
"DR2",97.0588235,"airport",8,25.8064516129032,"suitcase","suitcase",0,NA
"DR2",97.0588235,"arrival_1",24,77.4193548387097,"suitcase","suitcase",0,NA
"DR2",97.0588235,"arrival_2",23,74.1935483870968,"suitcase","suitcase",0,NA
"DR2",97.0588235,"arrival_3",25,80.6451612903226,"suitcase","suitcase",0,NA
"DR2",95.1,"quest",14,45.1612903225806,"tank","tank",0,NA
"DR2",95.1,"wanderer",13,41.9354838709677,"tank","tank",0,NA
"DR2",93.3,"arrival_1",22,70.9677419354839,"teapot","teapot",0,NA
"DR2",93.3,"arrival_2",11,35.4838709677419,"teapot","teapot",0,NA
"DR2",100,"arrival_4",12,38.7096774193548,"teepee","teepee",0,NA
"DR2",100,"flowerman",17,54.8387096774194,"telescope","telescope",0,NA
"DR2",100,"flowerman",12,38.7096774193548,"tie","tie",0,NA
"DR2",95.4545455,"airport",22,70.9677419354839,"truck","truck",0,NA
"DR2",95.4545455,"flowerman",23,74.1935483870968,"truck","truck",0,NA
"DR2",95.4545455,"waldo_1",23,74.1935483870968,"truck","truck",0,NA
"DR2",95.2380952,"wanderer",26,83.8709677419355,"turtle","turtle",0,NA
"boss, DR2",100,"by_the_lake",11,35.4838709677419,"umbrella","umbrella",0,NA
"boss, DR2",100,"flowerman",10,32.258064516129,"umbrella","umbrella",0,NA
"boss, DR2",100,"picture_this",9,29.0322580645161,"umbrella","umbrella",0,NA
"boss, DR2",100,"wanderer",8,25.8064516129032,"umbrella","umbrella",0,NA
"DR2",97.1428571,"waldo_1",9,29.0322580645161,"waiter","waiter",0,NA
"DR2",95.4545455,"airport",12,38.7096774193548,"watch","watch",0,NA
"DR2",95.4545455,"arrival_3",17,54.8387096774194,"watch","watch",0,NA
"DR2",98.1,"flowerman",17,54.8387096774194,"wheelchair","wheelchair",0,NA
"brodeur, DR2",100,"unfriendly_giants",25,80.6451612903226,"windmill","windmill",0,NA
"DR2",70.7,"arrival_5",12,38.7096774193548,"wine","wine",0,NA
"boss",72,NA,NA,NA,"almonds",NA,NA,NA
"boss",74,NA,NA,NA,"antenna",NA,NA,NA
"boss",92,NA,NA,NA,"ashtray",NA,NA,NA
"boss",89,NA,NA,NA,"avocado",NA,NA,NA
"boss",87,NA,NA,NA,"bagel",NA,NA,NA
"boss",100,NA,NA,NA,"banana",NA,NA,NA
"boss",87,NA,NA,NA,"baseball",NA,NA,NA
"boss",95,NA,NA,NA,"battery",NA,NA,NA
"boss",84,NA,NA,NA,"bib",NA,NA,NA
"boss",97,NA,NA,NA,"binoculars",NA,NA,NA
"boss",94,NA,NA,NA,"blueberry",NA,NA,NA
"boss",86,NA,NA,NA,"bottlecap",NA,NA,NA
"boss",97,NA,NA,NA,"broccoli",NA,NA,NA
"boss",100,NA,NA,NA,"button",NA,NA,NA
"boss",76,NA,NA,NA,"cabbage",NA,NA,NA
"boss",100,NA,NA,NA,"calculator",NA,NA,NA
"boss",100,NA,NA,NA,"candle",NA,NA,NA
"boss",95,NA,NA,NA,"candy",NA,NA,NA
"boss",97,NA,NA,NA,"carrot",NA,NA,NA
"boss",95,NA,NA,NA,"cauliflower",NA,NA,NA
"boss",92,NA,NA,NA,"cd",NA,NA,NA
"boss",100,NA,NA,NA,"celery",NA,NA,NA
"boss",85,NA,NA,NA,"cellphone",NA,NA,NA
"boss",100,NA,NA,NA,"chalk",NA,NA,NA
"boss",100,NA,NA,NA,"cherries",NA,NA,NA
"boss",95,NA,NA,NA,"cigarette",NA,NA,NA
"boss",79,NA,NA,NA,"clipboard",NA,NA,NA
"boss",89,NA,NA,NA,"coconut",NA,NA,NA
"boss",79,NA,NA,NA,"coffeebeans",NA,NA,NA
"boss",87,NA,NA,NA,"comb",NA,NA,NA
"boss",100,NA,NA,NA,"condom",NA,NA,NA
"boss",71,NA,NA,NA,"cookiecutter",NA,NA,NA
"boss",72,NA,NA,NA,"cracker",NA,NA,NA
"boss",89,NA,NA,NA,"croissant",NA,NA,NA
"boss",86,NA,NA,NA,"deodorant",NA,NA,NA
"boss",97,NA,NA,NA,"dice",NA,NA,NA
"boss",78,NA,NA,NA,"doll",NA,NA,NA
"boss",72,NA,NA,NA,"dropper",NA,NA,NA
"boss",82,NA,NA,NA,"dustpan",NA,NA,NA
"boss",100,NA,NA,NA,"earrings",NA,NA,NA
"boss",92,NA,NA,NA,"eraser",NA,NA,NA
"boss",89,NA,NA,NA,"fan",NA,NA,NA
"boss",75,NA,NA,NA,"flashlight",NA,NA,NA
"boss",90,NA,NA,NA,"flyswatter",NA,NA,NA
"boss",97,NA,NA,NA,"fork",NA,NA,NA
"boss",87,NA,NA,NA,"garlic",NA,NA,NA
"boss",89,NA,NA,NA,"ginger",NA,NA,NA
"boss",78,NA,NA,NA,"hanger",NA,NA,NA
"boss",71,NA,NA,NA,"headphones",NA,NA,NA
"boss",74,NA,NA,NA,"icepack",NA,NA,NA
"boss",92,NA,NA,NA,"iron",NA,NA,NA
"boss",89,NA,NA,NA,"keyboard",NA,NA,NA
"boss",74,NA,NA,NA,"laptop",NA,NA,NA
"boss, DR2",100,NA,NA,NA,"lemon",NA,NA,NA
"boss",95,NA,NA,NA,"lighter",NA,NA,NA
"boss",81,NA,NA,NA,"lime",NA,NA,NA
"boss",97,NA,NA,NA,"lipstick",NA,NA,NA
"boss",82,NA,NA,NA,"magnifyingglass",NA,NA,NA
"boss",95,NA,NA,NA,"measuringcup",NA,NA,NA
"boss",78,NA,NA,NA,"measuringtape",NA,NA,NA
"boss",97,NA,NA,NA,"microscope",NA,NA,NA
"boss",94,NA,NA,NA,"mousetrap",NA,NA,NA
"boss",86,NA,NA,NA,"nailclipper",NA,NA,NA
"boss",81,NA,NA,NA,"nailpolish",NA,NA,NA
"boss",93,NA,NA,NA,"nutcracker",NA,NA,NA
"boss",89,NA,NA,NA,"olive",NA,NA,NA
"boss, DR2",100,NA,NA,NA,"onion",NA,NA,NA
"boss",92,NA,NA,NA,"paintbrush",NA,NA,NA
"boss",77,NA,NA,NA,"paintroller",NA,NA,NA
"boss",73,NA,NA,NA,"partyhat",NA,NA,NA
"boss",72,NA,NA,NA,"pencilcase",NA,NA,NA
"boss",71,NA,NA,NA,"pictureframe",NA,NA,NA
"boss",72,NA,NA,NA,"pill",NA,NA,NA
"boss",84,NA,NA,NA,"pillow",NA,NA,NA
"boss",100,NA,NA,NA,"pineapple",NA,NA,NA
"boss",86,NA,NA,NA,"plum",NA,NA,NA
"boss",84,NA,NA,NA,"plunger",NA,NA,NA
"boss",100,NA,NA,NA,"potato",NA,NA,NA
"boss",87,NA,NA,NA,"printer",NA,NA,NA
"boss",76,NA,NA,NA,"puzzlepiece",NA,NA,NA
"boss",72,NA,NA,NA,"qtip",NA,NA,NA
"boss",74,NA,NA,NA,"raisins",NA,NA,NA
"boss",86,NA,NA,NA,"rasberry",NA,NA,NA
"boss",77,NA,NA,NA,"ribbon",NA,NA,NA
"boss",92,NA,NA,NA,"rice",NA,NA,NA
"boss",100,NA,NA,NA,"ruler",NA,NA,NA
"boss",92,NA,NA,NA,"sandal",NA,NA,NA
"boss",89,NA,NA,NA,"saw",NA,NA,NA
"boss",95,NA,NA,NA,"screwdriver",NA,NA,NA
"boss",86,NA,NA,NA,"shoelace",NA,NA,NA
"boss",74,NA,NA,NA,"shorts",NA,NA,NA
"boss",79,NA,NA,NA,"soap",NA,NA,NA
"boss",87,NA,NA,NA,"sock",NA,NA,NA
"boss",87,NA,NA,NA,"speaker",NA,NA,NA
"boss",90,NA,NA,NA,"sponge",NA,NA,NA
"boss",95,NA,NA,NA,"stapler",NA,NA,NA
"boss",81,NA,NA,NA,"stapleremover",NA,NA,NA
"boss",97,NA,NA,NA,"staples",NA,NA,NA
"boss",74,NA,NA,NA,"starfish",NA,NA,NA
"boss",90,NA,NA,NA,"sunglasses",NA,NA,NA
"boss",94,NA,NA,NA,"tampon",NA,NA,NA
"boss",95,NA,NA,NA,"teabag",NA,NA,NA
"boss",72,NA,NA,NA,"teddybear",NA,NA,NA
"boss",95,NA,NA,NA,"tennisball",NA,NA,NA
"boss",97,NA,NA,NA,"thermometer",NA,NA,NA
"boss",91,NA,NA,NA,"tile",NA,NA,NA
"boss",74,NA,NA,NA,"toast",NA,NA,NA
"boss",97,NA,NA,NA,"toaster",NA,NA,NA
"boss",92,NA,NA,NA,"toiletpaper",NA,NA,NA
"boss, DR2",100,NA,NA,NA,"tomato",NA,NA,NA
"boss",79,NA,NA,NA,"tongs",NA,NA,NA
"boss, DR2",100,NA,NA,NA,"toothbrush",NA,NA,NA
"boss",81,NA,NA,NA,"toothpick",NA,NA,NA
"boss",72,NA,NA,NA,"waterbottle",NA,NA,NA
"boss",71,NA,NA,NA,"whisk",NA,NA,NA
"boss",79,NA,NA,NA,"zucchini",NA,NA,NA
"brodeur",79,NA,NA,NA,"acorn",NA,NA,NA
"brodeur",79,NA,NA,NA,"airhockeytable",NA,NA,NA
"brodeur",73,NA,NA,NA,"antlers",NA,NA,NA
"brodeur",88,NA,NA,NA,"armadillo",NA,NA,NA
"brodeur",77,NA,NA,NA,"bacon",NA,NA,NA
"brodeur",76,NA,NA,NA,"badmintonracket",NA,NA,NA
"brodeur",71,NA,NA,NA,"barn",NA,NA,NA
"brodeur",81,NA,NA,NA,"baseballbat",NA,NA,NA
"brodeur",95,NA,NA,NA,"basketball",NA,NA,NA
"brodeur",100,NA,NA,NA,"beaver",NA,NA,NA
"brodeur",88,NA,NA,NA,"beerbottle",NA,NA,NA
"brodeur",82,NA,NA,NA,"birdfeeder",NA,NA,NA
"brodeur",93,NA,NA,NA,"birdhouse",NA,NA,NA
"brodeur",93,NA,NA,NA,"blender",NA,NA,NA
"brodeur",78,NA,NA,NA,"bluejay",NA,NA,NA
"brodeur",71,NA,NA,NA,"shipinabottle",NA,NA,NA
"brodeur",100,NA,NA,NA,"bowlingball",NA,NA,NA
"brodeur",100,NA,NA,NA,"bowlingpin",NA,NA,NA
"brodeur",88,NA,NA,NA,"bowtie",NA,NA,NA
"brodeur",76,NA,NA,NA,"boxingglove",NA,NA,NA
"brodeur",86,NA,NA,NA,"brownsugar",NA,NA,NA
"brodeur",93,NA,NA,NA,"bullet",NA,NA,NA
"brodeur",90,NA,NA,NA,"bumpercar",NA,NA,NA
"brodeur",81,NA,NA,NA,"keys",NA,NA,NA
"brodeur",86,NA,NA,NA,"calendar",NA,NA,NA
"brodeur",80,NA,NA,NA,"bell",NA,NA,NA
"brodeur",98,NA,NA,NA,"candycane",NA,NA,NA
"brodeur",93,NA,NA,NA,"cashregister",NA,NA,NA
"brodeur",71,NA,NA,NA,"ceilingfan",NA,NA,NA
"brodeur",77,NA,NA,NA,"chainsaw",NA,NA,NA
"brodeur",77,NA,NA,NA,"cheetah",NA,NA,NA
"brodeur",89,NA,NA,NA,"chefshat",NA,NA,NA
"brodeur",76,NA,NA,NA,"christmaslights",NA,NA,NA
"brodeur",86,NA,NA,NA,"christmastree",NA,NA,NA
"brodeur",90,NA,NA,NA,"cigar",NA,NA,NA
"brodeur",71,NA,NA,NA,"coffeemachine",NA,NA,NA
"brodeur",75,NA,NA,NA,"cork",NA,NA,NA
"brodeur",93,NA,NA,NA,"cow",NA,NA,NA
"brodeur",72,NA,NA,NA,"crmebrulee",NA,NA,NA
"brodeur",88,NA,NA,NA,"cross",NA,NA,NA
"brodeur",83,NA,NA,NA,"cruiseship",NA,NA,NA
"brodeur",88,NA,NA,NA,"spider",NA,NA,NA
"brodeur",71,NA,NA,NA,"dalmatian",NA,NA,NA
"brodeur",100,NA,NA,NA,"dartboard",NA,NA,NA
"brodeur",93,NA,NA,NA,"discoball",NA,NA,NA
"brodeur",95,NA,NA,NA,"doughnut",NA,NA,NA
"brodeur",83,NA,NA,NA,"skis",NA,NA,NA
"brodeur",93,NA,NA,NA,"dreamcatcher",NA,NA,NA
"brodeur",95,NA,NA,NA,"drumsticks",NA,NA,NA
"brodeur",73,NA,NA,NA,"ducttape",NA,NA,NA
"brodeur",95,NA,NA,NA,"eiffeltower",NA,NA,NA
"brodeur",86,NA,NA,NA,"elbow",NA,NA,NA
"brodeur",90,NA,NA,NA,"escalator",NA,NA,NA
"brodeur",95,NA,NA,NA,"exitsign",NA,NA,NA
"brodeur",92,NA,NA,NA,"eyepatch",NA,NA,NA
"brodeur",93,NA,NA,NA,"fingerprint",NA,NA,NA
"brodeur",86,NA,NA,NA,"fireplace",NA,NA,NA
"brodeur",98,NA,NA,NA,"football",NA,NA,NA
"brodeur",79,NA,NA,NA,"footballhelmet",NA,NA,NA
"brodeur",98,NA,NA,NA,"fortunecookie",NA,NA,NA
"brodeur",95,NA,NA,NA,"frisbee",NA,NA,NA
"brodeur",80,NA,NA,NA,"musicsheet",NA,NA,NA
"brodeur",72,NA,NA,NA,"gazebo",NA,NA,NA
"brodeur",98,NA,NA,NA,"golfball",NA,NA,NA
"brodeur",88,NA,NA,NA,"granolabar",NA,NA,NA
"brodeur",98,NA,NA,NA,"guitarcase",NA,NA,NA
"brodeur",100,NA,NA,NA,"handcuffs",NA,NA,NA
"brodeur",81,NA,NA,NA,"cymbals",NA,NA,NA
"brodeur",100,NA,NA,NA,"harmonica",NA,NA,NA
"brodeur",83,NA,NA,NA,"hockeypuck",NA,NA,NA
"brodeur",93,NA,NA,NA,"hockeystick",NA,NA,NA
"brodeur",93,NA,NA,NA,"hulahoop",NA,NA,NA
"brodeur",100,NA,NA,NA,"horseshoe",NA,NA,NA
"brodeur",74,NA,NA,NA,"icecube",NA,NA,NA
"brodeur",79,NA,NA,NA,"ipad",NA,NA,NA
"brodeur",88,NA,NA,NA,"jeans",NA,NA,NA
"brodeur",88,NA,NA,NA,"jeep",NA,NA,NA
"brodeur",98,NA,NA,NA,"jellybeans",NA,NA,NA
"brodeur",98,NA,NA,NA,"doghouse",NA,NA,NA
"brodeur",83,NA,NA,NA,"kiwi",NA,NA,NA
"brodeur",88,NA,NA,NA,"knee",NA,NA,NA
"brodeur",79,NA,NA,NA,"kneepad",NA,NA,NA
"brodeur",78,NA,NA,NA,"brassknuckles",NA,NA,NA
"brodeur",93,NA,NA,NA,"ladybug",NA,NA,NA
"brodeur",82,NA,NA,NA,"leafblower",NA,NA,NA
"brodeur",90,NA,NA,NA,"rake",NA,NA,NA
"brodeur",85,NA,NA,NA,"licenseplate",NA,NA,NA
"brodeur",98,NA,NA,NA,"lightswitch",NA,NA,NA
"brodeur",98,NA,NA,NA,"locker",NA,NA,NA
"brodeur",83,NA,NA,NA,"lollipop",NA,NA,NA
"brodeur",95,NA,NA,NA,"compass",NA,NA,NA
"brodeur",81,NA,NA,NA,"sushi",NA,NA,NA
"brodeur",85,NA,NA,NA,"marble",NA,NA,NA
"brodeur",76,NA,NA,NA,"mask",NA,NA,NA
"brodeur",98,NA,NA,NA,"mattress",NA,NA,NA
"brodeur",88,NA,NA,NA,"microphone",NA,NA,NA
"brodeur",81,NA,NA,NA,"microwave",NA,NA,NA
"brodeur",86,NA,NA,NA,"lips",NA,NA,NA
"brodeur",76,NA,NA,NA,"mrpotatohead",NA,NA,NA
"brodeur",71,NA,NA,NA,"birdsnest",NA,NA,NA
"brodeur",95,NA,NA,NA,"noparkingsign",NA,NA,NA
"brodeur",90,NA,NA,NA,"nosmokingsign",NA,NA,NA
"brodeur",96,NA,NA,NA,"nunchuks",NA,NA,NA
"brodeur",83,NA,NA,NA,"parkingmeter",NA,NA,NA
"brodeur",79,NA,NA,NA,"pingpongtable",NA,NA,NA
"brodeur",81,NA,NA,NA,"platypus",NA,NA,NA
"brodeur",83,NA,NA,NA,"pokerchips",NA,NA,NA
"brodeur",98,NA,NA,NA,"pooltable",NA,NA,NA
"brodeur",98,NA,NA,NA,"pumpkin",NA,NA,NA
"brodeur",83,NA,NA,NA,"punchingbag",NA,NA,NA
"brodeur",79,NA,NA,NA,"recyclingbin",NA,NA,NA
"brodeur",88,NA,NA,NA,"fox",NA,NA,NA
"brodeur",71,NA,NA,NA,"fridge",NA,NA,NA
"brodeur",83,NA,NA,NA,"rollerblade",NA,NA,NA
"brodeur",95,NA,NA,NA,"rubikcube",NA,NA,NA
"brodeur",86,NA,NA,NA,"saltshaker",NA,NA,NA
"brodeur",71,NA,NA,NA,"sausage",NA,NA,NA
"brodeur",98,NA,NA,NA,"schoolbus",NA,NA,NA
"brodeur",90,NA,NA,NA,"scorpion",NA,NA,NA
"brodeur",93,NA,NA,NA,"sheep",NA,NA,NA
"brodeur",88,NA,NA,NA,"showerhead",NA,NA,NA
"brodeur",95,NA,NA,NA,"snowboard",NA,NA,NA
"brodeur",100,NA,NA,NA,"snowman",NA,NA,NA
"brodeur",88,NA,NA,NA,"snowshoe",NA,NA,NA
"brodeur",98,NA,NA,NA,"soccerball",NA,NA,NA
"brodeur",85,NA,NA,NA,"spicerack",NA,NA,NA
"brodeur",93,NA,NA,NA,"spiderweb",NA,NA,NA
"brodeur",100,NA,NA,NA,"squirrel",NA,NA,NA
"brodeur",100,NA,NA,NA,"surfboard",NA,NA,NA
"brodeur",90,NA,NA,NA,"toilet",NA,NA,NA
"brodeur",93,NA,NA,NA,"toolbox",NA,NA,NA
"brodeur",74,NA,NA,NA,"totempole",NA,NA,NA
"brodeur",76,NA,NA,NA,"toucan",NA,NA,NA
"brodeur",80,NA,NA,NA,"toyhorse",NA,NA,NA
"brodeur",72,NA,NA,NA,"toysoldier",NA,NA,NA
"brodeur",93,NA,NA,NA,"trampoline",NA,NA,NA
"brodeur",90,NA,NA,NA,"treadmill",NA,NA,NA
"brodeur",93,NA,NA,NA,"tricycle",NA,NA,NA
"brodeur",76,NA,NA,NA,"tulip",NA,NA,NA
"brodeur",81,NA,NA,NA,"turnstile",NA,NA,NA
"brodeur",89,NA,NA,NA,"urinal",NA,NA,NA
"brodeur",73,NA,NA,NA,"walkietalkie",NA,NA,NA
"brodeur",78,NA,NA,NA,"waterfountain",NA,NA,NA
"brodeur",75,NA,NA,NA,"well",NA,NA,NA
"brodeur",72,NA,NA,NA,"wheat",NA,NA,NA
"brodeur",91,NA,NA,NA,"wheelbarrow",NA,NA,NA
"brodeur",82,NA,NA,NA,"windshieldwiper",NA,NA,NA
"brodeur",86,NA,NA,NA,"witchhat",NA,NA,NA
"brodeur",89,NA,NA,NA,"xylophone",NA,NA,NA
"brodeur",100,NA,NA,NA,"zipper",NA,NA,NA
"moreno-martinez",92,NA,NA,NA,"anchovy",NA,NA,NA
"moreno-martinez",96,NA,NA,NA,"ant",NA,NA,NA
"moreno-martinez",99,NA,NA,NA,"apple",NA,NA,NA
"moreno-martinez",71,NA,NA,NA,"armchair",NA,NA,NA
"moreno-martinez",88,NA,NA,NA,"armour",NA,NA,NA
"moreno-martinez",96,NA,NA,NA,"axe",NA,NA,NA
"moreno-martinez",91,NA,NA,NA,"bathrobe",NA,NA,NA
"moreno-martinez",76,NA,NA,NA,"bedsidetable",NA,NA,NA
"moreno-martinez",82,NA,NA,NA,"beetle",NA,NA,NA
"moreno-martinez",77,NA,NA,NA,"boomerang",NA,NA,NA
"moreno-martinez",92,NA,NA,NA,"bracelet",NA,NA,NA
"moreno-martinez",96,NA,NA,NA,"cap",NA,NA,NA
"moreno-martinez",85,NA,NA,NA,"carnation",NA,NA,NA
"moreno-martinez",81,NA,NA,NA,"cathedral",NA,NA,NA
"moreno-martinez",83,NA,NA,NA,"centipede",NA,NA,NA
"moreno-martinez",72,NA,NA,NA,"chestnut",NA,NA,NA
"moreno-martinez",94,NA,NA,NA,"chorizo",NA,NA,NA
"moreno-martinez",85,NA,NA,NA,"church",NA,NA,NA
"moreno-martinez",75,NA,NA,NA,"clog",NA,NA,NA
"moreno-martinez",97,NA,NA,NA,"compasses",NA,NA,NA
"moreno-martinez",93,NA,NA,NA,"cookie",NA,NA,NA
"moreno-martinez",96,NA,NA,NA,"crmecaramel",NA,NA,NA
"moreno-martinez",76,NA,NA,NA,"crocodile",NA,NA,NA
"moreno-martinez",97,NA,NA,NA,"cucumber",NA,NA,NA
"moreno-martinez",95,NA,NA,NA,"daisy",NA,NA,NA
"moreno-martinez",95,NA,NA,NA,"dart",NA,NA,NA
"moreno-martinez",78,NA,NA,NA,"diamond",NA,NA,NA
"moreno-martinez",99,NA,NA,NA,"dolphin",NA,NA,NA
"moreno-martinez",92,NA,NA,NA,"drum",NA,NA,NA
"moreno-martinez",93,NA,NA,NA,"eggplant",NA,NA,NA
"moreno-martinez",93,NA,NA,NA,"felttippen",NA,NA,NA
"moreno-martinez",80,NA,NA,NA,"fig",NA,NA,NA
"moreno-martinez",76,NA,NA,NA,"fillingcabinet",NA,NA,NA
"moreno-martinez",99,NA,NA,NA,"fly",NA,NA,NA
"moreno-martinez",96,NA,NA,NA,"folder",NA,NA,NA
"moreno-martinez",74,NA,NA,NA,"fondue",NA,NA,NA
"moreno-martinez",88,NA,NA,NA,"fountainpen",NA,NA,NA
"moreno-martinez",96,NA,NA,NA,"fritter",NA,NA,NA
"moreno-martinez",99,NA,NA,NA,"fryingpan",NA,NA,NA
"moreno-martinez",96,NA,NA,NA,"grapes",NA,NA,NA
"moreno-martinez",89,NA,NA,NA,"grenade",NA,NA,NA
"moreno-martinez",92,NA,NA,NA,"harp",NA,NA,NA
"moreno-martinez",87,NA,NA,NA,"hen",NA,NA,NA
"moreno-martinez",71,NA,NA,NA,"hummingbird",NA,NA,NA
"moreno-martinez",96,NA,NA,NA,"kiwifruit",NA,NA,NA
"moreno-martinez",95,NA,NA,NA,"ladybird",NA,NA,NA
"moreno-martinez",97,NA,NA,NA,"lettuce",NA,NA,NA
"moreno-martinez",99,NA,NA,NA,"ludo",NA,NA,NA
"moreno-martinez",74,NA,NA,NA,"lynx",NA,NA,NA
"moreno-martinez",96,NA,NA,NA,"maracas",NA,NA,NA
"moreno-martinez",97,NA,NA,NA,"mill",NA,NA,NA
"moreno-martinez",99,NA,NA,NA,"motorbike",NA,NA,NA
"moreno-martinez",92,NA,NA,NA,"mussel",NA,NA,NA
"moreno-martinez",99,NA,NA,NA,"necklace",NA,NA,NA
"moreno-martinez",81,NA,NA,NA,"nut",NA,NA,NA
"moreno-martinez",90,NA,NA,NA,"pasty",NA,NA,NA
"moreno-martinez",99,NA,NA,NA,"pencil",NA,NA,NA
"moreno-martinez",95,NA,NA,NA,"pendant",NA,NA,NA
"moreno-martinez",99,NA,NA,NA,"pepper",NA,NA,NA
"moreno-martinez",96,NA,NA,NA,"piano",NA,NA,NA
"moreno-martinez",99,NA,NA,NA,"pigeon",NA,NA,NA
"moreno-martinez",89,NA,NA,NA,"pincers",NA,NA,NA
"moreno-martinez",76,NA,NA,NA,"pistachio",NA,NA,NA
"moreno-martinez",84,NA,NA,NA,"pomegranate",NA,NA,NA
"moreno-martinez",89,NA,NA,NA,"poppy",NA,NA,NA
"moreno-martinez",83,NA,NA,NA,"raisin",NA,NA,NA
"moreno-martinez",77,NA,NA,NA,"raven",NA,NA,NA
"moreno-martinez",78,NA,NA,NA,"razorshell",NA,NA,NA
"moreno-martinez",96,NA,NA,NA,"rhino",NA,NA,NA
"moreno-martinez",98,NA,NA,NA,"rose",NA,NA,NA
"moreno-martinez",87,NA,NA,NA,"saxophone",NA,NA,NA
"moreno-martinez",79,NA,NA,NA,"shanty",NA,NA,NA
"moreno-martinez",97,NA,NA,NA,"skate",NA,NA,NA
"moreno-martinez",95,NA,NA,NA,"skittle",NA,NA,NA
"moreno-martinez",81,NA,NA,NA,"sofa",NA,NA,NA
"moreno-martinez",84,NA,NA,NA,"spinningtop",NA,NA,NA
"moreno-martinez, DR2",96,NA,NA,NA,"stool",NA,NA,NA
"moreno-martinez",89,NA,NA,NA,"strainer",NA,NA,NA
"moreno-martinez",93,NA,NA,NA,"tablefootball",NA,NA,NA
"moreno-martinez",99,NA,NA,NA,"tambourine",NA,NA,NA
"moreno-martinez",95,NA,NA,NA,"toe",NA,NA,NA
"moreno-martinez",99,NA,NA,NA,"tractor",NA,NA,NA
"moreno-martinez",97,NA,NA,NA,"trumpet",NA,NA,NA
"moreno-martinez",99,NA,NA,NA,"undershirt",NA,NA,NA
"moreno-martinez",95,NA,NA,NA,"van",NA,NA,NA
"moreno-martinez",97,NA,NA,NA,"walnut",NA,NA,NA
"moreno-martinez",88,NA,NA,NA,"wasp",NA,NA,NA
"moreno-martinez",97,NA,NA,NA,"watermelon",NA,NA,NA
"DR2",80,NA,NA,NA,"anvil",NA,NA,NA
"DR2",88.2,NA,NA,NA,"artichoke",NA,NA,NA
"DR2",100,NA,NA,NA,"asparagus",NA,NA,NA
"DR2",100,NA,NA,NA,"bandaid",NA,NA,NA
"DR2",100,NA,NA,NA,"barrel",NA,NA,NA
"DR2",90,NA,NA,NA,"bartender",NA,NA,NA
"DR2",96.4285714,NA,NA,NA,"bathtub",NA,NA,NA
"DR2",95.4545455,NA,NA,NA,"bee",NA,NA,NA
"DR2",91.4,NA,NA,NA,"boxinggloves",NA,NA,NA
"DR2",90.9,NA,NA,NA,"butter",NA,NA,NA
"DR2",95.2,NA,NA,NA,"canoe",NA,NA,NA
"DR2",92.2,NA,NA,NA,"canopener",NA,NA,NA
"DR2",96.6666667,NA,NA,NA,"carousel",NA,NA,NA
"DR2",100,NA,NA,NA,"chain",NA,NA,NA
"DR2",100,NA,NA,NA,"cheese",NA,NA,NA
"DR2",95.4545455,NA,NA,NA,"cherry",NA,NA,NA
"DR2",81.8181818,NA,NA,NA,"chicken",NA,NA,NA
"DR2",100,NA,NA,NA,"chopsticks",NA,NA,NA
"DR2",100,NA,NA,NA,"clothespin",NA,NA,NA
"DR2",87.5,NA,NA,NA,"corkscrew",NA,NA,NA
"DR2",92.8571429,NA,NA,NA,"crackers",NA,NA,NA
"DR2",100,NA,NA,NA,"crib",NA,NA,NA
"DR2",82.9,NA,NA,NA,"dentist",NA,NA,NA
"DR2",97.5609756,NA,NA,NA,"diaper",NA,NA,NA
"DR2",94.3,NA,NA,NA,"donkey",NA,NA,NA
"DR2",89.7435897,NA,NA,NA,"drill",NA,NA,NA
"DR2",100,NA,NA,NA,"eagle",NA,NA,NA
"DR2",92.3076923,NA,NA,NA,"earring",NA,NA,NA
"DR2",100,NA,NA,NA,"firetruck",NA,NA,NA
"DR2",95.3488372,NA,NA,NA,"fishtank",NA,NA,NA
"DR2",100,NA,NA,NA,"funnel",NA,NA,NA
"DR2",100,NA,NA,NA,"glasses",NA,NA,NA
"DR2",100,NA,NA,NA,"globe",NA,NA,NA
"DR2",96,NA,NA,NA,"grasshopper",NA,NA,NA
"DR2",100,NA,NA,NA,"grill",NA,NA,NA
"DR2",100,NA,NA,NA,"hammock",NA,NA,NA
"DR2",89.3,NA,NA,NA,"highchair",NA,NA,NA
"DR2",98.0769231,NA,NA,NA,"hinge",NA,NA,NA
"DR2",92.3076923,NA,NA,NA,"hoe",NA,NA,NA
"DR2",100,NA,NA,NA,"igloo",NA,NA,NA
"DR2",96.7,NA,NA,NA,"ironingboard",NA,NA,NA
"DR2",88.6,NA,NA,NA,"jackhammer",NA,NA,NA
"DR2",100,NA,NA,NA,"jar",NA,NA,NA
"DR2",88.6,NA,NA,NA,"jumprope",NA,NA,NA
"DR2",96,NA,NA,NA,"ladle",NA,NA,NA
"boss, DR2",100,NA,NA,NA,"lemon",NA,NA,NA
"DR2",93.2,NA,NA,NA,"lightbulb",NA,NA,NA
"DR2",100,NA,NA,NA,"llama",NA,NA,NA
"DR2",96.4,NA,NA,NA,"magnet",NA,NA,NA
"DR2",100,NA,NA,NA,"match",NA,NA,NA
"DR2",96.4285714,NA,NA,NA,"mixer",NA,NA,NA
"DR2",100,NA,NA,NA,"moose",NA,NA,NA
"DR2",89.3,NA,NA,NA,"mosquito",NA,NA,NA
"DR2",100,NA,NA,NA,"needle",NA,NA,NA
"boss, DR2",100,NA,NA,NA,"onion",NA,NA,NA
"DR2",97.4,NA,NA,NA,"ostrich",NA,NA,NA
"DR2",97.4,NA,NA,NA,"paint",NA,NA,NA
"DR2",90.9090909,NA,NA,NA,"pan",NA,NA,NA
"DR2",96.4,NA,NA,NA,"panda",NA,NA,NA
"DR2",90.9,NA,NA,NA,"pants",NA,NA,NA
"DR2",100,NA,NA,NA,"paperclip",NA,NA,NA
"DR2",100,NA,NA,NA,"parachute",NA,NA,NA
"DR2",100,NA,NA,NA,"peach",NA,NA,NA
"DR2",97.1,NA,NA,NA,"peanut",NA,NA,NA
"DR2",85.7142857,NA,NA,NA,"peas",NA,NA,NA
"DR2",92.3,NA,NA,NA,"pelican",NA,NA,NA
"DR2",100,NA,NA,NA,"pencilsharpener",NA,NA,NA
"DR2",87.2,NA,NA,NA,"piggybank",NA,NA,NA
"DR2",95.4545455,NA,NA,NA,"pitcher",NA,NA,NA
"DR2",88.6,NA,NA,NA,"pitchfork",NA,NA,NA
"DR2",97.6190476,NA,NA,NA,"pizza",NA,NA,NA
"DR2",91.5,NA,NA,NA,"pliers",NA,NA,NA
"DR2",96.4285714,NA,NA,NA,"policeman",NA,NA,NA
"DR2",100,NA,NA,NA,"popcorn",NA,NA,NA
"DR2",95.3,NA,NA,NA,"popsicle",NA,NA,NA
"DR2",97.4,NA,NA,NA,"porcupine",NA,NA,NA
"DR2",92.9,NA,NA,NA,"priest",NA,NA,NA
"DR2",71.4,NA,NA,NA,"purse",NA,NA,NA
"DR2",89.2857143,NA,NA,NA,"puzzle",NA,NA,NA
"DR2",97.9,NA,NA,NA,"raccoon",NA,NA,NA
"DR2",100,NA,NA,NA,"radio",NA,NA,NA
"DR2",93,NA,NA,NA,"radish",NA,NA,NA
"DR2",86.6666667,NA,NA,NA,"railroadtracks",NA,NA,NA
"DR2",100,NA,NA,NA,"razor",NA,NA,NA
"DR2",100,NA,NA,NA,"refrigerator",NA,NA,NA
"DR2",90.6976744,NA,NA,NA,"rockingchair",NA,NA,NA
"DR2",94.4,NA,NA,NA,"rollerskate",NA,NA,NA
"DR2",94.9,NA,NA,NA,"rollingpin",NA,NA,NA
"DR2",97.6,NA,NA,NA,"rooster",NA,NA,NA
"DR2",100,NA,NA,NA,"rug",NA,NA,NA
"DR2",100,NA,NA,NA,"safe",NA,NA,NA
"DR2",90.7,NA,NA,NA,"safetypin",NA,NA,NA
"DR2",78.6,NA,NA,NA,"salsa",NA,NA,NA
"DR2",100,NA,NA,NA,"salt",NA,NA,NA
"DR2",89.2857143,NA,NA,NA,"seesaw",NA,NA,NA
"DR2",100,NA,NA,NA,"sewingmachine",NA,NA,NA
"DR2",100,NA,NA,NA,"skunk",NA,NA,NA
"DR2",96.8,NA,NA,NA,"sled",NA,NA,NA
"DR2",100,NA,NA,NA,"slingshot",NA,NA,NA
"DR2",95.6521739,NA,NA,NA,"slipper",NA,NA,NA
"DR2",96.6,NA,NA,NA,"spaghetti",NA,NA,NA
"DR2",100,NA,NA,NA,"spatula",NA,NA,NA
"DR2",95.5,NA,NA,NA,"steeringwheel",NA,NA,NA
"DR2",100,NA,NA,NA,"stocking",NA,NA,NA
"moreno-martinez, DR2",96,NA,NA,NA,"stool",NA,NA,NA
"DR2",96.7741935,NA,NA,NA,"stroller",NA,NA,NA
"DR2",100,NA,NA,NA,"swan",NA,NA,NA
"DR2",92.9,NA,NA,NA,"sweater",NA,NA,NA
"DR2",72.7272727,NA,NA,NA,"tape",NA,NA,NA
"DR2",84.6153846,NA,NA,NA,"taperecorder",NA,NA,NA
"DR2",94.2857143,NA,NA,NA,"tennisracket",NA,NA,NA
"DR2",78,NA,NA,NA,"thermos",NA,NA,NA
"DR2",100,NA,NA,NA,"thimble",NA,NA,NA
"DR2",88.1,NA,NA,NA,"tire",NA,NA,NA
"boss, DR2",100,NA,NA,NA,"tomato",NA,NA,NA
"boss, DR2",100,NA,NA,NA,"toothbrush",NA,NA,NA
"DR2",100,NA,NA,NA,"tripod",NA,NA,NA
"DR2",100,NA,NA,NA,"trophy",NA,NA,NA
"DR2",100,NA,NA,NA,"tv",NA,NA,NA
"DR2",97.6,NA,NA,NA,"tweezers",NA,NA,NA
"DR2",97.6,NA,NA,NA,"unicorn",NA,NA,NA
"DR2",94.4,NA,NA,NA,"unicycle",NA,NA,NA
"DR2",94.1176471,NA,NA,NA,"vacuum",NA,NA,NA
"DR2",100,NA,NA,NA,"waffle",NA,NA,NA
"DR2",97.6190476,NA,NA,NA,"wallet",NA,NA,NA
"DR2",97.4,NA,NA,NA,"walrus",NA,NA,NA
"DR2",80,NA,NA,NA,"washingmachine",NA,NA,NA
"DR2",94.7368421,NA,NA,NA,"wateringcan",NA,NA,NA
"DR2",95.5,NA,NA,NA,"wolf",NA,NA,NA
"DR2",86.3636364,NA,NA,NA,"worm",NA,NA,NA
"DR2",100,NA,NA,NA,"yoyo",NA,NA,NA
