stimuli,lemma,n,percent,isPicturable,notNoun,checkThisWord,duplicateOf,synonymOf,lemma_hc
arrival_4,ear,12,37.5,1,0,0,ears,,ear
arrival_4,heis,27,84.375,0,1,1,,,heis
arrival_4,sheis,26,81.25,0,1,1,,,sheis
arrival_4,itis,24,75,0,1,1,,,itis
arrival_4,thatis,18,56.25,0,1,1,,,thatis
arrival_4,theyare,16,50,0,1,1,,,theyare
arrival_4,iti,15,46.875,0,1,1,,,iti
arrival_4,thereis,15,46.875,0,1,1,,,thereis
arrival_4,whois,12,37.5,0,1,1,,,whois
arrival_4,hei,10,31.25,0,1,1,,,hei
arrival_4,whatis,10,31.25,0,1,1,,,whatis
arrival_4,titis,8,25,0,1,1,,,titis
arrival_4,tthereis,8,25,0,1,1,,,tthereis
arrival_4,glassis,5,15.625,1,0,1,,,glasses
arrival_4,Iam,5,15.625,0,1,1,,,Iam
arrival_4,mans,5,15.625,0,1,1,,,mans
arrival_4,shei,5,15.625,0,1,1,,,shei
arrival_4,weare,5,15.625,0,1,1,,,weare
arrival_4,thati,4,12.5,0,1,1,,,thati
arrival_4,letus,3,9.375,0,1,1,,,letus
arrival_4,somebodys,3,9.375,0,1,1,,,somebodys
arrival_4,sunglasse,3,9.375,1,0,1,sunglass,,sunglasses
arrival_4,theis,3,9.375,0,1,1,,,theis
arrival_4,benche,2,6.25,1,0,1,,,bench
arrival_4,Ibe,2,6.25,0,1,1,,,Ibe
arrival_4,potatoe,2,6.25,1,0,1,,,potato
arrival_4,sho,2,6.25,0,1,1,,,sho
arrival_4,tsheis,2,6.25,0,1,1,,,tsheis
arrival_4,tthatis,2,6.25,0,1,1,,,tthatis
arrival_4,wehave,2,6.25,0,1,1,,,wehave
arrival_4,whatevers,2,6.25,0,1,1,,,whatevers
arrival_4,youare,2,6.25,0,1,1,,,youare
arrival_4,boxe,1,3.125,1,0,1,,,box
arrival_4,chimmny,1,3.125,1,0,1,,,chimney
arrival_4,clbe,1,3.125,0,1,1,,,clbe
arrival_4,cotta,1,3.125,0,1,1,,,cotta
arrival_4,distratch,1,3.125,0,1,1,,,distratch
arrival_4,firehydrant,1,3.125,1,0,1,,,firehydrant
arrival_4,fivehundredfifty,1,3.125,0,1,1,,,fivehundredfifty
arrival_4,fivethousandsixhundredseventyeight,1,3.125,0,1,1,,,fivethousandsixhundredseventyeight
arrival_4,lande,1,3.125,0,1,1,,,lande
arrival_4,padde,1,3.125,0,1,1,,,padde
arrival_4,peanks,1,3.125,0,1,1,,,peanks
arrival_4,po,1,3.125,0,1,1,,,po
arrival_4,selfservice,1,3.125,0,1,1,,,selfservice
arrival_4,sidebyside,1,3.125,0,1,1,,,sidebyside
arrival_4,someones,1,3.125,0,1,1,,,someones
arrival_4,somethings,1,3.125,0,1,1,,,somethings
arrival_4,stofe,1,3.125,0,1,1,,,stofe
arrival_4,sunglass,1,3.125,1,0,1,sunglasse,,sunglasses
arrival_4,tac,1,3.125,0,1,1,,,tac
arrival_4,terra,1,3.125,0,1,1,,,terra
arrival_4,theyhave,1,3.125,0,1,1,,,theyhave
arrival_4,thitey,1,3.125,0,1,1,,,thitey
arrival_4,twostory,1,3.125,0,1,1,,,twostory
arrival_4,whereis,1,3.125,0,1,1,,,whereis
arrival_4,whoi,1,3.125,0,1,1,,,whoi
arrival_4,xx,1,3.125,0,1,1,,,xx
arrival_4,youhave,1,3.125,0,1,1,,,youhave
arrival_4,book,28,87.5,1,0,0,,,book
arrival_4,hat,28,87.5,1,0,0,,,hat
arrival_4,map,28,87.5,1,0,0,,,map
arrival_4,people,28,87.5,1,0,0,,,people
arrival_4,ticket,28,87.5,1,0,0,,,ticket
arrival_4,train,28,87.5,1,0,0,,,train
arrival_4,boy,27,84.375,1,0,0,,,boy
arrival_4,boat,26,81.25,1,0,0,,,boat
arrival_4,city,26,81.25,1,0,0,,,city
arrival_4,drawer,26,81.25,1,0,0,,,drawer
arrival_4,man,26,81.25,1,0,0,,"gentleman, guy",man
arrival_4,picture,26,81.25,1,0,0,,,picture
arrival_4,shovel,26,81.25,1,0,0,,,shovel
arrival_4,tail,26,81.25,1,0,0,,,tail
arrival_4,basket,24,75,1,0,0,,,basket
arrival_4,sky,24,75,1,0,0,,,sky
arrival_4,woman,24,75,1,0,0,,lady,woman
arrival_4,cat,23,71.875,1,0,0,,,cat
arrival_4,hand,23,71.875,1,0,0,,palm,hand
arrival_4,lot,23,71.875,1,0,0,,,lot
arrival_4,money,23,71.875,1,0,0,,,money
arrival_4,pocket,23,71.875,1,0,0,,,pocket
arrival_4,building,22,68.75,1,0,0,,,building
arrival_4,door,22,68.75,1,0,0,,,door
arrival_4,fish,22,68.75,1,0,0,,,fish
arrival_4,girl,21,65.625,1,0,0,,,girl
arrival_4,street,21,65.625,1,0,0,,,street
arrival_4,bread,20,62.5,1,0,0,,loaf,bread
arrival_4,food,20,62.5,1,0,0,,,food
arrival_4,top,19,59.375,1,0,0,,,top
arrival_4,bird,17,53.125,1,0,0,,,bird
arrival_4,paper,17,53.125,1,0,0,,,paper
arrival_4,phone,17,53.125,1,0,0,,telephone,phone
arrival_4,ship,17,53.125,1,0,0,,,ship
arrival_4,shoe,17,53.125,1,0,0,,,shoe
arrival_4,vest,17,53.125,1,0,0,,,vest
arrival_4,wall,17,53.125,1,0,0,,,wall
arrival_4,chimney,16,50,1,0,0,,,chimney
arrival_4,coal,16,50,1,0,0,,,coal
arrival_4,page,16,50,1,0,0,,,page
arrival_4,snake,16,50,1,0,0,,,snake
arrival_4,statue,16,50,1,0,0,,,statue
arrival_4,arm,15,46.875,1,0,0,,,arm
arrival_4,bench,15,46.875,1,0,0,,,bench
arrival_4,face,15,46.875,1,0,0,,,face
arrival_4,fire,15,46.875,1,0,0,,,fire
arrival_4,fruit,15,46.875,1,0,0,,,fruit
arrival_4,furnace,15,46.875,1,0,0,,,furnace
arrival_4,house,15,46.875,1,0,0,,,house
arrival_4,pet,15,46.875,1,0,0,,,pet
arrival_4,shower,15,46.875,1,0,0,,,shower
arrival_4,ladder,14,43.75,1,0,0,,,ladder
arrival_4,smoke,14,43.75,1,0,0,,,smoke
arrival_4,telephone,14,43.75,1,0,0,,phone,telephone
arrival_4,billboard,13,40.625,1,0,0,,,billboard
arrival_4,bowl,13,40.625,1,0,0,,,bowl
arrival_4,box,13,40.625,1,0,0,,,box
arrival_4,bridge,13,40.625,1,0,0,,,bridge
arrival_4,ground,13,40.625,1,0,0,,,ground
arrival_4,horn,13,40.625,1,0,0,,,horn
arrival_4,lever,13,40.625,1,0,0,,,lever
arrival_4,megaphone,13,40.625,1,0,0,,,megaphone
arrival_4,number,13,40.625,1,0,0,,,number
arrival_4,bag,12,37.5,1,0,0,,,bag
arrival_4,cone,12,37.5,1,0,0,,,cone
arrival_4,head,12,37.5,1,0,0,,,head
arrival_4,tentacle,12,37.5,1,0,0,,,tentacle
arrival_4,conversation,11,34.375,1,0,0,,,conversation
arrival_4,glass,11,34.375,1,0,0,,,glass
arrival_4,teepee,11,34.375,1,0,0,,,teepee
arrival_4,car,10,31.25,1,0,0,,,car
arrival_4,conductor,10,31.25,1,0,0,,,conductor
arrival_4,eye,10,31.25,1,0,0,,eyeball,eye
arrival_4,foot,10,31.25,1,0,0,,,foot
arrival_4,loaf,10,31.25,1,0,0,,bread,loaf
arrival_4,mouth,10,31.25,1,0,0,,,mouth
arrival_4,vegetable,10,31.25,1,0,0,,,vegetable
arrival_4,chest,9,28.125,1,0,0,,,chest
arrival_4,child,9,28.125,1,0,0,,,child
arrival_4,dial,9,28.125,1,0,0,,,dial
arrival_4,dragon,9,28.125,1,0,0,,,dragon
arrival_4,finger,9,28.125,1,0,0,,,finger
arrival_4,gentleman,9,28.125,1,0,0,,"man, guy",gentleman
arrival_4,jacket,9,28.125,1,0,0,,coat,jacket
arrival_4,key,9,28.125,1,0,0,,,key
arrival_4,land,9,28.125,1,0,0,,,land
arrival_4,lap,9,28.125,1,0,0,,,lap
arrival_4,milk,9,28.125,1,0,0,,,milk
arrival_4,owl,9,28.125,1,0,0,,,owl
arrival_4,pot,9,28.125,1,0,0,,,pot
arrival_4,shirt,9,28.125,1,0,0,,,shirt
arrival_4,shrimp,9,28.125,1,0,0,,,shrimp
arrival_4,smokestack,9,28.125,1,0,0,,,smokestack
arrival_4,strawberry,9,28.125,1,0,0,,,strawberry
arrival_4,suspender,9,28.125,1,0,0,,,suspender
arrival_4,vase,9,28.125,1,0,0,,,vase
arrival_4,clothes,8,25,1,0,0,,,clothes
arrival_4,coat,8,25,1,0,0,,jacket,coat
arrival_4,half,8,25,0,0,0,,,half
arrival_4,lizard,8,25,1,0,0,,,lizard
arrival_4,row,8,25,1,0,0,,,row
arrival_4,sidewalk,8,25,1,0,0,,,sidewalk
arrival_4,station,8,25,1,0,0,,,station
arrival_4,thumb,8,25,1,0,0,,,thumb
arrival_4,water,8,25,1,0,0,,,water
arrival_4,window,8,25,1,0,0,,,window
arrival_4,body,7,21.875,1,0,0,,,body
arrival_4,brush,7,21.875,1,0,0,,,brush
arrival_4,cheese,7,21.875,1,0,0,,,cheese
arrival_4,circle,7,21.875,1,0,0,,,circle
arrival_4,dog,7,21.875,1,0,0,,,dog
arrival_4,guy,7,21.875,1,0,0,,"man, gentleman",guy
arrival_4,lady,7,21.875,1,0,0,,woman,lady
arrival_4,light,7,21.875,1,0,0,,,light
arrival_4,lock,7,21.875,1,0,0,,,lock
arrival_4,middle,7,21.875,1,0,0,,,middle
arrival_4,mouse,7,21.875,1,0,0,,,mouse
arrival_4,rain,7,21.875,1,0,0,,,rain
arrival_4,road,7,21.875,1,0,0,roads,,road
arrival_4,shoulder,7,21.875,1,0,0,,,shoulder
arrival_4,stair,7,21.875,1,0,0,,,stair
arrival_4,suit,7,21.875,1,0,0,,,suit
arrival_4,uniform,7,21.875,1,0,0,,,uniform
arrival_4,arch,6,18.75,1,0,0,,,arch
arrival_4,artichoke,6,18.75,1,0,0,,,artichoke
arrival_4,back,6,18.75,1,0,0,,,back
arrival_4,board,6,18.75,1,0,0,,,board
arrival_4,bottom,6,18.75,1,0,0,,,bottom
arrival_4,coffee,6,18.75,1,0,0,,,coffee
arrival_4,coin,6,18.75,1,0,0,,,coin
arrival_4,cross,6,18.75,1,0,0,,,cross
arrival_4,eggplant,6,18.75,1,0,0,,,eggplant
arrival_4,end,6,18.75,1,0,0,,,end
arrival_4,giant,6,18.75,1,0,0,,,giant
arrival_4,seat,6,18.75,1,0,0,,,seat
arrival_4,sink,6,18.75,1,0,0,,,sink
arrival_4,smile,6,18.75,1,0,0,,,smile
arrival_4,snow,6,18.75,1,0,0,,,snow
arrival_4,son,6,18.75,1,0,0,,,son
arrival_4,track,6,18.75,1,0,0,,,track
arrival_4,acorn,5,15.625,1,0,0,,,acorn
arrival_4,aqueduct,5,15.625,1,0,0,,,aqueduct
arrival_4,button,5,15.625,1,0,0,buttons,,button
arrival_4,castle,5,15.625,1,0,0,,,castle
arrival_4,couple,5,15.625,1,0,0,,,couple
arrival_4,distance,5,15.625,1,0,0,,,distance
arrival_4,dock,5,15.625,1,0,0,,,dock
arrival_4,drawing,5,15.625,1,0,0,,,drawing
arrival_4,dress,5,15.625,1,0,0,,,dress
arrival_4,floor,5,15.625,1,0,0,,,floor
arrival_4,fox,5,15.625,1,0,0,,,fox
arrival_4,hair,5,15.625,1,0,0,,,hair
arrival_4,handle,5,15.625,1,0,0,,,handle
arrival_4,hole,5,15.625,1,0,0,,,hole
arrival_4,mirror,5,15.625,1,0,0,,,mirror
arrival_4,passenger,5,15.625,1,0,0,,,passenger
arrival_4,passport,5,15.625,1,0,0,,,passport
arrival_4,photo,5,15.625,1,0,0,,,photo
arrival_4,plant,5,15.625,1,0,0,,,plant
arrival_4,platform,5,15.625,1,0,0,,,platform
arrival_4,potato,5,15.625,1,0,0,potatoe,,potato
arrival_4,purse,5,15.625,1,0,0,,,purse
arrival_4,squid,5,15.625,1,0,0,,,squid
arrival_4,tipi,5,15.625,1,0,0,"tipis, teepee",,tipi
arrival_4,urn,5,15.625,1,0,0,,,urn
arrival_4,watch,5,15.625,1,0,0,,,watch
arrival_4,apple,4,12.5,1,0,0,,,apple
arrival_4,beard,4,12.5,1,0,0,,,beard
arrival_4,beret,4,12.5,1,0,0,,,beret
arrival_4,boxcar,4,12.5,1,0,0,,,boxcar
arrival_4,cloud,4,12.5,1,0,0,,,cloud
arrival_4,color,4,12.5,1,0,0,,,color
arrival_4,corner,4,12.5,1,0,0,,,corner
arrival_4,cornucopia,4,12.5,1,0,0,,,cornucopia
arrival_4,cucumber,4,12.5,1,0,0,,,cucumber
arrival_4,cup,4,12.5,1,0,0,,,cup
arrival_4,egg,4,12.5,1,0,0,,,egg
arrival_4,factory,4,12.5,1,0,0,,,factory
arrival_4,gourd,4,12.5,1,0,0,,,gourd
arrival_4,heart,4,12.5,1,0,0,,,heart
arrival_4,home,4,12.5,1,0,0,,,home
arrival_4,image,4,12.5,1,0,0,,photograph,image
arrival_4,kid,4,12.5,1,0,0,,,kid
arrival_4,leg,4,12.5,1,0,0,,,leg
arrival_4,photograph,4,12.5,1,0,0,,image,photograph
arrival_4,robot,4,12.5,1,0,0,,,robot
arrival_4,scarf,4,12.5,1,0,0,,,scarf
arrival_4,sea,4,12.5,1,0,0,,,sea
arrival_4,shell,4,12.5,1,0,0,,,shell
arrival_4,shoelace,4,12.5,1,0,0,,shoestring,shoelace
arrival_4,space,4,12.5,1,0,0,,,space
arrival_4,spike,4,12.5,1,0,0,spikes,,spike
arrival_4,square,4,12.5,1,0,0,,,square
arrival_4,tie,4,12.5,1,0,0,,,tie
arrival_4,tube,4,12.5,1,0,0,,,tube
arrival_4,walkway,4,12.5,1,0,0,,,walkway
arrival_4,wheel,4,12.5,1,0,0,,,wheel
arrival_4,airship,3,9.375,1,0,0,,"airboat, skyship",airship
arrival_4,archway,3,9.375,1,0,0,arch,,archway
arrival_4,baby,3,9.375,1,0,0,,,baby
arrival_4,base,3,9.375,1,0,0,,,base
arrival_4,bend,3,9.375,1,0,0,,,bend
arrival_4,bicycle,3,9.375,1,0,0,,,bicycle
arrival_4,bill,3,9.375,1,0,0,,,bill
arrival_4,bow,3,9.375,1,0,0,,,bow
arrival_4,bubble,3,9.375,1,0,0,,,bubble
arrival_4,buttons,3,9.375,1,0,0,button,,buttons
arrival_4,cart,3,9.375,1,0,0,,,cart
arrival_4,cell,3,9.375,1,0,0,,,cell
arrival_4,cream,3,9.375,1,0,0,,,cream
arrival_4,cubicle,3,9.375,1,0,0,,,cubicle
arrival_4,ears,3,9.375,1,0,0,ear,,ears
arrival_4,edge,3,9.375,1,0,0,,,edge
arrival_4,engine,3,9.375,1,0,0,,,engine
arrival_4,flame,3,9.375,1,0,0,,,flame
arrival_4,identification,3,9.375,1,0,0,,,identification
arrival_4,jar,3,9.375,1,0,0,,,jar
arrival_4,knee,3,9.375,1,0,0,,,knee
arrival_4,line,3,9.375,1,0,0,,,line
arrival_4,lip,3,9.375,1,0,0,,,lip
arrival_4,male,3,9.375,1,0,0,man,,male
arrival_4,octopus,3,9.375,1,0,0,octopuses,,octopus
arrival_4,onion,3,9.375,1,0,0,,,onion
arrival_4,paddle,3,9.375,1,0,0,,,paddle
arrival_4,padlock,3,9.375,1,0,0,,,padlock
arrival_4,pier,3,9.375,1,0,0,,,pier
arrival_4,railroad,3,9.375,1,0,0,,railway,railroad
arrival_4,razor,3,9.375,1,0,0,,,razor
arrival_4,reflection,3,9.375,1,0,0,,,reflection
arrival_4,roadway,3,9.375,1,0,0,,road,roadway
arrival_4,root,3,9.375,1,0,0,,,root
arrival_4,squirrel,3,9.375,1,0,0,,,squirrel
arrival_4,stamp,3,9.375,1,0,0,stamps,,stamp
arrival_4,star,3,9.375,1,0,0,,,star
arrival_4,steam,3,9.375,1,0,0,,,steam
arrival_4,stove,3,9.375,1,0,0,,,stove
arrival_4,subway,3,9.375,1,0,0,,,subway
arrival_4,sun,3,9.375,1,0,0,,,sun
arrival_4,tipis,3,9.375,1,0,0,"tipi, teepee",,tipis
arrival_4,wedge,2,6.25,1,0,0,,,wedge
arrival_4,almond,2,6.25,1,0,0,,,almond
arrival_4,arrow,2,6.25,1,0,0,,,arrow
arrival_4,ball,2,6.25,1,0,0,,,ball
arrival_4,boot,2,6.25,1,0,0,,,boot
arrival_4,bottle,2,6.25,1,0,0,,,bottle
arrival_4,brick,2,6.25,1,0,0,,,brick
arrival_4,bulb,2,6.25,1,0,0,,,bulb
arrival_4,bunny,2,6.25,1,0,0,,rabbit,bunny
arrival_4,cabinet,2,6.25,1,0,0,,,cabinet
arrival_4,card,2,6.25,1,0,0,,,card
arrival_4,cargo,2,6.25,1,0,0,,,cargo
arrival_4,cityscape,2,6.25,1,0,0,,,cityscape
arrival_4,clam,2,6.25,1,0,0,,clamshell,clam
arrival_4,clamshell,2,6.25,1,0,0,,clam,clamshell
arrival_4,clock,2,6.25,1,0,0,,,clock
arrival_4,container,2,6.25,1,0,0,,,container
arrival_4,crank,2,6.25,1,0,0,,,crank
arrival_4,crowd,2,6.25,1,0,0,,,crowd
arrival_4,deck,2,6.25,1,0,0,,,deck
arrival_4,desk,2,6.25,1,0,0,,,desk
arrival_4,doorway,2,6.25,1,0,0,,,doorway
arrival_4,eel,2,6.25,1,0,0,,,eel
arrival_4,frame,2,6.25,1,0,0,,,frame
arrival_4,freeway,2,6.25,1,0,0,,highway,freeway
arrival_4,funnel,2,6.25,1,0,0,,,funnel
arrival_4,haircut,2,6.25,1,0,0,,,haircut
arrival_4,harbor,2,6.25,1,0,0,,bay,harbor
arrival_4,highway,2,6.25,1,0,0,,freeway,highway
arrival_4,hill,2,6.25,1,0,0,,,hill
arrival_4,king,2,6.25,1,0,0,,,king
arrival_4,mailbox,2,6.25,1,0,0,,,mailbox
arrival_4,minaret,2,6.25,1,0,0,,,minaret
arrival_4,mosque,2,6.25,1,0,0,,,mosque
arrival_4,neck,2,6.25,1,0,0,,,neck
arrival_4,newspaper,2,6.25,1,0,0,,,newspaper
arrival_4,nose,2,6.25,1,0,0,,,nose
arrival_4,notebook,2,6.25,1,0,0,,,notebook
arrival_4,octopuse,2,6.25,1,0,0,octopus,,octopuse
arrival_4,palm,2,6.25,1,0,0,,hand,palm
arrival_4,pants,2,6.25,1,0,0,,,pants
arrival_4,path,2,6.25,1,0,0,,"road, roadway, pathway",path
arrival_4,pathway,2,6.25,1,0,0,,path,pathway
arrival_4,prisoner,2,6.25,1,0,0,,,prisoner
arrival_4,propeller,2,6.25,1,0,0,,,propeller
arrival_4,rabbit,2,6.25,1,0,0, ,bunny,rabbit
arrival_4,railway,2,6.25,1,0,0,,railroad,railway
arrival_4,rectangle,2,6.25,1,0,0,rectangles,,rectangle
arrival_4,roads,2,6.25,1,0,0,road,,roads
arrival_4,rowboat,2,6.25,1,0,0,,,rowboat
arrival_4,sail,2,6.25,1,0,0,,,sail
arrival_4,sailor,2,6.25,1,0,0,,,sailor
arrival_4,sand,2,6.25,1,0,0,,,sand
arrival_4,screen,2,6.25,1,0,0,,,screen
arrival_4,sculpture,2,6.25,1,0,0,,,sculpture
arrival_4,serpent,2,6.25,1,0,0,,,serpent
arrival_4,shark,2,6.25,1,0,0,,,shark
arrival_4,shellfish,2,6.25,1,0,0,,,shellfish
arrival_4,shoulders,2,6.25,1,0,0,,,shoulders
arrival_4,snail,2,6.25,1,0,0,,,snail
arrival_4,squash,2,6.25,1,0,0,,,squash
arrival_4,stamps,2,6.25,1,0,0,stamp,,stamps
arrival_4,steamer,2,6.25,1,0,0,,,steamer
arrival_4,steamship,2,6.25,1,0,0,,,steamship
arrival_4,stem,2,6.25,1,0,0,,,stem
arrival_4,stick,2,6.25,1,0,0,,,stick
arrival_4,stomach,2,6.25,1,0,0,,,stomach
arrival_4,table,2,6.25,1,0,0,,,table
arrival_4,tadpole,2,6.25,1,0,0,,,tadpole
arrival_4,tomato,2,6.25,1,0,0,,,tomato
arrival_4,tongue,2,6.25,1,0,0,,,tongue
arrival_4,trains,2,6.25,1,0,0,,,trains
arrival_4,treasure,2,6.25,1,0,0,,,treasure
arrival_4,tree,2,6.25,1,0,0,,,tree
arrival_4,trumpet,2,6.25,1,0,0,,,trumpet
arrival_4,wagon,2,6.25,1,0,0,,,wagon
arrival_4,forearm,1,3.125,1,0,0,,,forearm
arrival_4,nod,1,3.125,1,0,0,,,nod
arrival_4,airboat,1,3.125,1,0,0,,"airship, skyship",airboat
arrival_4,airplane,1,3.125,1,0,0,,,airplane
arrival_4,alien,1,3.125,1,0,0,,,alien
arrival_4,angle,1,3.125,1,0,0,angles,,angle
arrival_4,angles,1,3.125,1,0,0,angle,,angles
arrival_4,apartment,1,3.125,1,0,0,,,apartment
arrival_4,apron,1,3.125,1,0,0,,,apron
arrival_4,automat,1,3.125,1,0,0,,,automat
arrival_4,avenue,1,3.125,1,0,0,,"road, roadway",avenue
arrival_4,balloon,1,3.125,1,0,0,,,balloon
arrival_4,bank,1,3.125,1,0,0,,,bank
arrival_4,barefoot,1,3.125,1,0,0,,,barefoot
arrival_4,barrel,1,3.125,1,0,0,,,barrel
arrival_4,barrette,1,3.125,1,0,0,,,barrette
arrival_4,basin,1,3.125,1,0,0,,,basin
arrival_4,basketball,1,3.125,1,0,0,,,basketball
arrival_4,bath,1,3.125,1,0,0,,,bath
arrival_4,bathroom,1,3.125,1,0,0,,,bathroom
arrival_4,beach,1,3.125,1,0,0,,,beach
arrival_4,beanies,1,3.125,1,0,0,,,beanies
arrival_4,belly,1,3.125,1,0,0,,,belly
arrival_4,beverage,1,3.125,1,0,0,,,beverage
arrival_4,block,1,3.125,1,0,0,,,block
arrival_4,boiler,1,3.125,1,0,0,,,boiler
arrival_4,boulevard,1,3.125,1,0,0,,avenue,boulevard
arrival_4,broom,1,3.125,1,0,0,,,broom
arrival_4,brow,1,3.125,1,0,0,,,brow
arrival_4,bubbler,1,3.125,1,0,0,,,bubbler
arrival_4,burl,1,3.125,1,0,0,,,burl
arrival_4,bus,1,3.125,1,0,0,,,bus
arrival_4,bush,1,3.125,1,0,0,,,bush
arrival_4,cage,1,3.125,1,0,0,,,cage
arrival_4,camera,1,3.125,1,0,0,,,camera
arrival_4,canva,1,3.125,1,0,0,,,canva
arrival_4,carrot,1,3.125,1,0,0,,,carrot
arrival_4,case,1,3.125,1,0,0,,,case
arrival_4,cauldron,1,3.125,1,0,0,,,cauldron
arrival_4,ceramics,1,3.125,1,0,0,,,ceramics
arrival_4,certificate,1,3.125,1,0,0,,,certificate
arrival_4,chain,1,3.125,1,0,0,,,chain
arrival_4,chair,1,3.125,1,0,0,,,chair
arrival_4,chameleon,1,3.125,1,0,0,,,chameleon
arrival_4,check,1,3.125,1,0,0,,,check
arrival_4,chestnut,1,3.125,1,0,0,,,chestnut
arrival_4,clay,1,3.125,1,0,0,,,clay
arrival_4,clothing,1,3.125,1,0,0,,,clothing
arrival_4,clouds,1,3.125,1,0,0,,,clouds
arrival_4,coals,1,3.125,1,0,0,,,coals
arrival_4,cook,1,3.125,1,0,0,,,cook
arrival_4,corn,1,3.125,1,0,0,,,corn
arrival_4,crab,1,3.125,1,0,0,,,crab
arrival_4,crevice,1,3.125,1,0,0,,,crevice
arrival_4,cube,1,3.125,1,0,0,,,cube
arrival_4,cupboard,1,3.125,1,0,0,,,cupboard
arrival_4,curve,1,3.125,1,0,0,,,curve
arrival_4,cut,1,3.125,1,0,0,,,cut
arrival_4,dinosaur,1,3.125,1,0,0,,,dinosaur
arrival_4,dirt,1,3.125,1,0,0,,,dirt
arrival_4,dome,1,3.125,1,0,0,,,dome
arrival_4,dot,1,3.125,1,0,0,,,dot
arrival_4,dresser,1,3.125,1,0,0,,,dresser
arrival_4,dungeon,1,3.125,1,0,0,,,dungeon
arrival_4,embrace,1,3.125,1,0,0,,,embrace
arrival_4,eyeball,1,3.125,1,0,0,,eye,eyeball
arrival_4,female,1,3.125,1,0,0,,woman,female
arrival_4,fern,1,3.125,1,0,0,,,fern
arrival_4,ferry,1,3.125,1,0,0,,,ferry
arrival_4,fisherman,1,3.125,1,0,0,,,fisherman
arrival_4,flower,1,3.125,1,0,0,,,flower
arrival_4,fossil,1,3.125,1,0,0,,,fossil
arrival_4,frown,1,3.125,1,0,0,,,frown
arrival_4,gate,1,3.125,1,0,0,,,gate
arrival_4,geoduck,1,3.125,1,0,0,,,geoduck
arrival_4,glove,1,3.125,1,0,0,,,glove
arrival_4,groceries,1,3.125,1,0,0,grocery,,groceries
arrival_4,grocery,1,3.125,1,0,0,groceries,,grocery
arrival_4,guard,1,3.125,1,0,0,,,guard
arrival_4,headscarf,1,3.125,1,0,0,,,headscarf
arrival_4,heel,1,3.125,1,0,0,,,heel
arrival_4,highrise,1,3.125,1,0,0,,,highrise
arrival_4,hose,1,3.125,1,0,0,,,hose
arrival_4,incinerator,1,3.125,1,0,0,,,incinerator
arrival_4,jail,1,3.125,1,0,0,,prison,jail
arrival_4,labyrinth,1,3.125,1,0,0,,,labyrinth
arrival_4,laugh,1,3.125,1,0,0,,,laugh
arrival_4,leaf,1,3.125,1,0,0,,,leaf
arrival_4,leap,1,3.125,1,0,0,,,leap
arrival_4,ledge,1,3.125,1,0,0,,,ledge
arrival_4,list,1,3.125,1,0,0,,,list
arrival_4,locker,1,3.125,1,0,0,,,locker
arrival_4,lung,1,3.125,1,0,0,,,lung
arrival_4,maraca,1,3.125,1,0,0,,,maraca
arrival_4,menu,1,3.125,1,0,0,,,menu
arrival_4,microphone,1,3.125,1,0,0,,,microphone
arrival_4,moon,1,3.125,1,0,0,,,moon
arrival_4,mountain,1,3.125,1,0,0,,,mountain
arrival_4,mustache,1,3.125,1,0,0,,,mustache
arrival_4,notepad,1,3.125,1,0,0,,,notepad
arrival_4,ocean,1,3.125,1,0,0,,,ocean
arrival_4,oven,1,3.125,1,0,0,,,oven
arrival_4,ox,1,3.125,1,0,0,,,ox
arrival_4,painting,1,3.125,1,0,0,,,painting
arrival_4,pans,1,3.125,1,0,0,,,pans
arrival_4,parrot,1,3.125,1,0,0,,,parrot
arrival_4,patient,1,3.125,1,0,0,,,patient
arrival_4,payphone,1,3.125,1,0,0,,,payphone
arrival_4,peak,1,3.125,1,0,0,,,peak
arrival_4,pen,1,3.125,1,0,0,,,pen
arrival_4,pew,1,3.125,1,0,0,,,pew
arrival_4,pie,1,3.125,1,0,0,,,pie
arrival_4,pig,1,3.125,1,0,0,,,pig
arrival_4,pipe,1,3.125,1,0,0,,,pipe
arrival_4,pop,1,3.125,1,0,0,,,pop
arrival_4,popcorn,1,3.125,1,0,0,,,popcorn
arrival_4,porthole,1,3.125,1,0,0,,,porthole
arrival_4,pottery,1,3.125,1,0,0,,,pottery
arrival_4,prawn,1,3.125,1,0,0,,,prawn
arrival_4,prison,1,3.125,1,0,0,,jail,prison
arrival_4,produce,1,3.125,1,0,0,,groceries,produce
arrival_4,puppy,1,3.125,1,0,0,,,puppy
arrival_4,quarter,1,3.125,1,0,0,,,quarter
arrival_4,quay,1,3.125,1,0,0,,,quay
arrival_4,rag,1,3.125,1,0,0,,,rag
arrival_4,rail,1,3.125,1,0,0,,,rail
arrival_4,ramp,1,3.125,1,0,0,,,ramp
arrival_4,rat,1,3.125,1,0,0,,,rat
arrival_4,rattle,1,3.125,1,0,0,,,rattle
arrival_4,reader,1,3.125,1,0,0,,,reader
arrival_4,rectangles,1,3.125,1,0,0,rectangle,,rectangles
arrival_4,ripple,1,3.125,1,0,0,,,ripple
arrival_4,river,1,3.125,1,0,0,,,river
arrival_4,rock,1,3.125,1,0,0,,,rock
arrival_4,rocket,1,3.125,1,0,0,,,rocket
arrival_4,roof,1,3.125,1,0,0,,roof,roof
arrival_4,rooftop,1,3.125,1,0,0,,rooftop,rooftop
arrival_4,rope,1,3.125,1,0,0,,,rope
arrival_4,roundabout,1,3.125,1,0,0,,,roundabout
arrival_4,safe,1,3.125,1,0,0,,,safe
arrival_4,sailboat,1,3.125,1,0,0,,,sailboat
arrival_4,sandcastle,1,3.125,1,0,0,,,sandcastle
arrival_4,scale,1,3.125,1,0,0,,,scale
arrival_4,seafood,1,3.125,1,0,0,,,seafood
arrival_4,seal,1,3.125,1,0,0,,,seal
arrival_4,shaver,1,3.125,1,0,0,,,shaver
arrival_4,shoestring,1,3.125,1,0,0,,shoelace,shoestring
arrival_4,shore,1,3.125,1,0,0,,,shore
arrival_4,skeleton,1,3.125,1,0,0,,,skeleton
arrival_4,skirt,1,3.125,1,0,0,,,skirt
arrival_4,skyline,1,3.125,1,0,0,,,skyline
arrival_4,skyship,1,3.125,1,0,0,,airship,skyship
arrival_4,spaceship,1,3.125,1,0,0,,,spaceship
arrival_4,spikes,1,3.125,1,0,0,spike,,spikes
arrival_4,squiggles,1,3.125,1,0,0,,,squiggles
arrival_4,stage,1,3.125,1,0,0,,,stage
arrival_4,staircase,1,3.125,1,0,0,,"stairway, stairwell",staircase
arrival_4,stairway,1,3.125,1,0,0,,"staircase, staircase",stairway
arrival_4,stairwell,1,3.125,1,0,0,,"staircase, stairway",stairwell
arrival_4,steamboat,1,3.125,1,0,0,,,steamboat
arrival_4,sternwheel,1,3.125,1,0,0,,,sternwheel
arrival_4,stone,1,3.125,1,0,0,,,stone
arrival_4,string,1,3.125,1,0,0,,,string
arrival_4,study,1,3.125,1,0,0,,,study
arrival_4,submarine,1,3.125,1,0,0,,,submarine
arrival_4,tails,1,3.125,1,0,0,,,tails
arrival_4,tea,1,3.125,1,0,0,,,tea
arrival_4,tendril,1,3.125,1,0,0,,,tendril
arrival_4,tent,1,3.125,1,0,0,,,tent
arrival_4,throat,1,3.125,1,0,0,,,throat
arrival_4,toe,1,3.125,1,0,0,,,toe
arrival_4,tower,1,3.125,1,0,0,towers,,tower
arrival_4,towers,1,3.125,1,0,0,tower,,towers
arrival_4,triangles,1,3.125,1,0,0,,,triangles
arrival_4,trifold,1,3.125,1,0,0,,,trifold
arrival_4,tshirt,1,3.125,1,0,0,,,tshirt
arrival_4,tunnel,1,3.125,1,0,0,,,tunnel
arrival_4,vegetables,1,3.125,1,0,0,,,vegetables
arrival_4,viaduct,1,3.125,1,0,0,,,viaduct
arrival_4,waist,1,3.125,1,0,0,,,waist
arrival_4,wallet,1,3.125,1,0,0,,,wallet
arrival_4,wave,1,3.125,1,0,0,,,wave
arrival_4,whale,1,3.125,1,0,0,,,whale
arrival_4,wigwam,1,3.125,1,0,0,,,wigwam
arrival_4,wing,1,3.125,1,0,0,,,wing
arrival_4,wood,1,3.125,1,0,0,,,wood
arrival_4,wrist,1,3.125,1,0,0,,,wrist
arrival_4,thing,24,75,0,0,0,,item,thing
arrival_4,kind,21,65.625,0,0,0,,sort,kind
arrival_4,animal,19,59.375,0,0,0,,,animal
arrival_4,creature,19,59.375,0,0,0,,,creature
arrival_4,machine,19,59.375,0,0,0,,,machine
arrival_4,way,19,59.375,0,0,0,,,way
arrival_4,um,18,56.25,0,0,0,,,um
arrival_4,air,17,53.125,0,0,0,,,air
arrival_4,piece,17,53.125,0,0,0,,,piece
arrival_4,language,16,50,0,0,0,,,language
arrival_4,side,16,50,0,0,0,,,side
arrival_4,type,16,50,0,0,0,,,type
arrival_4,father,15,46.875,0,0,0,,,father
arrival_4,direction,15,46.875,0,0,0,,,direction
arrival_4,one,15,46.875,0,0,0,,,one
arrival_4,person,15,46.875,0,0,0,,,person
arrival_4,time,15,46.875,0,0,0,,,time
arrival_4,scene,14,43.75,0,0,0,,,scene
arrival_4,umm,14,43.75,0,0,0,,,umm
arrival_4,point,13,40.625,0,0,0,,,point
arrival_4,place,13,40.625,0,0,0,,,place
arrival_4,sort,13,40.625,0,0,0,,kind,sort
arrival_4,friend,12,37.5,0,0,0,,,friend
arrival_4,background,12,37.5,0,0,0,,,background
arrival_4,item,12,37.5,0,0,0,,thing,item
arrival_4,story,12,37.5,0,0,0,,,story
arrival_4,bunch,11,34.375,0,0,0,,,bunch
arrival_4,look,11,34.375,0,0,0,,,look
arrival_4,structure,11,34.375,0,0,0,,,structure
arrival_4,town,11,34.375,0,0,0,,,town
arrival_4,work,11,34.375,0,0,0,,,work
arrival_4,front,10,31.25,0,0,0,,,front
arrival_4,question,10,31.25,0,0,0,,,question
arrival_4,uh,10,31.25,0,0,0,,,uh
arrival_4,day,9,28.125,0,0,0,,,day
arrival_4,center,9,28.125,0,0,0,,,center
arrival_4,area,8,25,0,0,0,,,area
arrival_4,bit,8,25,0,0,0,,,bit
arrival_4,room,8,25,0,0,0,,,room
arrival_4,announcement,7,21.875,0,0,0,,,announcement
arrival_4,left,7,21.875,0,0,0,,,left
arrival_4,part,7,21.875,0,0,0,,,part
arrival_4,shape,7,21.875,0,0,0,,,shape
arrival_4,stuff,7,21.875,0,0,0,,,stuff
arrival_4,dad,6,18.75,0,0,0,,,dad
arrival_4,ching,6,18.75,0,0,0,,,ching
arrival_4,motion,6,18.75,0,0,0,,,motion
arrival_4,object,6,18.75,0,0,0,,,object
arrival_4,transportation,6,18.75,0,0,0,,,transportation
arrival_4,word,6,18.75,0,0,0,,,word
arrival_4,fathers,5,15.625,0,0,0,,dads,fathers
arrival_4,compartment,5,15.625,0,0,0,,,compartment
arrival_4,destination,5,15.625,0,0,0,,,destination
arrival_4,gesture,5,15.625,0,0,0,,,gesture
arrival_4,goodbye,5,15.625,0,0,0,,,goodbye
arrival_4,help,5,15.625,0,0,0,,assistance,help
arrival_4,job,5,15.625,0,0,0,,,job
arrival_4,labor,5,15.625,0,0,0,,,labor
arrival_4,landscape,5,15.625,0,0,0,,,landscape
arrival_4,life,5,15.625,0,0,0,,,life
arrival_4,morning,5,15.625,0,0,0,,,morning
arrival_4,size,5,15.625,0,0,0,,,size
arrival_4,stop,5,15.625,0,0,0,,,stop
arrival_4,taker,5,15.625,0,0,0,,,taker
arrival_4,up,5,15.625,0,0,0,,,up
arrival_4,vehicle,5,15.625,0,0,0,,,vehicle
arrival_4,writing,5,15.625,0,0,0,,,writing
arrival_4,character,4,12.5,0,0,0,,,character
arrival_4,companion,4,12.5,0,0,0,,,companion
arrival_4,device,4,12.5,0,0,0,,,device
arrival_4,document,4,12.5,0,0,0,,,document
arrival_4,dozen,4,12.5,0,0,0,,,dozen
arrival_4,information,4,12.5,0,0,0,,,information
arrival_4,level,4,12.5,0,0,0,,,level
arrival_4,market,4,12.5,0,0,0,,,market
arrival_4,night,4,12.5,0,0,0,,,night
arrival_4,opening,4,12.5,0,0,0,,,opening
arrival_4,right,4,12.5,0,0,0,,,right
arrival_4,series,4,12.5,0,0,0,,,series
arrival_4,show,4,12.5,0,0,0,,,show
arrival_4,sign,4,12.5,0,0,0,,,sign
arrival_4,situation,4,12.5,0,0,0,,,situation
arrival_4,view,4,12.5,0,0,0,,,view
arrival_4,wicker,4,12.5,0,0,0,,,wicker
arrival_4,world,4,12.5,0,0,0,,,world
arrival_4,figure,3,9.375,0,0,0,,,figure
arrival_4,store,3,9.375,0,0,0,,,store
arrival_4,booklet,3,9.375,0,0,0,,,booklet
arrival_4,cement,3,9.375,0,0,0,,,cement
arrival_4,country,3,9.375,0,0,0,,,country
arrival_4,detail,3,9.375,0,0,0,,,detail
arrival_4,expression,3,9.375,0,0,0,,,expression
arrival_4,flashback,3,9.375,0,0,0,,,flashback
arrival_4,form,3,9.375,0,0,0,,,form
arrival_4,heat,3,9.375,0,0,0,,,heat
arrival_4,idea,3,9.375,0,0,0,,,idea
arrival_4,inside,3,9.375,0,0,0,,,inside
arrival_4,journey,3,9.375,0,0,0,,,journey
arrival_4,landing,3,9.375,0,0,0,,,landing
arrival_4,metal,3,9.375,0,0,0,,,metal
arrival_4,name,3,9.375,0,0,0,,,name
arrival_4,order,3,9.375,0,0,0,,,order
arrival_4,reading,3,9.375,0,0,0,,,reading
arrival_4,ride,3,9.375,0,0,0,,,ride
arrival_4,ring,3,9.375,0,0,0,,,ring
arrival_4,secret,3,9.375,0,0,0,,,secret
arrival_4,set,3,9.375,0,0,0,,,set
arrival_4,slash,3,9.375,0,0,0,,,slash
arrival_4,stack,3,9.375,0,0,0,,,stack
arrival_4,start,3,9.375,0,0,0,,,start
arrival_4,stripe,3,9.375,0,0,0,,,stripe
arrival_4,style,3,9.375,0,0,0,,,style
arrival_4,symbol,3,9.375,0,0,0,,,symbol
arrival_4,talk,3,9.375,0,0,0,,,talk
arrival_4,tone,3,9.375,0,0,0,,,tone
arrival_4,translation,3,9.375,0,0,0,,,translation
arrival_4,variety,3,9.375,0,0,0,,,variety
arrival_4,vessel,3,9.375,0,0,0,,,vessel
arrival_4,village,3,9.375,0,0,0,,,village
arrival_4,slave,2,6.25,0,0,0,,,slave
arrival_4,step,2,6.25,0,0,0,,,step
arrival_4,adult,2,6.25,0,0,0,,,adult
arrival_4,adventure,2,6.25,0,0,0,,,adventure
arrival_4,advertising,2,6.25,0,0,0,,,advertising
arrival_4,attention,2,6.25,0,0,0,,,attention
arrival_4,bay,2,6.25,0,0,0,,harbor,bay
arrival_4,booth,2,6.25,0,0,0,,,booth
arrival_4,camp,2,6.25,0,0,0,,,camp
arrival_4,change,2,6.25,0,0,0,,,change
arrival_4,charge,2,6.25,0,0,0,,,charge
arrival_4,closeup,2,6.25,0,0,0,,,closeup
arrival_4,combination,2,6.25,0,0,0,,,combination
arrival_4,concrete,2,6.25,0,0,0,,,concrete
arrival_4,count,2,6.25,0,0,0,,,count
arrival_4,critter,2,6.25,0,0,0,,,critter
arrival_4,curl,2,6.25,0,0,0,,,curl
arrival_4,data,2,6.25,0,0,0,,,data
arrival_4,description,2,6.25,0,0,0,,,description
arrival_4,design,2,6.25,0,0,0,,,design
arrival_4,despair,2,6.25,0,0,0,,,despair
arrival_4,dinner,2,6.25,0,0,0,,,dinner
arrival_4,element,2,6.25,0,0,0,,,element
arrival_4,emotion,2,6.25,0,0,0,,,emotion
arrival_4,energy,2,6.25,0,0,0,,,energy
arrival_4,fact,2,6.25,0,0,0,,,fact
arrival_4,fantasy,2,6.25,0,0,0,,,fantasy
arrival_4,fedora,2,6.25,0,0,0,,,fedora
arrival_4,foreground,2,6.25,0,0,0,,,foreground
arrival_4,fuel,2,6.25,0,0,0,,,fuel
arrival_4,future,2,6.25,0,0,0,,,future
arrival_4,good,2,6.25,0,0,0,,,good
arrival_4,goods,2,6.25,0,0,0,,,goods
arrival_4,group,2,6.25,0,0,0,,,group
arrival_4,hillside,2,6.25,0,0,0,,,hillside
arrival_4,holding,2,6.25,0,0,0,,,holding
arrival_4,index,2,6.25,0,0,0,,,index
arrival_4,indian,2,6.25,0,0,0,,,indian
arrival_4,interest,2,6.25,0,0,0,,,interest
arrival_4,lands,2,6.25,0,0,0,,,lands
arrival_4,letter,2,6.25,0,0,0,,,letter
arrival_4,location,2,6.25,0,0,0,,,location
arrival_4,manner,2,6.25,0,0,0,,,manner
arrival_4,message,2,6.25,0,0,0,,,message
arrival_4,midst,2,6.25,0,0,0,,,midst
arrival_4,minute,2,6.25,0,0,0,,,minute
arrival_4,moment,2,6.25,0,0,0,,,moment
arrival_4,notice,2,6.25,0,0,0,,,notice
arrival_4,other,2,6.25,0,0,0,,,other
arrival_4,panel,2,6.25,0,0,0,,,panel
arrival_4,park,2,6.25,0,0,0,,,park
arrival_4,pass,2,6.25,0,0,0,,,pass
arrival_4,passageway,2,6.25,0,0,0,,,passageway
arrival_4,pee,2,6.25,0,0,0,,,pee
arrival_4,pod,2,6.25,0,0,0,,,pod
arrival_4,poster,2,6.25,0,0,0,,,poster
arrival_4,problem,2,6.25,0,0,0,,,problem
arrival_4,product,2,6.25,0,0,0,,,product
arrival_4,purchase,2,6.25,0,0,0,,,purchase
arrival_4,reason,2,6.25,0,0,0,,,reason
arrival_4,salesman,2,6.25,0,0,0,,,salesman
arrival_4,school,2,6.25,0,0,0,,,school
arrival_4,section,2,6.25,0,0,0,,,section
arrival_4,shift,2,6.25,0,0,0,,,shift
arrival_4,shoot,2,6.25,0,0,0,,,shoot
arrival_4,surprise,2,6.25,0,0,0,,,surprise
arrival_4,system,2,6.25,0,0,0,,,system
arrival_4,tale,2,6.25,0,0,0,,,tale
arrival_4,taste,2,6.25,0,0,0,,,taste
arrival_4,tip,2,6.25,0,0,0,,,tip
arrival_4,transaction,2,6.25,0,0,0,,,transaction
arrival_4,traveler,2,6.25,0,0,0,,,traveler
arrival_4,trouble,2,6.25,0,0,0,,,trouble
arrival_4,variation,2,6.25,0,0,0,,,variation
arrival_4,version,2,6.25,0,0,0,,,version
arrival_4,wait,2,6.25,0,0,0,,,wait
arrival_4,battle,1,3.125,0,0,0,,,battle
arrival_4,carnival,1,3.125,0,0,0,,,carnival
arrival_4,current,1,3.125,0,0,0,,,current
arrival_4,earthenware,1,3.125,0,0,0,,,earthenware
arrival_4,fort,1,3.125,0,0,0,,,fort
arrival_4,shade,1,3.125,0,0,0,,,shade
arrival_4,traffic,1,3.125,0,0,0,,,traffic
arrival_4,waterway,1,3.125,0,0,0,,,waterway
arrival_4,act,1,3.125,0,0,0,,,act
arrival_4,activity,1,3.125,0,0,0,,,activity
arrival_4,adventurer,1,3.125,0,0,0,,,adventurer
arrival_4,afternoon,1,3.125,0,0,0,,,afternoon
arrival_4,age,1,3.125,0,0,0,,,age
arrival_4,amount,1,3.125,0,0,0,,,amount
arrival_4,amphibian,1,3.125,0,0,0,,,amphibian
arrival_4,approach,1,3.125,0,0,0,,,approach
arrival_4,arrangement,1,3.125,0,0,0,,,arrangement
arrival_4,arrival,1,3.125,0,0,0,,,arrival
arrival_4,ask,1,3.125,0,0,0,,,ask
arrival_4,assistance,1,3.125,0,0,0,,help,assistance
arrival_4,attendant,1,3.125,0,0,0,,,attendant
arrival_4,basement,1,3.125,0,0,0,,,basement
arrival_4,basis,1,3.125,0,0,0,,,basis
arrival_4,beast,1,3.125,0,0,0,,,beast
arrival_4,beginning,1,3.125,0,0,0,,,beginning
arrival_4,belonging,1,3.125,0,0,0,,,belonging
arrival_4,bid,1,3.125,0,0,0,,,bid
arrival_4,birth,1,3.125,0,0,0,,,birth
arrival_4,bits,1,3.125,0,0,0,,,bits
arrival_4,blend,1,3.125,0,0,0,,,blend
arrival_4,boatyard,1,3.125,0,0,0,,,boatyard
arrival_4,boom,1,3.125,0,0,0,,,boom
arrival_4,break,1,3.125,0,0,0,,,break
arrival_4,britain,1,3.125,0,0,0,,,britain
arrival_4,built,1,3.125,0,0,0,,,built
arrival_4,business,1,3.125,0,0,0,,,business
arrival_4,captive,1,3.125,0,0,0,,,captive
arrival_4,caution,1,3.125,0,0,0,,,caution
arrival_4,chamber,1,3.125,0,0,0,,,chamber
arrival_4,chinese,1,3.125,0,0,0,,,chinese
arrival_4,chore,1,3.125,0,0,0,,,chore
arrival_4,civilization,1,3.125,0,0,0,,,civilization
arrival_4,clan,1,3.125,0,0,0,,,clan
arrival_4,climbs,1,3.125,0,0,0,,,climbs
arrival_4,closeness,1,3.125,0,0,0,,,closeness
arrival_4,closing,1,3.125,0,0,0,,,closing
arrival_4,cluster,1,3.125,0,0,0,,,cluster
arrival_4,coddle,1,3.125,0,0,0,,,coddle
arrival_4,code,1,3.125,0,0,0,,,code
arrival_4,collection,1,3.125,0,0,0,,,collection
arrival_4,collector,1,3.125,0,0,0,,,collector
arrival_4,colony,1,3.125,0,0,0,,,colony
arrival_4,colored,1,3.125,0,0,0,,,colored
arrival_4,combo,1,3.125,0,0,0,,,combo
arrival_4,come,1,3.125,0,0,0,,,come
arrival_4,comfort,1,3.125,0,0,0,,,comfort
arrival_4,communication,1,3.125,0,0,0,,,communication
arrival_4,commuter,1,3.125,0,0,0,,,commuter
arrival_4,company,1,3.125,0,0,0,,,company
arrival_4,comparison,1,3.125,0,0,0,,,comparison
arrival_4,concern,1,3.125,0,0,0,,,concern
arrival_4,condition,1,3.125,0,0,0,,,condition
arrival_4,contraption,1,3.125,0,0,0,,,contraption
arrival_4,countryside,1,3.125,0,0,0,,,countryside
arrival_4,creation,1,3.125,0,0,0,,,creation
arrival_4,cult,1,3.125,0,0,0,,,cult
arrival_4,culture,1,3.125,0,0,0,,,culture
arrival_4,curiosity,1,3.125,0,0,0,,,curiosity
arrival_4,currency,1,3.125,0,0,0,,,currency
arrival_4,dads,1,3.125,0,0,0,,,dads
arrival_4,daughter,1,3.125,0,0,0,,,daughter
arrival_4,daytime,1,3.125,0,0,0,,,daytime
arrival_4,dealings,1,3.125,0,0,0,,,dealings
arrival_4,deeds,1,3.125,0,0,0,,,deeds
arrival_4,denomination,1,3.125,0,0,0,,,denomination
arrival_4,depiction,1,3.125,0,0,0,,,depiction
arrival_4,derby,1,3.125,0,0,0,,,derby
arrival_4,documentation,1,3.125,0,0,0,,,documentation
arrival_4,ease,1,3.125,0,0,0,,,ease
arrival_4,education,1,3.125,0,0,0,,,education
arrival_4,electricity,1,3.125,0,0,0,,,electricity
arrival_4,english,1,3.125,0,0,0,,,english
arrival_4,enthusiasm,1,3.125,0,0,0,,,enthusiasm
arrival_4,environment,1,3.125,0,0,0,,,environment
arrival_4,equipment,1,3.125,0,0,0,,,equipment
arrival_4,escape,1,3.125,0,0,0,,,escape
arrival_4,exchange,1,3.125,0,0,0,,,exchange
arrival_4,explanation,1,3.125,0,0,0,,,explanation
arrival_4,extension,1,3.125,0,0,0,,,extension
arrival_4,family,1,3.125,0,0,0,,,family
arrival_4,fate,1,3.125,0,0,0,,,fate
arrival_4,feature,1,3.125,0,0,0,,,feature
arrival_4,few,1,3.125,0,0,0,,,few
arrival_4,fiction,1,3.125,0,0,0,,,fiction
arrival_4,firebox,1,3.125,0,0,0,,,firebox
arrival_4,flap,1,3.125,0,0,0,,,flap
arrival_4,flyer,1,3.125,0,0,0,,,flyer
arrival_4,follicle,1,3.125,0,0,0,,,follicle
arrival_4,foodstuff,1,3.125,0,0,0,,,foodstuff
arrival_4,footstep,1,3.125,0,0,0,,,footstep
arrival_4,force,1,3.125,0,0,0,,,force
arrival_4,game,1,3.125,0,0,0,,,game
arrival_4,gangster,1,3.125,0,0,0,,,gangster
arrival_4,greece,1,3.125,0,0,0,,,greece
arrival_4,greek,1,3.125,0,0,0,,,greek
arrival_4,guess,1,3.125,0,0,0,,,guess
arrival_4,guest,1,3.125,0,0,0,,,guest
arrival_4,hardship,1,3.125,0,0,0,,,hardship
arrival_4,heck,1,3.125,0,0,0,,,heck
arrival_4,height,1,3.125,0,0,0,,,height
arrival_4,helper,1,3.125,0,0,0,,,helper
arrival_4,history,1,3.125,0,0,0,,,history
arrival_4,hood,1,3.125,0,0,0,,,hood
arrival_4,hostage,1,3.125,0,0,0,,,hostage
arrival_4,identity,1,3.125,0,0,0,,,identity
arrival_4,incineration,1,3.125,0,0,0,,,incineration
arrival_4,inclosure,1,3.125,0,0,0,,,inclosure
arrival_4,individual,1,3.125,0,0,0,,,individual
arrival_4,instruction,1,3.125,0,0,0,,,instruction
arrival_4,instrument,1,3.125,0,0,0,,,instrument
arrival_4,interaction,1,3.125,0,0,0,,,interaction
arrival_4,jack,1,3.125,0,0,0,,,jack
arrival_4,jimmy,1,3.125,0,0,0,,,jimmy
arrival_4,john,1,3.125,0,0,0,,,john
arrival_4,journal,1,3.125,0,0,0,,,journal
arrival_4,korea,1,3.125,0,0,0,,,korea
arrival_4,laborer,1,3.125,0,0,0,,,laborer
arrival_4,lakebed,1,3.125,0,0,0,,,lakebed
arrival_4,layout,1,3.125,0,0,0,,,layout
arrival_4,length,1,3.125,0,0,0,,,length
arrival_4,living,1,3.125,0,0,0,,,living
arrival_4,magic,1,3.125,0,0,0,,,magic
arrival_4,mand,1,3.125,0,0,0,,,mand
arrival_4,manners,1,3.125,0,0,0,,,manners
arrival_4,manomin,1,3.125,0,0,0,,,manomin
arrival_4,marketplace,1,3.125,0,0,0,,,marketplace
arrival_4,marking,1,3.125,0,0,0,,,marking
arrival_4,master,1,3.125,0,0,0,,,master
arrival_4,matter,1,3.125,0,0,0,,,matter
arrival_4,member,1,3.125,0,0,0,,,member
arrival_4,memory,1,3.125,0,0,0,,,memory
arrival_4,mens,1,3.125,0,0,0,,,mens
arrival_4,meter,1,3.125,0,0,0,,,meter
arrival_4,method,1,3.125,0,0,0,,,method
arrival_4,mining,1,3.125,0,0,0,,,mining
arrival_4,mississippi,1,3.125,0,0,0,,,mississippi
arrival_4,mixture,1,3.125,0,0,0,,,mixture
arrival_4,mode,1,3.125,0,0,0,,,mode
arrival_4,mollusk,1,3.125,0,0,0,,,mollusk
arrival_4,monster,1,3.125,0,0,0,,,monster
arrival_4,moogie,1,3.125,0,0,0,,,moogie
arrival_4,move,1,3.125,0,0,0,,,move
arrival_4,myriad,1,3.125,0,0,0,,,myriad
arrival_4,nature,1,3.125,0,0,0,,,nature
arrival_4,need,1,3.125,0,0,0,,,need
arrival_4,north,1,3.125,0,0,0,,,north
arrival_4,note,1,3.125,0,0,0,,,note
arrival_4,novel,1,3.125,0,0,0,,,novel
arrival_4,official,1,3.125,0,0,0,,,official
arrival_4,operation,1,3.125,0,0,0,,,operation
arrival_4,opinion,1,3.125,0,0,0,,,opinion
arrival_4,outfit,1,3.125,0,0,0,,,outfit
arrival_4,outside,1,3.125,0,0,0,,,outside
arrival_4,overview,1,3.125,0,0,0,,,overview
arrival_4,owner,1,3.125,0,0,0,,,owner
arrival_4,pack,1,3.125,0,0,0,,,pack
arrival_4,pair,1,3.125,0,0,0,,,pair
arrival_4,pamphlet,1,3.125,0,0,0,,,pamphlet
arrival_4,papers,1,3.125,0,0,0,,,papers
arrival_4,parking,1,3.125,0,0,0,,,parking
arrival_4,partitions,1,3.125,0,0,0,,,partitions
arrival_4,partway,1,3.125,0,0,0,,,partway
arrival_4,party,1,3.125,0,0,0,,,party
arrival_4,passengers,1,3.125,0,0,0,,,passengers
arrival_4,pathfinder,1,3.125,0,0,0,,,pathfinder
arrival_4,pattern,1,3.125,0,0,0,,,pattern
arrival_4,pedestrian,1,3.125,0,0,0,,,pedestrian
arrival_4,peer,1,3.125,0,0,0,,,peer
arrival_4,period,1,3.125,0,0,0,,,period
arrival_4,perspective,1,3.125,0,0,0,,,perspective
arrival_4,philosopher,1,3.125,0,0,0,,,philosopher
arrival_4,plank,1,3.125,0,0,0,,,plank
arrival_4,pointer,1,3.125,0,0,0,,,pointer
arrival_4,portal,1,3.125,0,0,0,,,portal
arrival_4,portion,1,3.125,0,0,0,,,portion
arrival_4,posture,1,3.125,0,0,0,,,posture
arrival_4,price,1,3.125,0,0,0,,,price
arrival_4,print,1,3.125,0,0,0,,,print
arrival_4,procession,1,3.125,0,0,0,,,procession
arrival_4,proof,1,3.125,0,0,0,,,proof
arrival_4,proportion,1,3.125,0,0,0,,,proportion
arrival_4,proposition,1,3.125,0,0,0,,,proposition
arrival_4,protrusion,1,3.125,0,0,0,,,protrusion
arrival_4,pullback,1,3.125,0,0,0,,,pullback
arrival_4,punch,1,3.125,0,0,0,,,punch
arrival_4,puncher,1,3.125,0,0,0,,,puncher
arrival_4,punishment,1,3.125,0,0,0,,,punishment
arrival_4,quandary,1,3.125,0,0,0,,,quandary
arrival_4,range,1,3.125,0,0,0,,,range
arrival_4,ration,1,3.125,0,0,0,,,ration
arrival_4,reach,1,3.125,0,0,0,,,reach
arrival_4,receiver,1,3.125,0,0,0,,,receiver
arrival_4,referee,1,3.125,0,0,0,,,referee
arrival_4,religion,1,3.125,0,0,0,,,religion
arrival_4,replica,1,3.125,0,0,0,,,replica
arrival_4,reptile,1,3.125,0,0,0,,,reptile
arrival_4,result,1,3.125,0,0,0,,,result
arrival_4,return,1,3.125,0,0,0,,,return
arrival_4,ridge,1,3.125,0,0,0,,,ridge
arrival_4,rise,1,3.125,0,0,0,,,rise
arrival_4,roster,1,3.125,0,0,0,,,roster
arrival_4,run,1,3.125,0,0,0,,,run
arrival_4,sale,1,3.125,0,0,0,,,sale
arrival_4,scape,1,3.125,0,0,0,,,scape
arrival_4,science,1,3.125,0,0,0,,,science
arrival_4,scratchings,1,3.125,0,0,0,,,scratchings
arrival_4,script,1,3.125,0,0,0,,,script
arrival_4,seasons,1,3.125,0,0,0,,,seasons
arrival_4,seating,1,3.125,0,0,0,,,seating
arrival_4,sebia,1,3.125,0,0,0,,,sebia
arrival_4,segment,1,3.125,0,0,0,,,segment
arrival_4,sequence,1,3.125,0,0,0,,,sequence
arrival_4,setting,1,3.125,0,0,0,,,setting
arrival_4,sheet,1,3.125,0,0,0,,,sheet
arrival_4,shop,1,3.125,0,0,0,,,shop
arrival_4,shot,1,3.125,0,0,0,,,shot
arrival_4,shout,1,3.125,0,0,0,,,shout
arrival_4,silhouette,1,3.125,0,0,0,,,silhouette
arrival_4,site,1,3.125,0,0,0,,,site
arrival_4,sleeve,1,3.125,0,0,0,,,sleeve
arrival_4,slip,1,3.125,0,0,0,,,slip
arrival_4,slope,1,3.125,0,0,0,,,slope
arrival_4,slot,1,3.125,0,0,0,,,slot
arrival_4,smell,1,3.125,0,0,0,,,smell
arrival_4,smog,1,3.125,0,0,0,,,smog
arrival_4,sniff,1,3.125,0,0,0,,,sniff
arrival_4,sound,1,3.125,0,0,0,,,sound
arrival_4,span,1,3.125,0,0,0,,,span
arrival_4,speaker,1,3.125,0,0,0,,,speaker
arrival_4,speckle,1,3.125,0,0,0,,,speckle
arrival_4,spectacle,1,3.125,0,0,0,,,spectacle
arrival_4,spirit,1,3.125,0,0,0,,,spirit
arrival_4,split,1,3.125,0,0,0,,,split
arrival_4,sport,1,3.125,0,0,0,,,sport
arrival_4,sprout,1,3.125,0,0,0,,,sprout
arrival_4,stand,1,3.125,0,0,0,,,stand
arrival_4,state,1,3.125,0,0,0,,,state
arrival_4,subsidy,1,3.125,0,0,0,,,subsidy
arrival_4,substance,1,3.125,0,0,0,,,substance
arrival_4,sweeper,1,3.125,0,0,0,,,sweeper
arrival_4,talent,1,3.125,0,0,0,,,talent
arrival_4,tap,1,3.125,0,0,0,,,tap
arrival_4,team,1,3.125,0,0,0,,,team
arrival_4,term,1,3.125,0,0,0,,,term
arrival_4,thanks,1,3.125,0,0,0,,,thanks
arrival_4,thought,1,3.125,0,0,0,,,thought
arrival_4,thumbnail,1,3.125,0,0,0,,,thumbnail
arrival_4,ticketing,1,3.125,0,0,0,,,ticketing
arrival_4,tide,1,3.125,0,0,0,,,tide
arrival_4,timepiece,1,3.125,0,0,0,,,timepiece
arrival_4,titanic,1,3.125,0,0,0,,,titanic
arrival_4,townhouse,1,3.125,0,0,0,,,townhouse
arrival_4,training,1,3.125,0,0,0,,,training
arrival_4,transit,1,3.125,0,0,0,,,transit
arrival_4,trinket,1,3.125,0,0,0,,,trinket
arrival_4,trip,1,3.125,0,0,0,,,trip
arrival_4,turn,1,3.125,0,0,0,,,turn
arrival_4,underwater,1,3.125,0,0,0,,,underwater
arrival_4,use,1,3.125,0,0,0,,,use
arrival_4,vaculik,1,3.125,0,0,0,,,vaculik
arrival_4,valley,1,3.125,0,0,0,,,valley
arrival_4,vendor,1,3.125,0,0,0,,,vendor
arrival_4,victoria,1,3.125,0,0,0,,,victoria
arrival_4,video,1,3.125,0,0,0,,,video
arrival_4,vignette,1,3.125,0,0,0,,,vignette
arrival_4,voice,1,3.125,0,0,0,,,voice
arrival_4,vote,1,3.125,0,0,0,,,vote
arrival_4,war,1,3.125,0,0,0,,,war
arrival_4,washing,1,3.125,0,0,0,,,washing
arrival_4,winter,1,3.125,0,0,0,,,winter
arrival_4,wonder,1,3.125,0,0,0,,,wonder
arrival_4,workman,1,3.125,0,0,0,,,workman
arrival_4,yard,1,3.125,0,0,0,,,yard
arrival_4,zone,1,3.125,0,0,0,,,zone
arrival_4,sit,7,21.875,1,1,0,,,sit
arrival_4,walk,7,21.875,1,1,0,,,walk
arrival_4,pick,5,15.625,1,1,0,,,pick
arrival_4,pull,5,15.625,1,1,0,,,pull
arrival_4,think,4,12.5,1,1,0,,,think
arrival_4,whisper,4,12.5,1,1,0,,,whisper
arrival_4,call,3,9.375,1,1,0,,,call
arrival_4,draw,3,9.375,1,1,0,,,draw
arrival_4,shake,3,9.375,1,1,0,,,shake
arrival_4,shave,3,9.375,1,1,0,,,shave
arrival_4,smoking,3,9.375,1,1,0,,,smoking
arrival_4,out,2,6.25,1,1,0,,,out
arrival_4,sad,2,6.25,1,1,0,,,sad
arrival_4,beneath,1,3.125,1,1,0,,,beneath
arrival_4,bent,1,3.125,1,1,0,,,bent
arrival_4,cheer,1,3.125,1,1,0,,,cheer
arrival_4,chopping,1,3.125,1,1,0,,,chopping
arrival_4,cloudy,1,3.125,1,1,0,,,cloudy
arrival_4,clutching,1,3.125,1,1,0,,,clutching
arrival_4,dialing,1,3.125,1,1,0,,,dialing
arrival_4,feed,1,3.125,1,1,0,,,feed
arrival_4,fly,1,3.125,1,1,0,,,fly
arrival_4,giggle,1,3.125,1,1,0,,,giggle
arrival_4,grate,1,3.125,1,1,0,,,grate
arrival_4,incinerate,1,3.125,1,1,0,,,incinerate
arrival_4,on,1,3.125,1,1,0,,,on
arrival_4,open,1,3.125,1,1,0,,,open
arrival_4,pat,1,3.125,1,1,0,,,pat
arrival_4,walking,1,3.125,1,1,0,,,walking
arrival_4,bite,12,37.5,0,1,0,,,bite
arrival_4,hold,10,31.25,0,1,0,,,hold
arrival_4,pointy,9,28.125,0,1,0,,,pointy
arrival_4,leave,7,21.875,0,1,0,,,leave
arrival_4,strange,6,18.75,0,1,0,,,strange
arrival_4,try,6,18.75,0,1,0,,,try
arrival_4,yeah,6,18.75,0,1,0,,,yeah
arrival_4,oh,5,15.625,0,1,0,,,oh
arrival_4,vending,5,15.625,0,1,0,,,vending
arrival_4,build,4,12.5,0,1,0,,,build
arrival_4,climb,4,12.5,0,1,0,,,climb
arrival_4,close,4,12.5,0,1,0,,,close
arrival_4,meet,4,12.5,0,1,0,,,meet
arrival_4,rotary,4,12.5,0,1,0,,,rotary
arrival_4,sepia,4,12.5,0,1,0,,,sepia
arrival_4,spiky,4,12.5,0,1,0,,,spiky
arrival_4,sweep,4,12.5,0,1,0,,,sweep
arrival_4,write,4,12.5,0,1,0,,,write
arrival_4,ohh,3,9.375,0,1,0,,,ohh
arrival_4,transport,3,9.375,0,1,0,,,transport
arrival_4,appear,2,6.25,0,1,0,,,appear
arrival_4,boarding,2,6.25,0,1,0,,,boarding
arrival_4,complex,2,6.25,0,1,0,,,complex
arrival_4,dark,2,6.25,0,1,0,,,dark
arrival_4,find,2,6.25,0,1,0,,,find
arrival_4,funny,2,6.25,0,1,0,,,funny
arrival_4,gosh,2,6.25,0,1,0,,,gosh
arrival_4,gray,2,6.25,0,1,0,,,gray
arrival_4,make,2,6.25,0,1,0,,,make
arrival_4,she,2,6.25,0,1,0,,,she
arrival_4,the,2,6.25,0,1,0,,,the
arrival_4,to,2,6.25,0,1,0,,,to
arrival_4,while,2,6.25,0,1,0,,,while
arrival_4,white,2,6.25,0,1,0,,,white
arrival_4,whoever,2,6.25,0,1,0,,,whoever
arrival_4,yes,2,6.25,0,1,0,,,yes
arrival_4,11th,1,3.125,0,1,0,,,11th
arrival_4,12th,1,3.125,0,1,0,,,12th
arrival_4,1900,1,3.125,0,1,0,,,1900
arrival_4,1940,1,3.125,0,1,0,,,1940
arrival_4,1st,1,3.125,0,1,0,,,1st
arrival_4,30,1,3.125,0,1,0,,,30
arrival_4,40,1,3.125,0,1,0,,,40
arrival_4,50,1,3.125,0,1,0,,,50
arrival_4,a,1,3.125,0,1,0,,,a
arrival_4,ahead,1,3.125,0,1,0,,,ahead
arrival_4,almost,1,3.125,0,1,0,,,almost
arrival_4,alright,1,3.125,0,1,0,,,alright
arrival_4,anywhere,1,3.125,0,1,0,,,anywhere
arrival_4,appoint,1,3.125,0,1,0,,,appoint
arrival_4,arrive,1,3.125,0,1,0,,,arrive
arrival_4,atm,1,3.125,0,1,0,,,atm
arrival_4,be,1,3.125,0,1,0,,,be
arrival_4,birdlike,1,3.125,0,1,0,,,birdlike
arrival_4,black,1,3.125,0,1,0,,,black
arrival_4,bright,1,3.125,0,1,0,,,bright
arrival_4,bulbous,1,3.125,0,1,0,,,bulbous
arrival_4,burning,1,3.125,0,1,0,,,burning
arrival_4,closer,1,3.125,0,1,0,,,closer
arrival_4,communicate,1,3.125,0,1,0,,,communicate
arrival_4,curvy,1,3.125,0,1,0,,,curvy
arrival_4,depart,1,3.125,0,1,0,,,depart
arrival_4,edible,1,3.125,0,1,0,,,edible
arrival_4,emigrating,1,3.125,0,1,0,,,emigrating
arrival_4,exotic,1,3.125,0,1,0,,,exotic
arrival_4,farther,1,3.125,0,1,0,,,farther
arrival_4,gesturing,1,3.125,0,1,0,,,gesturing
arrival_4,get,1,3.125,0,1,0,,,get
arrival_4,goody,1,3.125,0,1,0,,,goody
arrival_4,grand,1,3.125,0,1,0,,,grand
arrival_4,grayer,1,3.125,0,1,0,,,grayer
arrival_4,hasten,1,3.125,0,1,0,,,hasten
arrival_4,hatch,1,3.125,0,1,0,,,hatch
arrival_4,heating,1,3.125,0,1,0,,,heating
arrival_4,hollow,1,3.125,0,1,0,,,hollow
arrival_4,hoping,1,3.125,0,1,0,,,hoping
arrival_4,hops,1,3.125,0,1,0,,,hops
arrival_4,huh,1,3.125,0,1,0,,,huh
arrival_4,hunt,1,3.125,0,1,0,,,hunt
arrival_4,interesting,1,3.125,0,1,0,,,interesting
arrival_4,interstate,1,3.125,0,1,0,,,interstate
arrival_4,join,1,3.125,0,1,0,,,join
arrival_4,jot,1,3.125,0,1,0,,,jot
arrival_4,leafy,1,3.125,0,1,0,,,leafy
arrival_4,lean,1,3.125,0,1,0,,,lean
arrival_4,legged,1,3.125,0,1,0,,,legged
arrival_4,little,1,3.125,0,1,0,,,little
arrival_4,lose,1,3.125,0,1,0,,,lose
arrival_4,meanwhile,1,3.125,0,1,0,,,meanwhile
arrival_4,mega,1,3.125,0,1,0,,,mega
arrival_4,mousy,1,3.125,0,1,0,,,mousy
arrival_4,no,1,3.125,0,1,0,,,no
arrival_4,nobody,1,3.125,0,1,0,,,nobody
arrival_4,oriental,1,3.125,0,1,0,,,oriental
arrival_4,paramics,1,3.125,0,1,0,,,paramics
arrival_4,passing,1,3.125,0,1,0,,,passing
arrival_4,peculiar,1,3.125,0,1,0,,,peculiar
arrival_4,per,1,3.125,0,1,0,,,per
arrival_4,perhaps,1,3.125,0,1,0,,,perhaps
arrival_4,pokey,1,3.125,0,1,0,,,pokey
arrival_4,ponder,1,3.125,0,1,0,,,ponder
arrival_4,presume,1,3.125,0,1,0,,,presume
arrival_4,put,1,3.125,0,1,0,,,put
arrival_4,raining,1,3.125,0,1,0,,,raining
arrival_4,rake,1,3.125,0,1,0,,,rake
arrival_4,react,1,3.125,0,1,0,,,react
arrival_4,read,1,3.125,0,1,0,,,read
arrival_4,sailing,1,3.125,0,1,0,,,sailing
arrival_4,scaly,1,3.125,0,1,0,,,scaly
arrival_4,select,1,3.125,0,1,0,,,select
arrival_4,shorter,1,3.125,0,1,0,,,shorter
arrival_4,shy,1,3.125,0,1,0,,,shy
arrival_4,slanty,1,3.125,0,1,0,,,slanty
arrival_4,smiling,1,3.125,0,1,0,,,smiling
arrival_4,smokey,1,3.125,0,1,0,,,smokey
arrival_4,snaky,1,3.125,0,1,0,,,snaky
arrival_4,somber,1,3.125,0,1,0,,,somber
arrival_4,somehow,1,3.125,0,1,0,,,somehow
arrival_4,someone,1,3.125,0,1,0,,,someone
arrival_4,someplace,1,3.125,0,1,0,,,someplace
arrival_4,something,1,3.125,0,1,0,,,something
arrival_4,somewhere,1,3.125,0,1,0,,,somewhere
arrival_4,strain,1,3.125,0,1,0,,,strain
arrival_4,tasty,1,3.125,0,1,0,,,tasty
arrival_4,tell,1,3.125,0,1,0,,,tell
arrival_4,tenderly,1,3.125,0,1,0,,,tenderly
arrival_4,thank,1,3.125,0,1,0,,,thank
arrival_4,this,1,3.125,0,1,0,,,this
arrival_4,timey,1,3.125,0,1,0,,,timey
arrival_4,towards,1,3.125,0,1,0,,,towards
arrival_4,travel,1,3.125,0,1,0,,,travel
arrival_4,tubular,1,3.125,0,1,0,,,tubular
arrival_4,under,1,3.125,0,1,0,,,under
arrival_4,upward,1,3.125,0,1,0,upwards,,upward
arrival_4,upwards,1,3.125,0,1,0,,,upwards
arrival_4,verify,1,3.125,0,1,0,,,verify
arrival_4,waiting,1,3.125,0,1,0,,,waiting
arrival_4,wander,1,3.125,0,1,0,,,wander
arrival_4,whatever,1,3.125,0,1,0,,,whatever
arrival_4,where,1,3.125,0,1,0,,,where
arrival_4,whoops,1,3.125,0,1,0,,,whoops
arrival_4,winding,1,3.125,0,1,0,,,winding
arrival_4,woolly,1,3.125,0,1,0,,,woolly
arrival_4,yell,1,3.125,0,1,0,,,yell
arrival_4,younger,1,3.125,0,1,0,,,younger
arrival_4,zoom,1,3.125,0,1,0,,,zoom