"","source","agreement","stimuli","n","percent","lemma_naming","lemma_dis","dist"
"1","brodeur",72,"deep_sea_divers",14,45.1612903225806,"fishingrod","fishing",0.1
"2","brodeur",72,"wanderer",26,83.8709677419355,"fishingrod","fishing",0.1
"3","boss",94,"journey",11,35.4838709677419,"broom","bedroom",0.0952380952380952
"4","boss",94,"return",18,58.0645161290323,"broom","bedroom",0.0952380952380952
"5","boss",95,"arrival_3",17,54.8387096774194,"lighter","light",0.0952380952380952
"6","boss",95,"arrival_6",14,45.1612903225806,"lighter","light",0.0952380952380952
"7","boss",95,"dinosaurs_spacemen_and_ghouls",24,77.4193548387097,"lighter","light",0.0952380952380952
"8","boss",95,"flowerman",24,77.4193548387097,"lighter","light",0.0952380952380952
"9","boss",95,"journey",27,87.0967741935484,"lighter","light",0.0952380952380952
"10","boss",95,"quest",26,83.8709677419355,"lighter","light",0.0952380952380952
"11","boss",95,"return",25,80.6451612903226,"lighter","light",0.0952380952380952
"12","boss",95,"wanderer",26,83.8709677419355,"lighter","light",0.0952380952380952
"13","boss",87,"quest",17,54.8387096774194,"speaker","spear",0.0952380952380952
"14","brodeur",77,"flowerman",15,48.3870967741936,"bacon","balcony",0.0952380952380952
"15","DR2",95.4545455,"journey",10,32.258064516129,"dress","dresser",0.0952380952380952
"16","DR2",100,"arrival_4",11,35.4838709677419,"glasses","glass",0.0952380952380952
"17","DR2",100,"arrival_5",14,45.1612903225806,"glasses","glass",0.0952380952380952
"18","DR2",100,"flowerman",12,38.7096774193548,"glasses","glass",0.0952380952380952
"19","DR2",100,"escape_from_the_zoo",23,74.1935483870968,"grill","gorilla",0.0952380952380952
"20","DR2",95.6521739,"quest",19,61.2903225806452,"slipper","flipper",0.0952380952380952
"21","moreno-martinez",88,"flowerman",24,77.4193548387097,"fountainpen","fountain",0.0909090909090908
"22","moreno-martinez",88,"waldo_1",28,90.3225806451613,"fountainpen","fountain",0.0909090909090908
"23","boss",85,"arrival_1",10,32.258064516129,"bowl","bow",0.0833333333333334
"24","boss",85,"arrival_5",16,51.6129032258064,"bowl","owl",0.0833333333333334
"25","boss",85,"flowerman",10,32.258064516129,"bowl","bow",0.0833333333333334
"26","boss",85,"waldo_1",11,35.4838709677419,"bowl","bow",0.0833333333333334
"27","boss",71,"wanderer",11,35.4838709677419,"cane","can",0.0833333333333334
"28","boss",97,"dinosaurs_spacemen_and_ghouls",11,35.4838709677419,"dice","ice",0.0833333333333334
"29","boss",97,"escape_from_the_zoo",30,96.7741935483871,"dice","ice",0.0833333333333334
"30","boss",97,"flowerman",10,32.258064516129,"dice","ice",0.0833333333333334
"31","boss",97,"wanderer",15,48.3870967741936,"dice","ice",0.0833333333333334
"32","boss",100,"arrival_1",10,32.258064516129,"pear","ear",0.0833333333333334
"33","boss",100,"arrival_4",12,38.7096774193548,"pear","ear",0.0833333333333334
"34","boss",92,"dinosaurs_spacemen_and_ghouls",11,35.4838709677419,"rice","ice",0.0833333333333334
"35","boss",92,"escape_from_the_zoo",30,96.7741935483871,"rice","ice",0.0833333333333334
"36","boss",92,"flowerman",10,32.258064516129,"rice","ice",0.0833333333333334
"37","boss",92,"wanderer",15,48.3870967741936,"rice","ice",0.0833333333333334
"38","boss",91,"flowerman",12,38.7096774193548,"tile","tie",0.0833333333333334
"39","brodeur",71,"flowerman",23,74.1935483870968,"barn","bar",0.0833333333333334
"40","brodeur",81,"quest",28,90.3225806451613,"keys","key",0.0833333333333334
"41","brodeur",88,"airport",13,41.9354838709677,"cat","cart",0.0833333333333334
"42","brodeur",88,"arrival_1",11,35.4838709677419,"cat","coat",0.0833333333333334
"43","brodeur",88,"arrival_3",18,58.0645161290323,"cat","cart",0.0833333333333334
"44","brodeur",88,"arrival_5",13,41.9354838709677,"cat","cart",0.0833333333333334
"45","brodeur",88,"flowerman",16,51.6129032258064,"cat","cart",0.0833333333333334
"46","brodeur",88,"flowerman",12,38.7096774193548,"cat","coat",0.0833333333333334
"47","brodeur",100,"arrival_1",19,61.2903225806452,"owl","bowl",0.0833333333333334
"48","brodeur",100,"arrival_4",13,41.9354838709677,"owl","bowl",0.0833333333333334
"49","brodeur",100,"arrival_5",21,67.741935483871,"owl","bowl",0.0833333333333334
"50","brodeur",100,"arrival_6",20,64.5161290322581,"owl","bowl",0.0833333333333334
"51","brodeur",83,"dinosaurs_spacemen_and_ghouls",12,38.7096774193548,"pipe","pie",0.0833333333333334
"52","brodeur",88,"being_a_pirate",13,41.9354838709677,"seal","sea",0.0833333333333334
"53","brodeur",88,"deep_sea_divers",22,70.9677419354839,"seal","sea",0.0833333333333334
"54","brodeur",88,"quest",15,48.3870967741936,"seal","sea",0.0833333333333334
"55","brodeur",88,"return",12,38.7096774193548,"seal","sea",0.0833333333333334
"56","brodeur",88,"wanderer",26,83.8709677419355,"seal","sea",0.0833333333333334
"57","moreno-martinez",96,"arrival_2",28,90.3225806451613,"bat","boat",0.0833333333333334
"58","moreno-martinez",96,"arrival_4",27,87.0967741935484,"bat","boat",0.0833333333333334
"59","moreno-martinez",96,"arrival_5",25,80.6451612903226,"bat","boat",0.0833333333333334
"60","moreno-martinez",96,"arrival_6",12,38.7096774193548,"bat","boat",0.0833333333333334
"61","moreno-martinez",96,"being_a_pirate",28,90.3225806451613,"bat","boat",0.0833333333333334
"62","moreno-martinez",96,"by_the_lake",26,83.8709677419355,"bat","boat",0.0833333333333334
"63","moreno-martinez",96,"campsite",23,74.1935483870968,"bat","boat",0.0833333333333334
"64","moreno-martinez",96,"deep_sea_divers",28,90.3225806451613,"bat","boat",0.0833333333333334
"65","moreno-martinez",96,"flowerman",22,70.9677419354839,"bat","bait",0.0833333333333334
"66","moreno-martinez",96,"journey",29,93.5483870967742,"bat","boat",0.0833333333333334
"67","moreno-martinez",96,"quest",28,90.3225806451613,"bat","boat",0.0833333333333334
"68","moreno-martinez",96,"return",27,87.0967741935484,"bat","boat",0.0833333333333334
"69","moreno-martinez",96,"wanderer",27,87.0967741935484,"bat","boat",0.0833333333333334
"70","moreno-martinez",73,"arrival_4",12,38.7096774193548,"bit","bite",0.0833333333333334
"71","moreno-martinez",73,"flowerman",22,70.9677419354839,"bit","bait",0.0833333333333334
"72","moreno-martinez",86,"birthday_party_fun",14,45.1612903225806,"boat","bat",0.0833333333333334
"73","moreno-martinez",86,"wanderer",10,32.258064516129,"boat","bat",0.0833333333333334
"74","moreno-martinez",99,"arrival_1",19,61.2903225806452,"bow","bowl",0.0833333333333334
"75","moreno-martinez",99,"arrival_4",13,41.9354838709677,"bow","bowl",0.0833333333333334
"76","moreno-martinez",99,"arrival_5",21,67.741935483871,"bow","bowl",0.0833333333333334
"77","moreno-martinez",99,"arrival_6",20,64.5161290322581,"bow","bowl",0.0833333333333334
"78","moreno-martinez",93,"airport",11,35.4838709677419,"car","card",0.0833333333333334
"79","moreno-martinez",93,"airport",13,41.9354838709677,"car","cart",0.0833333333333334
"80","moreno-martinez",93,"arrival_3",18,58.0645161290323,"car","cart",0.0833333333333334
"81","moreno-martinez",93,"arrival_5",13,41.9354838709677,"car","cart",0.0833333333333334
"82","moreno-martinez",93,"flowerman",16,51.6129032258064,"car","cart",0.0833333333333334
"83","moreno-martinez",75,"arrival_3",25,80.6451612903226,"cart","cat",0.0833333333333334
"84","moreno-martinez",75,"arrival_4",10,32.258064516129,"cart","car",0.0833333333333334
"85","moreno-martinez",75,"arrival_4",24,77.4193548387097,"cart","cat",0.0833333333333334
"86","moreno-martinez",75,"arrival_5",26,83.8709677419355,"cart","cat",0.0833333333333334
"87","moreno-martinez",75,"exhibit_12",11,35.4838709677419,"cart","art",0.0833333333333334
"88","moreno-martinez",75,"flowerman",26,83.8709677419355,"cart","car",0.0833333333333334
"89","moreno-martinez",75,"flowerman",13,41.9354838709677,"cart","cat",0.0833333333333334
"90","moreno-martinez",75,"journey",28,90.3225806451613,"cart","cat",0.0833333333333334
"91","moreno-martinez",75,"return",15,48.3870967741936,"cart","cat",0.0833333333333334
"92","moreno-martinez",75,"waldo_1",30,96.7741935483871,"cart","car",0.0833333333333334
"93","moreno-martinez",75,"wanderer",24,77.4193548387097,"cart","cat",0.0833333333333334
"94","moreno-martinez",96,"arrival_3",25,80.6451612903226,"coat","cat",0.0833333333333334
"95","moreno-martinez",96,"arrival_4",24,77.4193548387097,"coat","cat",0.0833333333333334
"96","moreno-martinez",96,"arrival_5",26,83.8709677419355,"coat","cat",0.0833333333333334
"97","moreno-martinez",96,"flowerman",13,41.9354838709677,"coat","cat",0.0833333333333334
"98","moreno-martinez",96,"journey",28,90.3225806451613,"coat","cat",0.0833333333333334
"99","moreno-martinez",96,"return",15,48.3870967741936,"coat","cat",0.0833333333333334
"100","moreno-martinez",96,"wanderer",24,77.4193548387097,"coat","cat",0.0833333333333334
"101","moreno-martinez",95,"exhibit_12",11,35.4838709677419,"dart","art",0.0833333333333334
"102","moreno-martinez",99,"escape_from_the_zoo",27,87.0967741935484,"ear","bear",0.0833333333333334
"103","moreno-martinez",99,"picture_this",15,48.3870967741936,"ear","bear",0.0833333333333334
"104","moreno-martinez",99,"quest",12,38.7096774193548,"ear","gear",0.0833333333333334
"105","moreno-martinez",83,"flowerman",24,77.4193548387097,"mountain","fountain",0.0833333333333334
"106","moreno-martinez",83,"waldo_1",28,90.3225806451613,"mountain","fountain",0.0833333333333334
"107","moreno-martinez",73,"wanderer",14,45.1612903225806,"pie","pier",0.0833333333333334
"108","moreno-martinez",73,"wanderer",17,54.8387096774194,"pie","pipe",0.0833333333333334
"109","moreno-martinez",93,"quest",11,35.4838709677419,"sea","seat",0.0833333333333334
"110","moreno-martinez",93,"wanderer",20,64.5161290322581,"sea","seal",0.0833333333333334
"111","DR2",100,"arrival_1",10,32.258064516129,"bear","ear",0.0833333333333334
"112","DR2",100,"arrival_4",12,38.7096774193548,"bear","ear",0.0833333333333334
"113","DR2",100,"flowerman",23,74.1935483870968,"bear","bar",0.0833333333333334
"114","DR2",100,"journey",13,41.9354838709677,"fountain","mountain",0.0833333333333334
"115","DR2",100,"quest",26,83.8709677419355,"fountain","mountain",0.0833333333333334
"116","DR2",92.3076923,"airport",12,38.7096774193548,"hoe","hose",0.0833333333333334
"117","DR2",92.3076923,"arrival_4",18,58.0645161290323,"hoe","shoe",0.0833333333333334
"118","DR2",92.3076923,"arrival_6",14,45.1612903225806,"hoe","hole",0.0833333333333334
"119","DR2",92.3076923,"flowerman",10,32.258064516129,"hoe","home",0.0833333333333334
"120","DR2",92.3076923,"wanderer",18,58.0645161290323,"hoe","hole",0.0833333333333334
"121","DR2",100,"wanderer",13,41.9354838709677,"pot","spot",0.0833333333333334
"122","DR2",100,"arrival_3",17,54.8387096774194,"tie","time",0.0833333333333334
"123","DR2",100,"arrival_4",16,51.6129032258064,"tie","time",0.0833333333333334
"124","DR2",100,"arrival_5",12,38.7096774193548,"tie","time",0.0833333333333334
"125","DR2",100,"arrival_6",14,45.1612903225806,"tie","time",0.0833333333333334
"126","DR2",100,"by_the_lake",10,32.258064516129,"tie","time",0.0833333333333334
"127","DR2",100,"flowerman",23,74.1935483870968,"tie","time",0.0833333333333334
"128","DR2",100,"journey",10,32.258064516129,"tie","time",0.0833333333333334
"129","DR2",100,"quest",13,41.9354838709677,"tie","time",0.0833333333333334
"130","DR2",100,"return",12,38.7096774193548,"tie","time",0.0833333333333334
"131","DR2",100,"unfriendly_giants",10,32.258064516129,"tie","time",0.0833333333333334
"132","DR2",100,"wanderer",23,74.1935483870968,"tie","time",0.0833333333333334
"133","DR2",88.1,"flowerman",12,38.7096774193548,"tire","tie",0.0833333333333334
"134","boss",94,"arrival_6",14,45.1612903225806,"broom","room",0.0666666666666668
"135","boss",94,"dinosaurs_spacemen_and_ghouls",18,58.0645161290323,"broom","room",0.0666666666666668
"136","boss",94,"flowerman",12,38.7096774193548,"broom","room",0.0666666666666668
"137","boss",94,"journey",27,87.0967741935484,"broom","room",0.0666666666666668
"138","boss",94,"return",27,87.0967741935484,"broom","room",0.0666666666666668
"139","boss",71,"wanderer",24,77.4193548387097,"cane","crane",0.0666666666666668
"140","boss",92,"journey",10,32.258064516129,"clock","lock",0.0666666666666668
"141","boss",77,"being_a_pirate",12,38.7096774193548,"shoe","shore",0.0666666666666668
"142","boss",78,"arrival_3",16,51.6129032258064,"nail","snail",0.0666666666666668
"143","boss",100,"quest",17,54.8387096774194,"pear","spear",0.0666666666666668
"144","boss",84,"flowerman",23,74.1935483870968,"scale","sale",0.0666666666666668
"145","brodeur",88,"flowerman",21,67.741935483871,"chair","hair",0.0666666666666668
"146","brodeur",100,"airport",12,38.7096774193548,"horse","hose",0.0666666666666668
"147","brodeur",98,"by_the_lake",10,32.258064516129,"kite","kites",0.0666666666666668
"148","brodeur",88,"ancient_rome",27,87.0967741935484,"lion","lions",0.0666666666666668
"149","brodeur",88,"escape_from_the_zoo",14,45.1612903225806,"lion","lions",0.0666666666666668
"150","brodeur",98,"airport",11,35.4838709677419,"swing","wing",0.0666666666666668
"151","brodeur",98,"quest",18,58.0645161290323,"swing","wing",0.0666666666666668
"152","brodeur",98,"return",20,64.5161290322581,"swing","wing",0.0666666666666668
"153","brodeur",98,"wanderer",17,54.8387096774194,"swing","wing",0.0666666666666668
"154","moreno-martinez",86,"quest",19,61.2903225806452,"brain","rain",0.0666666666666668
"155","moreno-martinez",72,"airport",11,35.4838709677419,"chard","card",0.0666666666666668
"156","moreno-martinez",93,"airport",12,38.7096774193548,"house","hose",0.0666666666666668
"157","moreno-martinez",93,"quest",19,61.2903225806452,"train","rain",0.0666666666666668
"158","DR2",100,"return",10,32.258064516129,"bear","beard",0.0666666666666668
"159","DR2",100,"journey",10,32.258064516129,"block","lock",0.0666666666666668
"160","DR2",100,"arrival_1",26,83.8709677419355,"lock","clock",0.0666666666666668
"161","DR2",100,"arrival_3",17,54.8387096774194,"lock","clock",0.0666666666666668
"162","DR2",100,"flowerman",12,38.7096774193548,"lock","clock",0.0666666666666668
"163","DR2",100,"arrival_5",11,35.4838709677419,"medal","meal",0.0666666666666668
"164","DR2",95.5,"ancient_rome",12,38.7096774193548,"slide","side",0.0666666666666668
"165","DR2",95.5,"arrival_1",15,48.3870967741936,"slide","side",0.0666666666666668
"166","DR2",95.5,"arrival_4",16,51.6129032258064,"slide","side",0.0666666666666668
"167","DR2",95.5,"arrival_5",14,45.1612903225806,"slide","side",0.0666666666666668
"168","DR2",95.5,"arrival_6",19,61.2903225806452,"slide","side",0.0666666666666668
"169","DR2",95.5,"being_a_pirate",15,48.3870967741936,"slide","side",0.0666666666666668
"170","DR2",95.5,"birthday_party_fun",13,41.9354838709677,"slide","side",0.0666666666666668
"171","DR2",95.5,"by_the_lake",15,48.3870967741936,"slide","side",0.0666666666666668
"172","DR2",95.5,"campsite",23,74.1935483870968,"slide","side",0.0666666666666668
"173","DR2",95.5,"dinosaurs_spacemen_and_ghouls",20,64.5161290322581,"slide","side",0.0666666666666668
"174","DR2",95.5,"escape_from_the_zoo",11,35.4838709677419,"slide","side",0.0666666666666668
"175","DR2",95.5,"exhibit_12",10,32.258064516129,"slide","side",0.0666666666666668
"176","DR2",95.5,"flowerman",19,61.2903225806452,"slide","side",0.0666666666666668
"177","DR2",95.5,"journey",24,77.4193548387097,"slide","side",0.0666666666666668
"178","DR2",95.5,"make_a_splash",19,61.2903225806452,"slide","side",0.0666666666666668
"179","DR2",95.5,"picture_this",14,45.1612903225806,"slide","side",0.0666666666666668
"180","DR2",95.5,"quest",23,74.1935483870968,"slide","side",0.0666666666666668
"181","DR2",95.5,"return",17,54.8387096774194,"slide","side",0.0666666666666668
"182","DR2",95.5,"unfriendly_giants",11,35.4838709677419,"slide","side",0.0666666666666668
"183","DR2",95.5,"waldo_1",15,48.3870967741936,"slide","side",0.0666666666666668
"184","DR2",95.5,"wanderer",23,74.1935483870968,"slide","side",0.0666666666666668
"185","DR2",95.5,"wild_west",14,45.1612903225806,"slide","side",0.0666666666666668
"186","boss",82,"arrival_5",17,54.8387096774194,"tshirt","shirt",0.0555555555555556
"187","boss",82,"flowerman",14,45.1612903225806,"tshirt","shirt",0.0555555555555556
"188","boss",82,"wanderer",14,45.1612903225806,"tshirt","shirt",0.0555555555555556
"189","brodeur",95,"journey",12,38.7096774193548,"cloud","clouds",0.0555555555555556
"190","brodeur",73,"arrival_4",23,74.1935483870968,"monkey","money",0.0555555555555556
"191","brodeur",73,"arrival_6",24,77.4193548387097,"monkey","money",0.0555555555555556
"192","brodeur",81,"wild_west",13,41.9354838709677,"table","stable",0.0555555555555556
"193","moreno-martinez",78,"journey",12,38.7096774193548,"tower","towers",0.0555555555555556
"194","moreno-martinez",99,"escape_from_the_zoo",18,58.0645161290323,"zebra","zebras",0.0555555555555556
"195","DR2",73.8095238,"flowerman",13,41.9354838709677,"bricks","brick",0.0555555555555556
"196","DR2",92.9,"arrival_4",14,45.1612903225806,"bride","bridge",0.0555555555555556
"197","DR2",92.9,"campsite",21,67.741935483871,"bride","bridge",0.0555555555555556
"198","DR2",92.9,"flowerman",25,80.6451612903226,"bride","bridge",0.0555555555555556
"199","DR2",92.9,"journey",18,58.0645161290323,"bride","bridge",0.0555555555555556
"200","DR2",92.9,"make_a_splash",13,41.9354838709677,"bride","bridge",0.0555555555555556
"201","DR2",92.9,"quest",29,93.5483870967742,"bride","bridge",0.0555555555555556
"202","DR2",92.9,"return",19,61.2903225806452,"bride","bridge",0.0555555555555556
"203","DR2",92.9,"wanderer",18,58.0645161290323,"bride","bridge",0.0555555555555556
"204","DR2",72.7,"journey",18,58.0645161290323,"paper","papers",0.0555555555555556
"205","DR2",99.9,"arrival_5",12,38.7096774193548,"stairs","stair",0.0555555555555556
"206","DR2",99.9,"arrival_6",16,51.6129032258064,"stairs","stair",0.0555555555555556
"207","DR2",99.9,"exhibit_12",15,48.3870967741936,"stairs","stair",0.0555555555555556
"208","DR2",99.9,"return",19,61.2903225806452,"stairs","stair",0.0555555555555556
"209","DR2",99.9,"wanderer",16,51.6129032258064,"stairs","stair",0.0555555555555556
"210","DR2",97.1428571,"airport",13,41.9354838709677,"waiter","water",0.0555555555555556
"211","DR2",97.1428571,"arrival_2",14,45.1612903225806,"waiter","water",0.0555555555555556
"212","DR2",97.1428571,"arrival_5",18,58.0645161290323,"waiter","water",0.0555555555555556
"213","DR2",97.1428571,"being_a_pirate",25,80.6451612903226,"waiter","water",0.0555555555555556
"214","DR2",97.1428571,"birthday_party_fun",20,64.5161290322581,"waiter","water",0.0555555555555556
"215","DR2",97.1428571,"by_the_lake",27,87.0967741935484,"waiter","water",0.0555555555555556
"216","DR2",97.1428571,"campsite",16,51.6129032258064,"waiter","water",0.0555555555555556
"217","DR2",97.1428571,"deep_sea_divers",28,90.3225806451613,"waiter","water",0.0555555555555556
"218","DR2",97.1428571,"escape_from_the_zoo",15,48.3870967741936,"waiter","water",0.0555555555555556
"219","DR2",97.1428571,"flowerman",21,67.741935483871,"waiter","water",0.0555555555555556
"220","DR2",97.1428571,"journey",26,83.8709677419355,"waiter","water",0.0555555555555556
"221","DR2",97.1428571,"make_a_splash",28,90.3225806451613,"waiter","water",0.0555555555555556
"222","DR2",97.1428571,"picture_this",12,38.7096774193548,"waiter","water",0.0555555555555556
"223","DR2",97.1428571,"quest",29,93.5483870967742,"waiter","water",0.0555555555555556
"224","DR2",97.1428571,"return",26,83.8709677419355,"waiter","water",0.0555555555555556
"225","DR2",97.1428571,"unfriendly_giants",21,67.741935483871,"waiter","water",0.0555555555555556
"226","DR2",97.1428571,"waldo_1",13,41.9354838709677,"waiter","water",0.0555555555555556
"227","DR2",97.1428571,"wanderer",27,87.0967741935484,"waiter","water",0.0555555555555556
"228","boss",100,"arrival_1",16,51.6129032258064,"feather","father",0.0476190476190477
"229","boss",100,"arrival_4",17,54.8387096774194,"feather","father",0.0476190476190477
"230","boss",100,"arrival_6",12,38.7096774193548,"feather","father",0.0476190476190477
"231","boss",100,"journey",12,38.7096774193548,"feather","father",0.0476190476190477
"232","boss",100,"return",13,41.9354838709677,"feather","father",0.0476190476190477
"233","DR2",100,"escape_from_the_zoo",25,80.6451612903226,"rhinoceros","rhinocero",0.0333333333333334
"234","DR2",100,"quest",26,83.8709677419355,"rhinoceros","rhinocero",0.0333333333333334
"235","boss",87,"airport",24,77.4193548387097,"balloon","balloon",0
"236","boss",87,"arrival_6",16,51.6129032258064,"balloon","balloon",0
"237","boss",87,"birthday_party_fun",17,54.8387096774194,"balloon","balloon",0
"238","boss",87,"journey",28,90.3225806451613,"balloon","balloon",0
"239","boss",87,"quest",11,35.4838709677419,"balloon","balloon",0
"240","boss",87,"return",13,41.9354838709677,"balloon","balloon",0
"241","boss",95,"arrival_1",10,32.258064516129,"belt","belt",0
"242","boss",95,"quest",16,51.6129032258064,"belt","belt",0
"243","boss",95,"unfriendly_giants",18,58.0645161290323,"belt","belt",0
"244","boss",90,"arrival_2",19,61.2903225806452,"book","book",0
"245","boss",90,"arrival_3",26,83.8709677419355,"book","book",0
"246","boss",90,"arrival_4",29,93.5483870967742,"book","book",0
"247","boss",90,"journey",13,41.9354838709677,"book","book",0
"248","boss",82,"arrival_1",22,70.9677419354839,"boot","boot",0
"249","boss",82,"arrival_6",24,77.4193548387097,"boot","boot",0
"250","boss",85,"arrival_1",19,61.2903225806452,"bowl","bowl",0
"251","boss",85,"arrival_4",13,41.9354838709677,"bowl","bowl",0
"252","boss",85,"arrival_5",21,67.741935483871,"bowl","bowl",0
"253","boss",85,"arrival_6",20,64.5161290322581,"bowl","bowl",0
"254","boss",100,"flowerman",13,41.9354838709677,"brick","brick",0
"255","boss",82,"dinosaurs_spacemen_and_ghouls",16,51.6129032258064,"camera","camera",0
"256","boss",92,"arrival_1",26,83.8709677419355,"clock","clock",0
"257","boss",92,"arrival_3",17,54.8387096774194,"clock","clock",0
"258","boss",92,"flowerman",12,38.7096774193548,"clock","clock",0
"259","boss",82,"journey",14,45.1612903225806,"crayon","crayon",0
"260","boss",82,"quest",17,54.8387096774194,"crayon","crayon",0
"261","boss",82,"return",19,61.2903225806452,"crayon","crayon",0
"262","boss",100,"arrival_6",27,87.0967741935484,"envelope","envelope",0
"263","boss",100,"return",20,64.5161290322581,"feather","feather",0
"264","boss",100,"unfriendly_giants",13,41.9354838709677,"hammer","hammer",0
"265","boss",97,"quest",28,90.3225806451613,"key","key",0
"266","boss",87,"ancient_rome",10,32.258064516129,"knife","knife",0
"267","boss",92,"arrival_6",14,45.1612903225806,"lamp","lamp",0
"268","boss",92,"journey",13,41.9354838709677,"lamp","lamp",0
"269","boss",92,"return",10,32.258064516129,"lamp","lamp",0
"270","boss",97,"arrival_6",23,74.1935483870968,"leaf","leaf",0
"271","boss",74,"exhibit_12",17,54.8387096774194,"level","level",0
"272","boss",74,"journey",15,48.3870967741936,"level","level",0
"273","boss",77,"arrival_4",18,58.0645161290323,"shoe","shoe",0
"274","boss",82,"journey",13,41.9354838709677,"marker","marker",0
"275","boss",82,"return",10,32.258064516129,"marker","marker",0
"276","boss",100,"quest",13,41.9354838709677,"orange","orange",0
"277","boss",90,"arrival_6",15,48.3870967741936,"pen","pen",0
"278","boss",84,"arrival_6",10,32.258064516129,"plant","plant",0
"279","boss",84,"return",11,35.4838709677419,"plant","plant",0
"280","boss",84,"waldo_1",19,61.2903225806452,"plant","plant",0
"281","boss",84,"wanderer",17,54.8387096774194,"plant","plant",0
"282","boss",92,"arrival_5",14,45.1612903225806,"plate","plate",0
"283","boss",100,"ancient_rome",10,32.258064516129,"ring","ring",0
"284","boss",86,"arrival_5",16,51.6129032258064,"rope","rope",0
"285","boss",86,"quest",22,70.9677419354839,"rope","rope",0
"286","boss",86,"unfriendly_giants",19,61.2903225806452,"rope","rope",0
"287","boss",86,"wanderer",12,38.7096774193548,"rope","rope",0
"288","boss",95,"arrival_1",10,32.258064516129,"scarf","scarf",0
"289","boss",92,"arrival_1",21,67.741935483871,"spoon","spoon",0
"290","boss",83,"unfriendly_giants",21,67.741935483871,"straw","straw",0
"291","boss",81,"arrival_3",18,58.0645161290323,"basket","basket",0
"292","boss",81,"arrival_4",26,83.8709677419355,"basket","basket",0
"293","boss",81,"arrival_5",22,70.9677419354839,"basket","basket",0
"294","boss",81,"arrival_6",15,48.3870967741936,"basket","basket",0
"295","boss",81,"journey",12,38.7096774193548,"basket","basket",0
"296","boss, DR2",100,"by_the_lake",11,35.4838709677419,"umbrella","umbrella",0
"297","boss, DR2",100,"flowerman",10,32.258064516129,"umbrella","umbrella",0
"298","boss",97,"arrival_3",16,51.6129032258064,"violin","violin",0
"299","boss",82,"flowerman",18,58.0645161290323,"wheel","wheel",0
"300","boss",82,"journey",20,64.5161290322581,"wheel","wheel",0
"301","boss",82,"quest",15,48.3870967741936,"wheel","wheel",0
"302","boss",82,"wanderer",12,38.7096774193548,"wheel","wheel",0
"303","brodeur, moreno-martinez",97,"arrival_3",13,41.9354838709677,"accordion","accordion",0
"304","brodeur, moreno-martinez",97,"arrival_5",18,58.0645161290323,"accordion","accordion",0
"305","brodeur",71,"by_the_lake",11,35.4838709677419,"guitar","guitar",0
"306","brodeur",71,"campsite",11,35.4838709677419,"guitar","guitar",0
"307","brodeur",95,"airport",17,54.8387096774194,"elephant","elephant",0
"308","brodeur",95,"birthday_party_fun",10,32.258064516129,"elephant","elephant",0
"309","brodeur",95,"escape_from_the_zoo",22,70.9677419354839,"elephant","elephant",0
"310","brodeur",95,"make_a_splash",20,64.5161290322581,"elephant","elephant",0
"311","brodeur",95,"wanderer",20,64.5161290322581,"elephant","elephant",0
"312","brodeur",93,"wanderer",15,48.3870967741936,"anchor","anchor",0
"313","brodeur",95,"arrival_5",18,58.0645161290323,"banjo","banjo",0
"314","brodeur",81,"arrival_1",11,35.4838709677419,"bed","bed",0
"315","brodeur",81,"arrival_3",22,70.9677419354839,"bed","bed",0
"316","brodeur",81,"arrival_5",14,45.1612903225806,"bed","bed",0
"317","brodeur",81,"arrival_6",22,70.9677419354839,"bed","bed",0
"318","brodeur",81,"journey",21,67.741935483871,"bed","bed",0
"319","brodeur",81,"return",14,45.1612903225806,"bed","bed",0
"320","brodeur",76,"arrival_4",15,48.3870967741936,"bench","bench",0
"321","brodeur",76,"quest",20,64.5161290322581,"bench","bench",0
"322","brodeur",90,"arrival_4",14,45.1612903225806,"bridge","bridge",0
"323","brodeur",90,"campsite",21,67.741935483871,"bridge","bridge",0
"324","brodeur",90,"flowerman",25,80.6451612903226,"bridge","bridge",0
"325","brodeur",90,"journey",18,58.0645161290323,"bridge","bridge",0
"326","brodeur",90,"make_a_splash",13,41.9354838709677,"bridge","bridge",0
"327","brodeur",90,"quest",29,93.5483870967742,"bridge","bridge",0
"328","brodeur",90,"return",19,61.2903225806452,"bridge","bridge",0
"329","brodeur",90,"wanderer",18,58.0645161290323,"bridge","bridge",0
"330","brodeur",88,"campsite",24,77.4193548387097,"bull","bull",0
"331","brodeur",93,"picture_this",14,45.1612903225806,"cactus","cactus",0
"332","brodeur",88,"arrival_3",25,80.6451612903226,"cat","cat",0
"333","brodeur",88,"arrival_4",24,77.4193548387097,"cat","cat",0
"334","brodeur",88,"arrival_5",26,83.8709677419355,"cat","cat",0
"335","brodeur",88,"flowerman",13,41.9354838709677,"cat","cat",0
"336","brodeur",88,"journey",28,90.3225806451613,"cat","cat",0
"337","brodeur",88,"return",15,48.3870967741936,"cat","cat",0
"338","brodeur",88,"wanderer",24,77.4193548387097,"cat","cat",0
"339","brodeur",88,"journey",13,41.9354838709677,"chair","chair",0
"340","brodeur",88,"return",14,45.1612903225806,"chair","chair",0
"341","brodeur",86,"arrival_4",16,51.6129032258064,"chimney","chimney",0
"342","brodeur",86,"arrival_6",10,32.258064516129,"chimney","chimney",0
"343","brodeur",86,"flowerman",15,48.3870967741936,"chimney","chimney",0
"344","brodeur",95,"flowerman",10,32.258064516129,"cloud","cloud",0
"345","brodeur",95,"journey",18,58.0645161290323,"cloud","cloud",0
"346","brodeur",95,"wanderer",15,48.3870967741936,"cloud","cloud",0
"347","brodeur",82,"arrival_4",10,32.258064516129,"shrimp","shrimp",0
"348","brodeur",88,"quest",29,93.5483870967742,"crown","crown",0
"349","brodeur",88,"return",23,74.1935483870968,"crown","crown",0
"350","brodeur",95,"birthday_party_fun",11,35.4838709677419,"cupcake","cupcake",0
"351","brodeur",82,"arrival_3",10,32.258064516129,"window","window",0
"352","brodeur",82,"arrival_5",15,48.3870967741936,"window","window",0
"353","brodeur",82,"arrival_6",25,80.6451612903226,"window","window",0
"354","brodeur",82,"flowerman",27,87.0967741935484,"window","window",0
"355","brodeur",82,"journey",12,38.7096774193548,"window","window",0
"356","brodeur",82,"waldo_1",29,93.5483870967742,"window","window",0
"357","brodeur",82,"wanderer",15,48.3870967741936,"window","window",0
"358","brodeur",76,"quest",22,70.9677419354839,"dragonfly","dragonfly",0
"359","brodeur",71,"arrival_2",15,48.3870967741936,"gate","gate",0
"360","brodeur",76,"arrival_1",18,58.0645161290323,"eye","eye",0
"361","brodeur",76,"arrival_4",14,45.1612903225806,"eye","eye",0
"362","brodeur",76,"arrival_5",11,35.4838709677419,"eye","eye",0
"363","brodeur",76,"flowerman",10,32.258064516129,"eye","eye",0
"364","brodeur",76,"return",13,41.9354838709677,"eye","eye",0
"365","brodeur",76,"wanderer",25,80.6451612903226,"eye","eye",0
"366","brodeur",71,"airport",16,51.6129032258064,"flag","flag",0
"367","brodeur",71,"being_a_pirate",23,74.1935483870968,"flag","flag",0
"368","brodeur",71,"wanderer",12,38.7096774193548,"flag","flag",0
"369","brodeur, DR2",100,"escape_from_the_zoo",26,83.8709677419355,"giraffe","giraffe",0
"370","brodeur",100,"arrival_5",16,51.6129032258064,"owl","owl",0
"371","brodeur",81,"ancient_rome",12,38.7096774193548,"hand","hand",0
"372","brodeur",81,"arrival_1",29,93.5483870967742,"hand","hand",0
"373","brodeur",81,"arrival_2",26,83.8709677419355,"hand","hand",0
"374","brodeur",81,"arrival_3",20,64.5161290322581,"hand","hand",0
"375","brodeur",81,"arrival_4",24,77.4193548387097,"hand","hand",0
"376","brodeur",81,"arrival_5",22,70.9677419354839,"hand","hand",0
"377","brodeur",81,"arrival_6",22,70.9677419354839,"hand","hand",0
"378","brodeur",81,"by_the_lake",13,41.9354838709677,"hand","hand",0
"379","brodeur",81,"deep_sea_divers",11,35.4838709677419,"hand","hand",0
"380","brodeur",81,"dinosaurs_spacemen_and_ghouls",15,48.3870967741936,"hand","hand",0
"381","brodeur",81,"flowerman",20,64.5161290322581,"hand","hand",0
"382","brodeur",81,"journey",24,77.4193548387097,"hand","hand",0
"383","brodeur",81,"picture_this",25,80.6451612903226,"hand","hand",0
"384","brodeur",81,"quest",23,74.1935483870968,"hand","hand",0
"385","brodeur",81,"return",24,77.4193548387097,"hand","hand",0
"386","brodeur",81,"unfriendly_giants",11,35.4838709677419,"hand","hand",0
"387","brodeur",81,"wanderer",23,74.1935483870968,"hand","hand",0
"388","brodeur",81,"wild_west",12,38.7096774193548,"hand","hand",0
"389","brodeur",90,"airport",18,58.0645161290323,"helicopter","helicopter",0
"390","brodeur, brodeur",89,"arrival_6",25,80.6451612903226,"flower","flower",0
"391","brodeur, brodeur",89,"campsite",11,35.4838709677419,"flower","flower",0
"392","brodeur, brodeur",89,"flowerman",28,90.3225806451613,"flower","flower",0
"393","brodeur, brodeur",89,"unfriendly_giants",18,58.0645161290323,"flower","flower",0
"394","brodeur, brodeur",89,"wanderer",12,38.7096774193548,"flower","flower",0
"395","brodeur",100,"ancient_rome",27,87.0967741935484,"horse","horse",0
"396","brodeur",100,"exhibit_12",11,35.4838709677419,"horse","horse",0
"397","brodeur",100,"flowerman",11,35.4838709677419,"horse","horse",0
"398","brodeur",100,"return",14,45.1612903225806,"horse","horse",0
"399","brodeur",100,"wanderer",27,87.0967741935484,"horse","horse",0
"400","brodeur",100,"wild_west",26,83.8709677419355,"horse","horse",0
"401","brodeur",95,"wanderer",23,74.1935483870968,"jellyfish","jellyfish",0
"402","brodeur",98,"by_the_lake",12,38.7096774193548,"kite","kite",0
"403","brodeur",98,"journey",24,77.4193548387097,"kite","kite",0
"404","brodeur",98,"return",28,90.3225806451613,"kite","kite",0
"405","brodeur",98,"wanderer",21,67.741935483871,"kite","kite",0
"406","brodeur, brodeur",89,"arrival_6",25,80.6451612903226,"flower","flower",0
"407","brodeur, brodeur",89,"campsite",11,35.4838709677419,"flower","flower",0
"408","brodeur, brodeur",89,"flowerman",28,90.3225806451613,"flower","flower",0
"409","brodeur, brodeur",89,"unfriendly_giants",18,58.0645161290323,"flower","flower",0
"410","brodeur, brodeur",89,"wanderer",12,38.7096774193548,"flower","flower",0
"411","brodeur",88,"ancient_rome",26,83.8709677419355,"lion","lion",0
"412","brodeur",88,"birthday_party_fun",15,48.3870967741936,"lion","lion",0
"413","brodeur",88,"escape_from_the_zoo",24,77.4193548387097,"lion","lion",0
"414","brodeur",88,"wanderer",10,32.258064516129,"lion","lion",0
"415","brodeur, DR2",100,"arrival_6",17,54.8387096774194,"mailbox","mailbox",0
"416","brodeur, DR2",100,"journey",24,77.4193548387097,"mailbox","mailbox",0
"417","brodeur",86,"dinosaurs_spacemen_and_ghouls",19,61.2903225806452,"mummy","mummy",0
"418","brodeur",88,"wanderer",14,45.1612903225806,"nose","nose",0
"419","brodeur",71,"exhibit_12",10,32.258064516129,"painting","painting",0
"420","brodeur",71,"flowerman",14,45.1612903225806,"painting","painting",0
"421","brodeur",87,"escape_from_the_zoo",23,74.1935483870968,"flamingo","flamingo",0
"422","brodeur",83,"wanderer",17,54.8387096774194,"pipe","pipe",0
"423","brodeur",73,"escape_from_the_zoo",12,38.7096774193548,"monkey","monkey",0
"424","brodeur",90,"arrival_4",23,74.1935483870968,"fish","fish",0
"425","brodeur",90,"arrival_5",23,74.1935483870968,"fish","fish",0
"426","brodeur",90,"campsite",11,35.4838709677419,"fish","fish",0
"427","brodeur",90,"deep_sea_divers",29,93.5483870967742,"fish","fish",0
"428","brodeur",90,"picture_this",19,61.2903225806452,"fish","fish",0
"429","brodeur",90,"quest",17,54.8387096774194,"fish","fish",0
"430","brodeur",90,"return",18,58.0645161290323,"fish","fish",0
"431","brodeur",90,"wanderer",27,87.0967741935484,"fish","fish",0
"432","brodeur",95,"by_the_lake",19,61.2903225806452,"sandcastle","sandcastle",0
"433","brodeur",90,"flowerman",14,45.1612903225806,"scooter","scooter",0
"434","brodeur",90,"journey",24,77.4193548387097,"scooter","scooter",0
"435","brodeur",88,"wanderer",20,64.5161290322581,"seal","seal",0
"436","brodeur",75,"quest",17,54.8387096774194,"spear","spear",0
"437","brodeur",88,"quest",10,32.258064516129,"squid","squid",0
"438","brodeur",88,"wanderer",10,32.258064516129,"squid","squid",0
"439","brodeur",98,"quest",25,80.6451612903226,"swing","swing",0
"440","brodeur",83,"deep_sea_divers",10,32.258064516129,"swordfish","swordfish",0
"441","brodeur",83,"wanderer",11,35.4838709677419,"swordfish","swordfish",0
"442","brodeur",81,"arrival_1",19,61.2903225806452,"table","table",0
"443","brodeur",81,"arrival_5",24,77.4193548387097,"table","table",0
"444","brodeur",81,"arrival_6",22,70.9677419354839,"table","table",0
"445","brodeur",81,"birthday_party_fun",24,77.4193548387097,"table","table",0
"446","brodeur",81,"dinosaurs_spacemen_and_ghouls",11,35.4838709677419,"table","table",0
"447","brodeur",81,"journey",10,32.258064516129,"table","table",0
"448","brodeur",81,"return",14,45.1612903225806,"table","table",0
"449","brodeur",90,"campsite",28,90.3225806451613,"tent","tent",0
"450","brodeur",90,"flowerman",12,38.7096774193548,"tent","tent",0
"451","brodeur",95,"arrival_6",17,54.8387096774194,"tree","tree",0
"452","brodeur",95,"being_a_pirate",19,61.2903225806452,"tree","tree",0
"453","brodeur",95,"birthday_party_fun",16,51.6129032258064,"tree","tree",0
"454","brodeur",95,"dinosaurs_spacemen_and_ghouls",17,54.8387096774194,"tree","tree",0
"455","brodeur",95,"escape_from_the_zoo",21,67.741935483871,"tree","tree",0
"456","brodeur",95,"flowerman",26,83.8709677419355,"tree","tree",0
"457","brodeur",95,"journey",29,93.5483870967742,"tree","tree",0
"458","brodeur",95,"make_a_splash",10,32.258064516129,"tree","tree",0
"459","brodeur",95,"picture_this",24,77.4193548387097,"tree","tree",0
"460","brodeur",95,"quest",26,83.8709677419355,"tree","tree",0
"461","brodeur",95,"return",23,74.1935483870968,"tree","tree",0
"462","brodeur",95,"unfriendly_giants",26,83.8709677419355,"tree","tree",0
"463","brodeur",95,"wanderer",25,80.6451612903226,"tree","tree",0
"464","brodeur",79,"waldo_1",14,45.1612903225806,"triangle","triangle",0
"465","brodeur",76,"by_the_lake",19,61.2903225806452,"volleyball","volleyball",0
"466","brodeur",95,"journey",24,77.4193548387097,"waterfall","waterfall",0
"467","brodeur",95,"quest",18,58.0645161290323,"waterfall","waterfall",0
"468","brodeur, DR2",100,"unfriendly_giants",25,80.6451612903226,"windmill","windmill",0
"469","moreno-martinez",96,"arrival_2",17,54.8387096774194,"arm","arm",0
"470","moreno-martinez",96,"arrival_3",11,35.4838709677419,"arm","arm",0
"471","moreno-martinez",96,"arrival_4",15,48.3870967741936,"arm","arm",0
"472","moreno-martinez",96,"journey",14,45.1612903225806,"arm","arm",0
"473","moreno-martinez",96,"return",19,61.2903225806452,"arm","arm",0
"474","moreno-martinez",96,"wanderer",15,48.3870967741936,"arm","arm",0
"475","moreno-martinez",94,"arrival_3",13,41.9354838709677,"arrow","arrow",0
"476","moreno-martinez",94,"deep_sea_divers",16,51.6129032258064,"arrow","arrow",0
"477","moreno-martinez",94,"waldo_1",10,32.258064516129,"arrow","arrow",0
"478","moreno-martinez",89,"by_the_lake",13,41.9354838709677,"ball","ball",0
"479","moreno-martinez",89,"flowerman",10,32.258064516129,"ball","ball",0
"480","moreno-martinez",89,"journey",15,48.3870967741936,"ball","ball",0
"481","moreno-martinez",89,"make_a_splash",10,32.258064516129,"ball","ball",0
"482","moreno-martinez",89,"return",24,77.4193548387097,"ball","ball",0
"483","moreno-martinez",89,"wanderer",10,32.258064516129,"ball","ball",0
"484","moreno-martinez",96,"birthday_party_fun",14,45.1612903225806,"bat","bat",0
"485","moreno-martinez",96,"wanderer",10,32.258064516129,"bat","bat",0
"486","moreno-martinez",73,"flowerman",16,51.6129032258064,"bit","bit",0
"487","moreno-martinez",73,"journey",10,32.258064516129,"bit","bit",0
"488","moreno-martinez",73,"wanderer",14,45.1612903225806,"bit","bit",0
"489","moreno-martinez",86,"arrival_2",28,90.3225806451613,"boat","boat",0
"490","moreno-martinez",86,"arrival_4",27,87.0967741935484,"boat","boat",0
"491","moreno-martinez",86,"arrival_5",25,80.6451612903226,"boat","boat",0
"492","moreno-martinez",86,"arrival_6",12,38.7096774193548,"boat","boat",0
"493","moreno-martinez",86,"being_a_pirate",28,90.3225806451613,"boat","boat",0
"494","moreno-martinez",86,"by_the_lake",26,83.8709677419355,"boat","boat",0
"495","moreno-martinez",86,"campsite",23,74.1935483870968,"boat","boat",0
"496","moreno-martinez",86,"deep_sea_divers",28,90.3225806451613,"boat","boat",0
"497","moreno-martinez",86,"journey",29,93.5483870967742,"boat","boat",0
"498","moreno-martinez",86,"quest",28,90.3225806451613,"boat","boat",0
"499","moreno-martinez",86,"return",27,87.0967741935484,"boat","boat",0
"500","moreno-martinez",86,"wanderer",27,87.0967741935484,"boat","boat",0
"501","moreno-martinez",99,"arrival_1",10,32.258064516129,"bow","bow",0
"502","moreno-martinez",99,"flowerman",10,32.258064516129,"bow","bow",0
"503","moreno-martinez",99,"waldo_1",11,35.4838709677419,"bow","bow",0
"504","moreno-martinez",76,"airport",22,70.9677419354839,"bus","bus",0
"505","moreno-martinez",99,"return",14,45.1612903225806,"butterfly","butterfly",0
"506","moreno-martinez",98,"being_a_pirate",21,67.741935483871,"cannon","cannon",0
"507","moreno-martinez",93,"arrival_4",10,32.258064516129,"car","car",0
"508","moreno-martinez",93,"flowerman",26,83.8709677419355,"car","car",0
"509","moreno-martinez",93,"waldo_1",30,96.7741935483871,"car","car",0
"510","moreno-martinez",75,"airport",13,41.9354838709677,"cart","cart",0
"511","moreno-martinez",75,"arrival_3",18,58.0645161290323,"cart","cart",0
"512","moreno-martinez",75,"arrival_5",13,41.9354838709677,"cart","cart",0
"513","moreno-martinez",75,"flowerman",16,51.6129032258064,"cart","cart",0
"514","moreno-martinez",96,"arrival_1",11,35.4838709677419,"coat","coat",0
"515","moreno-martinez",96,"flowerman",12,38.7096774193548,"coat","coat",0
"516","moreno-martinez",82,"arrival_1",22,70.9677419354839,"cup","cup",0
"517","moreno-martinez",82,"arrival_6",24,77.4193548387097,"cup","cup",0
"518","moreno-martinez",93,"campsite",11,35.4838709677419,"duck","duck",0
"519","moreno-martinez",99,"arrival_1",10,32.258064516129,"ear","ear",0
"520","moreno-martinez",99,"arrival_4",12,38.7096774193548,"ear","ear",0
"521","moreno-martinez",90,"arrival_6",11,35.4838709677419,"finger","finger",0
"522","moreno-martinez",90,"birthday_party_fun",16,51.6129032258064,"gun","gun",0
"523","moreno-martinez",90,"make_a_splash",15,48.3870967741936,"gun","gun",0
"524","moreno-martinez",90,"wild_west",12,38.7096774193548,"gun","gun",0
"525","moreno-martinez",93,"arrival_4",16,51.6129032258064,"house","house",0
"526","moreno-martinez",93,"arrival_5",16,51.6129032258064,"house","house",0
"527","moreno-martinez",93,"birthday_party_fun",14,45.1612903225806,"house","house",0
"528","moreno-martinez",93,"by_the_lake",13,41.9354838709677,"house","house",0
"529","moreno-martinez",93,"flowerman",28,90.3225806451613,"house","house",0
"530","moreno-martinez",93,"journey",21,67.741935483871,"house","house",0
"531","moreno-martinez",93,"return",22,70.9677419354839,"house","house",0
"532","moreno-martinez",93,"unfriendly_giants",20,64.5161290322581,"house","house",0
"533","moreno-martinez",93,"wanderer",21,67.741935483871,"house","house",0
"534","moreno-martinez",81,"wanderer",19,61.2903225806452,"iceberg","iceberg",0
"535","moreno-martinez",84,"quest",19,61.2903225806452,"island","island",0
"536","moreno-martinez",84,"wanderer",14,45.1612903225806,"island","island",0
"537","moreno-martinez",95,"return",15,48.3870967741936,"moon","moon",0
"538","moreno-martinez",95,"wanderer",24,77.4193548387097,"moon","moon",0
"539","moreno-martinez",83,"journey",13,41.9354838709677,"mountain","mountain",0
"540","moreno-martinez",83,"quest",26,83.8709677419355,"mountain","mountain",0
"541","moreno-martinez",76,"arrival_4",10,32.258064516129,"mouth","mouth",0
"542","moreno-martinez",76,"arrival_6",10,32.258064516129,"mouth","mouth",0
"543","moreno-martinez",76,"wanderer",15,48.3870967741936,"mouth","mouth",0
"544","moreno-martinez",99,"birthday_party_fun",14,45.1612903225806,"penguin","penguin",0
"545","moreno-martinez",99,"by_the_lake",11,35.4838709677419,"penguin","penguin",0
"546","moreno-martinez",99,"escape_from_the_zoo",20,64.5161290322581,"penguin","penguin",0
"547","moreno-martinez",99,"make_a_splash",12,38.7096774193548,"penguin","penguin",0
"548","moreno-martinez",73,"dinosaurs_spacemen_and_ghouls",12,38.7096774193548,"pie","pie",0
"549","moreno-martinez",84,"ancient_rome",15,48.3870967741936,"pyramid","pyramid",0
"550","moreno-martinez",84,"by_the_lake",17,54.8387096774194,"pyramid","pyramid",0
"551","moreno-martinez",84,"quest",13,41.9354838709677,"pyramid","pyramid",0
"552","moreno-martinez",93,"being_a_pirate",13,41.9354838709677,"sea","sea",0
"553","moreno-martinez",93,"deep_sea_divers",22,70.9677419354839,"sea","sea",0
"554","moreno-martinez",93,"quest",15,48.3870967741936,"sea","sea",0
"555","moreno-martinez",93,"return",12,38.7096774193548,"sea","sea",0
"556","moreno-martinez",93,"wanderer",26,83.8709677419355,"sea","sea",0
"557","moreno-martinez",83,"wanderer",11,35.4838709677419,"seagull","seagull",0
"558","moreno-martinez",96,"ancient_rome",17,54.8387096774194,"shield","shield",0
"559","moreno-martinez",74,"arrival_1",19,61.2903225806452,"ship","ship",0
"560","moreno-martinez",74,"arrival_2",24,77.4193548387097,"ship","ship",0
"561","moreno-martinez",74,"arrival_4",17,54.8387096774194,"ship","ship",0
"562","moreno-martinez",74,"being_a_pirate",29,93.5483870967742,"ship","ship",0
"563","moreno-martinez",74,"dinosaurs_spacemen_and_ghouls",10,32.258064516129,"ship","ship",0
"564","moreno-martinez",74,"journey",15,48.3870967741936,"ship","ship",0
"565","moreno-martinez",74,"make_a_splash",23,74.1935483870968,"ship","ship",0
"566","moreno-martinez",74,"quest",14,45.1612903225806,"ship","ship",0
"567","moreno-martinez",74,"return",12,38.7096774193548,"ship","ship",0
"568","moreno-martinez",74,"wanderer",25,80.6451612903226,"ship","ship",0
"569","moreno-martinez",99,"arrival_5",17,54.8387096774194,"shirt","shirt",0
"570","moreno-martinez",99,"flowerman",14,45.1612903225806,"shirt","shirt",0
"571","moreno-martinez",99,"wanderer",14,45.1612903225806,"shirt","shirt",0
"572","moreno-martinez",96,"arrival_4",26,83.8709677419355,"shovel","shovel",0
"573","moreno-martinez",99,"flowerman",13,41.9354838709677,"skirt","skirt",0
"574","moreno-martinez",92,"arrival_4",17,54.8387096774194,"snake","snake",0
"575","moreno-martinez",92,"escape_from_the_zoo",13,41.9354838709677,"snake","snake",0
"576","moreno-martinez",92,"make_a_splash",12,38.7096774193548,"snake","snake",0
"577","moreno-martinez",92,"wanderer",15,48.3870967741936,"snake","snake",0
"578","moreno-martinez",75,"wanderer",13,41.9354838709677,"sun","sun",0
"579","moreno-martinez",97,"ancient_rome",18,58.0645161290323,"sword","sword",0
"580","moreno-martinez",97,"picture_this",10,32.258064516129,"sword","sword",0
"581","moreno-martinez",97,"return",26,83.8709677419355,"sword","sword",0
"582","moreno-martinez",99,"ancient_rome",12,38.7096774193548,"tiger","tiger",0
"583","moreno-martinez",78,"airport",13,41.9354838709677,"tower","tower",0
"584","moreno-martinez",78,"journey",16,51.6129032258064,"tower","tower",0
"585","moreno-martinez",78,"quest",17,54.8387096774194,"tower","tower",0
"586","moreno-martinez",93,"arrival_1",28,90.3225806451613,"train","train",0
"587","moreno-martinez",93,"arrival_4",29,93.5483870967742,"train","train",0
"588","moreno-martinez",93,"wild_west",28,90.3225806451613,"train","train",0
"589","moreno-martinez",99,"dinosaurs_spacemen_and_ghouls",23,74.1935483870968,"volcano","volcano",0
"590","moreno-martinez",89,"wanderer",27,87.0967741935484,"wave","wave",0
"591","moreno-martinez",99,"wanderer",13,41.9354838709677,"zebra","zebra",0
"592","DR2",95.4545455,"airport",22,70.9677419354839,"airplane","airplane",0
"593","DR2",95.4545455,"wanderer",21,67.741935483871,"airplane","airplane",0
"594","DR2",95.1,"campsite",12,38.7096774193548,"backpack","backpack",0
"595","DR2",85.7142857,"flowerman",15,48.3870967741936,"balcony","balcony",0
"596","DR2",100,"escape_from_the_zoo",27,87.0967741935484,"bear","bear",0
"597","DR2",100,"picture_this",15,48.3870967741936,"bear","bear",0
"598","DR2",94.9152542,"journey",23,74.1935483870968,"bicycle","bicycle",0
"599","DR2",94.9152542,"quest",17,54.8387096774194,"bicycle","bicycle",0
"600","DR2",94.9152542,"waldo_1",14,45.1612903225806,"bicycle","bicycle",0
"601","DR2",100,"arrival_1",27,87.0967741935484,"bird","bird",0
"602","DR2",100,"arrival_2",27,87.0967741935484,"bird","bird",0
"603","DR2",100,"arrival_3",18,58.0645161290323,"bird","bird",0
"604","DR2",100,"arrival_4",17,54.8387096774194,"bird","bird",0
"605","DR2",100,"arrival_5",23,74.1935483870968,"bird","bird",0
"606","DR2",100,"arrival_6",26,83.8709677419355,"bird","bird",0
"607","DR2",100,"escape_from_the_zoo",21,67.741935483871,"bird","bird",0
"608","DR2",100,"journey",29,93.5483870967742,"bird","bird",0
"609","DR2",100,"quest",28,90.3225806451613,"bird","bird",0
"610","DR2",100,"return",28,90.3225806451613,"bird","bird",0
"611","DR2",100,"wanderer",27,87.0967741935484,"bird","bird",0
"612","DR2",91.3,"airport",12,38.7096774193548,"blimp","blimp",0
"613","DR2",90.9090909,"wanderer",17,54.8387096774194,"bottle","bottle",0
"614","DR2",95.4545455,"arrival_4",14,45.1612903225806,"box","box",0
"615","DR2",95.4545455,"arrival_6",10,32.258064516129,"box","box",0
"616","DR2",95.4545455,"quest",10,32.258064516129,"box","box",0
"617","DR2",95.4545455,"return",20,64.5161290322581,"box","box",0
"618","DR2",100,"birthday_party_fun",19,61.2903225806452,"castle","castle",0
"619","DR2",100,"by_the_lake",14,45.1612903225806,"castle","castle",0
"620","DR2",100,"journey",23,74.1935483870968,"castle","castle",0
"621","DR2",100,"quest",25,80.6451612903226,"castle","castle",0
"622","DR2",100,"return",25,80.6451612903226,"castle","castle",0
"623","DR2",100,"unfriendly_giants",21,67.741935483871,"castle","castle",0
"624","DR2, DR2",85.7,"deep_sea_divers",12,38.7096774193548,"chest","chest",0
"625","DR2, DR2",85.7,"deep_sea_divers",12,38.7096774193548,"chest","chest",0
"626","DR2",74.1,"arrival_2",20,64.5161290322581,"city","city",0
"627","DR2",74.1,"arrival_4",27,87.0967741935484,"city","city",0
"628","DR2",74.1,"arrival_5",19,61.2903225806452,"city","city",0
"629","DR2",74.1,"arrival_6",12,38.7096774193548,"city","city",0
"630","DR2",74.1,"journey",21,67.741935483871,"city","city",0
"631","DR2",74.1,"quest",26,83.8709677419355,"city","city",0
"632","DR2",74.1,"return",20,64.5161290322581,"city","city",0
"633","DR2",74.1,"waldo_1",13,41.9354838709677,"city","city",0
"634","DR2",74.1,"wanderer",23,74.1935483870968,"city","city",0
"635","DR2",100,"journey",24,77.4193548387097,"couch","couch",0
"636","DR2",100,"wanderer",12,38.7096774193548,"deer","deer",0
"637","DR2",82.1,"arrival_4",27,87.0967741935484,"drawer","drawer",0
"638","DR2",78.5714286,"journey",10,32.258064516129,"dresser","dresser",0
"639","DR2",100,"arrival_3",25,80.6451612903226,"egg","egg",0
"640","DR2",100,"birthday_party_fun",17,54.8387096774194,"fence","fence",0
"641","DR2",100,"flowerman",12,38.7096774193548,"fence","fence",0
"642","DR2",100,"arrival_6",15,48.3870967741936,"floor","floor",0
"643","DR2",100,"exhibit_12",15,48.3870967741936,"floor","floor",0
"644","DR2",100,"flowerman",14,45.1612903225806,"floor","floor",0
"645","DR2",100,"journey",23,74.1935483870968,"floor","floor",0
"646","DR2",100,"return",18,58.0645161290323,"floor","floor",0
"647","DR2",100,"flowerman",24,77.4193548387097,"fountain","fountain",0
"648","DR2",100,"waldo_1",28,90.3225806451613,"fountain","fountain",0
"649","brodeur, DR2",100,"escape_from_the_zoo",26,83.8709677419355,"giraffe","giraffe",0
"650","DR2",85.7,"escape_from_the_zoo",23,74.1935483870968,"gorilla","gorilla",0
"651","DR2",100,"arrival_1",28,90.3225806451613,"hat","hat",0
"652","DR2",100,"arrival_2",19,61.2903225806452,"hat","hat",0
"653","DR2",100,"arrival_3",27,87.0967741935484,"hat","hat",0
"654","DR2",100,"arrival_4",29,93.5483870967742,"hat","hat",0
"655","DR2",100,"arrival_5",27,87.0967741935484,"hat","hat",0
"656","DR2",100,"arrival_6",27,87.0967741935484,"hat","hat",0
"657","DR2",100,"flowerman",24,77.4193548387097,"hat","hat",0
"658","DR2",100,"picture_this",16,51.6129032258064,"hat","hat",0
"659","DR2",100,"unfriendly_giants",12,38.7096774193548,"hat","hat",0
"660","DR2",100,"wanderer",23,74.1935483870968,"hat","hat",0
"661","DR2",100,"wild_west",12,38.7096774193548,"hat","hat",0
"662","DR2",100,"quest",15,48.3870967741936,"helmet","helmet",0
"663","DR2",100,"wanderer",14,45.1612903225806,"helmet","helmet",0
"664","DR2",72.7272727,"arrival_5",15,48.3870967741936,"jacket","jacket",0
"665","DR2",98.5507246,"escape_from_the_zoo",13,41.9354838709677,"kangaroo","kangaroo",0
"666","DR2",100,"arrival_4",15,48.3870967741936,"ladder","ladder",0
"667","DR2",100,"arrival_5",18,58.0645161290323,"ladder","ladder",0
"668","DR2",100,"arrival_6",25,80.6451612903226,"ladder","ladder",0
"669","DR2",100,"exhibit_12",22,70.9677419354839,"ladder","ladder",0
"670","DR2",100,"flowerman",11,35.4838709677419,"ladder","ladder",0
"671","DR2",100,"journey",21,67.741935483871,"ladder","ladder",0
"672","DR2",100,"waldo_1",17,54.8387096774194,"ladder","ladder",0
"673","DR2",100,"wild_west",12,38.7096774193548,"ladder","ladder",0
"674","DR2",100,"wanderer",26,83.8709677419355,"lighthouse","lighthouse",0
"675","DR2",100,"wanderer",22,70.9677419354839,"lobster","lobster",0
"676","DR2",100,"journey",10,32.258064516129,"lock","lock",0
"677","brodeur, DR2",100,"arrival_6",17,54.8387096774194,"mailbox","mailbox",0
"678","brodeur, DR2",100,"journey",24,77.4193548387097,"mailbox","mailbox",0
"679","DR2",100,"arrival_6",11,35.4838709677419,"mirror","mirror",0
"680","DR2",100,"dinosaurs_spacemen_and_ghouls",10,32.258064516129,"mirror","mirror",0
"681","DR2",100,"waldo_1",12,38.7096774193548,"mop","mop",0
"682","DR2",98.4,"flowerman",16,51.6129032258064,"motorcycle","motorcycle",0
"683","DR2",98.4,"waldo_1",16,51.6129032258064,"motorcycle","motorcycle",0
"684","DR2",100,"arrival_6",10,32.258064516129,"mouse","mouse",0
"685","DR2",72.7,"arrival_1",22,70.9677419354839,"paper","paper",0
"686","DR2",72.7,"arrival_2",14,45.1612903225806,"paper","paper",0
"687","DR2",72.7,"arrival_4",17,54.8387096774194,"paper","paper",0
"688","DR2",72.7,"arrival_5",24,77.4193548387097,"paper","paper",0
"689","DR2",72.7,"arrival_6",21,67.741935483871,"paper","paper",0
"690","DR2",72.7,"quest",20,64.5161290322581,"paper","paper",0
"691","DR2",72.7,"wanderer",26,83.8709677419355,"paper","paper",0
"692","DR2",78.6,"escape_from_the_zoo",11,35.4838709677419,"parrot","parrot",0
"693","DR2",100,"escape_from_the_zoo",17,54.8387096774194,"peacock","peacock",0
"694","DR2",100,"birthday_party_fun",26,83.8709677419355,"pool","pool",0
"695","DR2",100,"make_a_splash",16,51.6129032258064,"pool","pool",0
"696","DR2",100,"arrival_1",23,74.1935483870968,"pot","pot",0
"697","DR2",100,"arrival_4",10,32.258064516129,"pot","pot",0
"698","DR2",100,"arrival_5",15,48.3870967741936,"pot","pot",0
"699","DR2",100,"arrival_6",21,67.741935483871,"pot","pot",0
"700","DR2",85.7142857,"flowerman",10,32.258064516129,"road","road",0
"701","DR2",86.3636364,"airport",12,38.7096774193548,"rocket","rocket",0
"702","DR2",86.3636364,"dinosaurs_spacemen_and_ghouls",10,32.258064516129,"rocket","rocket",0
"703","DR2",86.3636364,"wanderer",15,48.3870967741936,"rocket","rocket",0
"704","DR2",90.9,"flowerman",26,83.8709677419355,"roof","roof",0
"705","DR2",90.9,"waldo_1",27,87.0967741935484,"roof","roof",0
"706","DR2",90.9,"wanderer",11,35.4838709677419,"roof","roof",0
"707","DR2",90.9,"wild_west",17,54.8387096774194,"roof","roof",0
"708","DR2",85.7,"by_the_lake",14,45.1612903225806,"sailboat","sailboat",0
"709","DR2",85.7,"wanderer",21,67.741935483871,"sailboat","sailboat",0
"710","DR2",96.4,"quest",19,61.2903225806452,"seahorse","seahorse",0
"711","DR2",96.4,"wanderer",27,87.0967741935484,"seahorse","seahorse",0
"712","DR2",100,"campsite",10,32.258064516129,"shark","shark",0
"713","DR2",100,"deep_sea_divers",14,45.1612903225806,"shark","shark",0
"714","DR2",100,"exhibit_12",10,32.258064516129,"shark","shark",0
"715","DR2",96.7741935,"arrival_4",15,48.3870967741936,"shower","shower",0
"716","DR2",96.7741935,"wanderer",12,38.7096774193548,"shower","shower",0
"717","DR2",97.6190476,"return",11,35.4838709677419,"sink","sink",0
"718","DR2",95.5,"make_a_splash",28,90.3225806451613,"slide","slide",0
"719","DR2",75,"journey",10,32.258064516129,"soldier","soldier",0
"720","DR2",75,"quest",17,54.8387096774194,"soldier","soldier",0
"721","DR2",75,"return",13,41.9354838709677,"soldier","soldier",0
"722","DR2",93.3,"arrival_2",22,70.9677419354839,"statue","statue",0
"723","DR2",93.3,"arrival_4",16,51.6129032258064,"statue","statue",0
"724","DR2",93.3,"arrival_5",11,35.4838709677419,"statue","statue",0
"725","DR2",93.3,"flowerman",11,35.4838709677419,"statue","statue",0
"726","DR2",93.3,"quest",25,80.6451612903226,"statue","statue",0
"727","DR2",93.3,"waldo_1",17,54.8387096774194,"statue","statue",0
"728","DR2",95.4545455,"journey",11,35.4838709677419,"stove","stove",0
"729","DR2",100,"return",27,87.0967741935484,"submarine","submarine",0
"730","DR2",100,"wanderer",25,80.6451612903226,"submarine","submarine",0
"731","DR2",97.0588235,"arrival_1",24,77.4193548387097,"suitcase","suitcase",0
"732","DR2",97.0588235,"arrival_2",23,74.1935483870968,"suitcase","suitcase",0
"733","DR2",97.0588235,"arrival_3",25,80.6451612903226,"suitcase","suitcase",0
"734","DR2",95.1,"quest",14,45.1612903225806,"tank","tank",0
"735","DR2",95.1,"wanderer",13,41.9354838709677,"tank","tank",0
"736","DR2",93.3,"arrival_1",22,70.9677419354839,"teapot","teapot",0
"737","DR2",93.3,"arrival_2",11,35.4838709677419,"teapot","teapot",0
"738","DR2",100,"arrival_4",12,38.7096774193548,"teepee","teepee",0
"739","DR2",100,"flowerman",17,54.8387096774194,"telescope","telescope",0
"740","DR2",100,"flowerman",12,38.7096774193548,"tie","tie",0
"741","DR2",95.4545455,"airport",22,70.9677419354839,"truck","truck",0
"742","DR2",95.4545455,"flowerman",23,74.1935483870968,"truck","truck",0
"743","DR2",95.4545455,"waldo_1",23,74.1935483870968,"truck","truck",0
"744","DR2",95.2380952,"wanderer",26,83.8709677419355,"turtle","turtle",0
"745","boss, DR2",100,"by_the_lake",11,35.4838709677419,"umbrella","umbrella",0
"746","boss, DR2",100,"flowerman",10,32.258064516129,"umbrella","umbrella",0
"747","DR2",95.4545455,"airport",12,38.7096774193548,"watch","watch",0
"748","DR2",95.4545455,"arrival_3",17,54.8387096774194,"watch","watch",0
"749","DR2",98.1,"flowerman",17,54.8387096774194,"wheelchair","wheelchair",0
"750","brodeur, DR2",100,"unfriendly_giants",25,80.6451612903226,"windmill","windmill",0
"751","DR2",70.7,"arrival_5",12,38.7096774193548,"wine","wine",0
"752","boss",72,NA,NA,NA,"almonds",NA,NA
"753","boss",74,NA,NA,NA,"antenna",NA,NA
"754","boss",92,NA,NA,NA,"ashtray",NA,NA
"755","boss",89,NA,NA,NA,"avocado",NA,NA
"756","boss",87,NA,NA,NA,"bagel",NA,NA
"757","boss",100,NA,NA,NA,"banana",NA,NA
"758","boss",87,NA,NA,NA,"baseball",NA,NA
"759","boss",95,NA,NA,NA,"battery",NA,NA
"760","boss",84,NA,NA,NA,"bib",NA,NA
"761","boss",97,NA,NA,NA,"binoculars",NA,NA
"762","boss",94,NA,NA,NA,"blueberry",NA,NA
"763","boss",86,NA,NA,NA,"bottlecap",NA,NA
"764","boss",97,NA,NA,NA,"broccoli",NA,NA
"765","boss",100,NA,NA,NA,"button",NA,NA
"766","boss",76,NA,NA,NA,"cabbage",NA,NA
"767","boss",100,NA,NA,NA,"calculator",NA,NA
"768","boss",100,NA,NA,NA,"candle",NA,NA
"769","boss",95,NA,NA,NA,"candy",NA,NA
"770","boss",97,NA,NA,NA,"carrot",NA,NA
"771","boss",95,NA,NA,NA,"cauliflower",NA,NA
"772","boss",92,NA,NA,NA,"cd",NA,NA
"773","boss",100,NA,NA,NA,"celery",NA,NA
"774","boss",85,NA,NA,NA,"cellphone",NA,NA
"775","boss",100,NA,NA,NA,"chalk",NA,NA
"776","boss",100,NA,NA,NA,"cherries",NA,NA
"777","boss",95,NA,NA,NA,"cigarette",NA,NA
"778","boss",79,NA,NA,NA,"clipboard",NA,NA
"779","boss",89,NA,NA,NA,"coconut",NA,NA
"780","boss",79,NA,NA,NA,"coffeebeans",NA,NA
"781","boss",87,NA,NA,NA,"comb",NA,NA
"782","boss",100,NA,NA,NA,"condom",NA,NA
"783","boss",71,NA,NA,NA,"cookiecutter",NA,NA
"784","boss",72,NA,NA,NA,"cracker",NA,NA
"785","boss",89,NA,NA,NA,"croissant",NA,NA
"786","boss",86,NA,NA,NA,"deodorant",NA,NA
"787","boss",78,NA,NA,NA,"doll",NA,NA
"788","boss",72,NA,NA,NA,"dropper",NA,NA
"789","boss",82,NA,NA,NA,"dustpan",NA,NA
"790","boss",100,NA,NA,NA,"earrings",NA,NA
"791","boss",92,NA,NA,NA,"eraser",NA,NA
"792","boss",89,NA,NA,NA,"fan",NA,NA
"793","boss",75,NA,NA,NA,"flashlight",NA,NA
"794","boss",90,NA,NA,NA,"flyswatter",NA,NA
"795","boss",97,NA,NA,NA,"fork",NA,NA
"796","boss",87,NA,NA,NA,"garlic",NA,NA
"797","boss",89,NA,NA,NA,"ginger",NA,NA
"798","boss",78,NA,NA,NA,"hanger",NA,NA
"799","boss",71,NA,NA,NA,"headphones",NA,NA
"800","boss",74,NA,NA,NA,"icepack",NA,NA
"801","boss",92,NA,NA,NA,"iron",NA,NA
"802","boss",89,NA,NA,NA,"keyboard",NA,NA
"803","boss",74,NA,NA,NA,"laptop",NA,NA
"804","boss, DR2",100,NA,NA,NA,"lemon",NA,NA
"805","boss",81,NA,NA,NA,"lime",NA,NA
"806","boss",97,NA,NA,NA,"lipstick",NA,NA
"807","boss",82,NA,NA,NA,"magnifyingglass",NA,NA
"808","boss",95,NA,NA,NA,"measuringcup",NA,NA
"809","boss",78,NA,NA,NA,"measuringtape",NA,NA
"810","boss",97,NA,NA,NA,"microscope",NA,NA
"811","boss",94,NA,NA,NA,"mousetrap",NA,NA
"812","boss",100,NA,NA,NA,"mushroom",NA,NA
"813","boss",86,NA,NA,NA,"nailclipper",NA,NA
"814","boss",81,NA,NA,NA,"nailpolish",NA,NA
"815","boss",93,NA,NA,NA,"nutcracker",NA,NA
"816","boss",89,NA,NA,NA,"olive",NA,NA
"817","boss, DR2",100,NA,NA,NA,"onion",NA,NA
"818","boss",92,NA,NA,NA,"paintbrush",NA,NA
"819","boss",77,NA,NA,NA,"paintroller",NA,NA
"820","boss",73,NA,NA,NA,"partyhat",NA,NA
"821","boss",72,NA,NA,NA,"pencilcase",NA,NA
"822","boss",71,NA,NA,NA,"pictureframe",NA,NA
"823","boss",72,NA,NA,NA,"pill",NA,NA
"824","boss",84,NA,NA,NA,"pillow",NA,NA
"825","boss",100,NA,NA,NA,"pineapple",NA,NA
"826","boss",86,NA,NA,NA,"plum",NA,NA
"827","boss",84,NA,NA,NA,"plunger",NA,NA
"828","boss",100,NA,NA,NA,"potato",NA,NA
"829","boss",87,NA,NA,NA,"printer",NA,NA
"830","boss",76,NA,NA,NA,"puzzlepiece",NA,NA
"831","boss",72,NA,NA,NA,"qtip",NA,NA
"832","boss",74,NA,NA,NA,"raisins",NA,NA
"833","boss",86,NA,NA,NA,"rasberry",NA,NA
"834","boss",77,NA,NA,NA,"ribbon",NA,NA
"835","boss",100,NA,NA,NA,"ruler",NA,NA
"836","boss",92,NA,NA,NA,"sandal",NA,NA
"837","boss",89,NA,NA,NA,"saw",NA,NA
"838","boss",100,NA,NA,NA,"scissors",NA,NA
"839","boss",100,NA,NA,NA,"screw",NA,NA
"840","boss",95,NA,NA,NA,"screwdriver",NA,NA
"841","boss",86,NA,NA,NA,"shoelace",NA,NA
"842","boss",74,NA,NA,NA,"shorts",NA,NA
"843","boss",79,NA,NA,NA,"soap",NA,NA
"844","boss",87,NA,NA,NA,"sock",NA,NA
"845","boss",90,NA,NA,NA,"sponge",NA,NA
"846","boss",95,NA,NA,NA,"stapler",NA,NA
"847","boss",81,NA,NA,NA,"stapleremover",NA,NA
"848","boss",97,NA,NA,NA,"staples",NA,NA
"849","boss",74,NA,NA,NA,"starfish",NA,NA
"850","boss",100,NA,NA,NA,"strawberry",NA,NA
"851","boss",90,NA,NA,NA,"sunglasses",NA,NA
"852","boss",94,NA,NA,NA,"tampon",NA,NA
"853","boss",95,NA,NA,NA,"teabag",NA,NA
"854","boss",72,NA,NA,NA,"teddybear",NA,NA
"855","boss",95,NA,NA,NA,"tennisball",NA,NA
"856","boss",97,NA,NA,NA,"thermometer",NA,NA
"857","boss",74,NA,NA,NA,"toast",NA,NA
"858","boss",97,NA,NA,NA,"toaster",NA,NA
"859","boss",92,NA,NA,NA,"toiletpaper",NA,NA
"860","boss, DR2",100,NA,NA,NA,"tomato",NA,NA
"861","boss",79,NA,NA,NA,"tongs",NA,NA
"862","boss, DR2",100,NA,NA,NA,"toothbrush",NA,NA
"863","boss",81,NA,NA,NA,"toothpick",NA,NA
"864","boss",84,NA,NA,NA,"vase",NA,NA
"865","boss",72,NA,NA,NA,"waterbottle",NA,NA
"866","boss",71,NA,NA,NA,"whisk",NA,NA
"867","boss",79,NA,NA,NA,"zucchini",NA,NA
"868","brodeur",79,NA,NA,NA,"acorn",NA,NA
"869","brodeur",79,NA,NA,NA,"airhockeytable",NA,NA
"870","brodeur",73,NA,NA,NA,"antlers",NA,NA
"871","brodeur",95,NA,NA,NA,"apron",NA,NA
"872","brodeur",88,NA,NA,NA,"armadillo",NA,NA
"873","brodeur",76,NA,NA,NA,"badmintonracket",NA,NA
"874","brodeur",81,NA,NA,NA,"baseballbat",NA,NA
"875","brodeur",95,NA,NA,NA,"basketball",NA,NA
"876","brodeur",100,NA,NA,NA,"beaver",NA,NA
"877","brodeur",88,NA,NA,NA,"beerbottle",NA,NA
"878","brodeur",82,NA,NA,NA,"birdfeeder",NA,NA
"879","brodeur",93,NA,NA,NA,"birdhouse",NA,NA
"880","brodeur",93,NA,NA,NA,"blender",NA,NA
"881","brodeur",78,NA,NA,NA,"bluejay",NA,NA
"882","brodeur",71,NA,NA,NA,"shipinabottle",NA,NA
"883","brodeur",100,NA,NA,NA,"bowlingball",NA,NA
"884","brodeur",100,NA,NA,NA,"bowlingpin",NA,NA
"885","brodeur",88,NA,NA,NA,"bowtie",NA,NA
"886","brodeur",76,NA,NA,NA,"boxingglove",NA,NA
"887","brodeur",86,NA,NA,NA,"brownsugar",NA,NA
"888","brodeur",93,NA,NA,NA,"bullet",NA,NA
"889","brodeur",90,NA,NA,NA,"bumpercar",NA,NA
"890","brodeur",86,NA,NA,NA,"calendar",NA,NA
"891","brodeur",80,NA,NA,NA,"bell",NA,NA
"892","brodeur",98,NA,NA,NA,"candycane",NA,NA
"893","brodeur",93,NA,NA,NA,"cashregister",NA,NA
"894","brodeur",71,NA,NA,NA,"ceilingfan",NA,NA
"895","brodeur",77,NA,NA,NA,"chainsaw",NA,NA
"896","brodeur",77,NA,NA,NA,"cheetah",NA,NA
"897","brodeur",89,NA,NA,NA,"chefshat",NA,NA
"898","brodeur",76,NA,NA,NA,"christmaslights",NA,NA
"899","brodeur",86,NA,NA,NA,"christmastree",NA,NA
"900","brodeur",90,NA,NA,NA,"cigar",NA,NA
"901","brodeur",71,NA,NA,NA,"coffeemachine",NA,NA
"902","brodeur",75,NA,NA,NA,"cork",NA,NA
"903","brodeur",93,NA,NA,NA,"cow",NA,NA
"904","brodeur",98,NA,NA,NA,"crab",NA,NA
"905","brodeur",72,NA,NA,NA,"crmebrulee",NA,NA
"906","brodeur",88,NA,NA,NA,"cross",NA,NA
"907","brodeur",83,NA,NA,NA,"cruiseship",NA,NA
"908","brodeur",86,NA,NA,NA,"curtain",NA,NA
"909","brodeur",88,NA,NA,NA,"spider",NA,NA
"910","brodeur",71,NA,NA,NA,"dalmatian",NA,NA
"911","brodeur",100,NA,NA,NA,"dartboard",NA,NA
"912","brodeur",93,NA,NA,NA,"discoball",NA,NA
"913","brodeur",95,NA,NA,NA,"doughnut",NA,NA
"914","brodeur",83,NA,NA,NA,"skis",NA,NA
"915","brodeur",93,NA,NA,NA,"dreamcatcher",NA,NA
"916","brodeur",98,NA,NA,NA,"camel",NA,NA
"917","brodeur",95,NA,NA,NA,"drumsticks",NA,NA
"918","brodeur",73,NA,NA,NA,"ducttape",NA,NA
"919","brodeur",95,NA,NA,NA,"eiffeltower",NA,NA
"920","brodeur",86,NA,NA,NA,"elbow",NA,NA
"921","brodeur",90,NA,NA,NA,"escalator",NA,NA
"922","brodeur",95,NA,NA,NA,"exitsign",NA,NA
"923","brodeur",92,NA,NA,NA,"eyepatch",NA,NA
"924","brodeur",93,NA,NA,NA,"fingerprint",NA,NA
"925","brodeur",86,NA,NA,NA,"fireplace",NA,NA
"926","brodeur",98,NA,NA,NA,"football",NA,NA
"927","brodeur",79,NA,NA,NA,"footballhelmet",NA,NA
"928","brodeur",98,NA,NA,NA,"fortunecookie",NA,NA
"929","brodeur",95,NA,NA,NA,"frisbee",NA,NA
"930","brodeur",80,NA,NA,NA,"musicsheet",NA,NA
"931","brodeur",72,NA,NA,NA,"gazebo",NA,NA
"932","brodeur",98,NA,NA,NA,"golfball",NA,NA
"933","brodeur",88,NA,NA,NA,"granolabar",NA,NA
"934","brodeur",98,NA,NA,NA,"guitarcase",NA,NA
"935","brodeur",100,NA,NA,NA,"handcuffs",NA,NA
"936","brodeur",81,NA,NA,NA,"cymbals",NA,NA
"937","brodeur",100,NA,NA,NA,"harmonica",NA,NA
"938","brodeur",83,NA,NA,NA,"hockeypuck",NA,NA
"939","brodeur",93,NA,NA,NA,"hockeystick",NA,NA
"940","brodeur",93,NA,NA,NA,"hulahoop",NA,NA
"941","brodeur",100,NA,NA,NA,"horseshoe",NA,NA
"942","brodeur",73,NA,NA,NA,"trailer",NA,NA
"943","brodeur",74,NA,NA,NA,"hotdog",NA,NA
"944","brodeur",74,NA,NA,NA,"icecube",NA,NA
"945","brodeur",79,NA,NA,NA,"ipad",NA,NA
"946","brodeur",88,NA,NA,NA,"rabbit",NA,NA
"947","brodeur",88,NA,NA,NA,"jeans",NA,NA
"948","brodeur",88,NA,NA,NA,"jeep",NA,NA
"949","brodeur",98,NA,NA,NA,"jellybeans",NA,NA
"950","brodeur",98,NA,NA,NA,"doghouse",NA,NA
"951","brodeur",83,NA,NA,NA,"kiwi",NA,NA
"952","brodeur",88,NA,NA,NA,"knee",NA,NA
"953","brodeur",79,NA,NA,NA,"kneepad",NA,NA
"954","brodeur",78,NA,NA,NA,"brassknuckles",NA,NA
"955","brodeur",93,NA,NA,NA,"ladybug",NA,NA
"956","brodeur",98,NA,NA,NA,"lawnmower",NA,NA
"957","brodeur",82,NA,NA,NA,"leafblower",NA,NA
"958","brodeur",90,NA,NA,NA,"rake",NA,NA
"959","brodeur",85,NA,NA,NA,"licenseplate",NA,NA
"960","brodeur",98,NA,NA,NA,"lightswitch",NA,NA
"961","brodeur",98,NA,NA,NA,"locker",NA,NA
"962","brodeur",83,NA,NA,NA,"lollipop",NA,NA
"963","brodeur",95,NA,NA,NA,"compass",NA,NA
"964","brodeur",81,NA,NA,NA,"sushi",NA,NA
"965","brodeur",85,NA,NA,NA,"marble",NA,NA
"966","brodeur",76,NA,NA,NA,"mask",NA,NA
"967","brodeur",98,NA,NA,NA,"mattress",NA,NA
"968","brodeur",88,NA,NA,NA,"microphone",NA,NA
"969","brodeur",81,NA,NA,NA,"microwave",NA,NA
"970","brodeur",86,NA,NA,NA,"lips",NA,NA
"971","brodeur",76,NA,NA,NA,"mrpotatohead",NA,NA
"972","brodeur",71,NA,NA,NA,"birdsnest",NA,NA
"973","brodeur",95,NA,NA,NA,"noparkingsign",NA,NA
"974","brodeur",90,NA,NA,NA,"nosmokingsign",NA,NA
"975","brodeur",96,NA,NA,NA,"nunchuks",NA,NA
"976","brodeur",83,NA,NA,NA,"parkingmeter",NA,NA
"977","brodeur",90,NA,NA,NA,"pig",NA,NA
"978","brodeur",79,NA,NA,NA,"pingpongtable",NA,NA
"979","brodeur",74,NA,NA,NA,"pirateflag",NA,NA
"980","brodeur",81,NA,NA,NA,"platypus",NA,NA
"981","brodeur",83,NA,NA,NA,"pokerchips",NA,NA
"982","brodeur",90,NA,NA,NA,"polarbear",NA,NA
"983","brodeur",98,NA,NA,NA,"pooltable",NA,NA
"984","brodeur",98,NA,NA,NA,"pumpkin",NA,NA
"985","brodeur",83,NA,NA,NA,"punchingbag",NA,NA
"986","brodeur",79,NA,NA,NA,"recyclingbin",NA,NA
"987","brodeur",88,NA,NA,NA,"fox",NA,NA
"988","brodeur",71,NA,NA,NA,"fridge",NA,NA
"989","brodeur",83,NA,NA,NA,"rollerblade",NA,NA
"990","brodeur",95,NA,NA,NA,"rubikcube",NA,NA
"991","brodeur",86,NA,NA,NA,"saltshaker",NA,NA
"992","brodeur",71,NA,NA,NA,"sausage",NA,NA
"993","brodeur",98,NA,NA,NA,"schoolbus",NA,NA
"994","brodeur",90,NA,NA,NA,"scorpion",NA,NA
"995","brodeur",93,NA,NA,NA,"sheep",NA,NA
"996","brodeur",88,NA,NA,NA,"showerhead",NA,NA
"997","brodeur, DR2",100,NA,NA,NA,"skateboard",NA,NA
"998","brodeur",95,NA,NA,NA,"snowboard",NA,NA
"999","brodeur",100,NA,NA,NA,"snowman",NA,NA
"1000","brodeur",88,NA,NA,NA,"snowshoe",NA,NA
"1001","brodeur",98,NA,NA,NA,"soccerball",NA,NA
"1002","brodeur",85,NA,NA,NA,"spicerack",NA,NA
"1003","brodeur",93,NA,NA,NA,"spiderweb",NA,NA
"1004","brodeur",100,NA,NA,NA,"squirrel",NA,NA
"1005","brodeur",100,NA,NA,NA,"wrench",NA,NA
"1006","brodeur",100,NA,NA,NA,"surfboard",NA,NA
"1007","brodeur",90,NA,NA,NA,"toilet",NA,NA
"1008","brodeur",93,NA,NA,NA,"toolbox",NA,NA
"1009","brodeur",74,NA,NA,NA,"totempole",NA,NA
"1010","brodeur",76,NA,NA,NA,"toucan",NA,NA
"1011","brodeur",80,NA,NA,NA,"toyhorse",NA,NA
"1012","brodeur",72,NA,NA,NA,"toysoldier",NA,NA
"1013","brodeur",93,NA,NA,NA,"trampoline",NA,NA
"1014","brodeur",90,NA,NA,NA,"treadmill",NA,NA
"1015","brodeur",93,NA,NA,NA,"tricycle",NA,NA
"1016","brodeur",76,NA,NA,NA,"tulip",NA,NA
"1017","brodeur",81,NA,NA,NA,"turnstile",NA,NA
"1018","brodeur",89,NA,NA,NA,"urinal",NA,NA
"1019","brodeur",73,NA,NA,NA,"walkietalkie",NA,NA
"1020","brodeur",78,NA,NA,NA,"waterfountain",NA,NA
"1021","brodeur",75,NA,NA,NA,"well",NA,NA
"1022","brodeur",72,NA,NA,NA,"wheat",NA,NA
"1023","brodeur",91,NA,NA,NA,"wheelbarrow",NA,NA
"1024","brodeur",82,NA,NA,NA,"windshieldwiper",NA,NA
"1025","brodeur",86,NA,NA,NA,"witchhat",NA,NA
"1026","brodeur",89,NA,NA,NA,"xylophone",NA,NA
"1027","brodeur",100,NA,NA,NA,"zipper",NA,NA
"1028","moreno-martinez",92,NA,NA,NA,"anchovy",NA,NA
"1029","moreno-martinez",96,NA,NA,NA,"ant",NA,NA
"1030","moreno-martinez",99,NA,NA,NA,"apple",NA,NA
"1031","moreno-martinez",71,NA,NA,NA,"armchair",NA,NA
"1032","moreno-martinez",88,NA,NA,NA,"armour",NA,NA
"1033","moreno-martinez",96,NA,NA,NA,"axe",NA,NA
"1034","moreno-martinez",91,NA,NA,NA,"bathrobe",NA,NA
"1035","moreno-martinez",76,NA,NA,NA,"bedsidetable",NA,NA
"1036","moreno-martinez",82,NA,NA,NA,"beetle",NA,NA
"1037","moreno-martinez",77,NA,NA,NA,"boomerang",NA,NA
"1038","moreno-martinez",92,NA,NA,NA,"bracelet",NA,NA
"1039","moreno-martinez",96,NA,NA,NA,"cap",NA,NA
"1040","moreno-martinez",85,NA,NA,NA,"carnation",NA,NA
"1041","moreno-martinez",81,NA,NA,NA,"cathedral",NA,NA
"1042","moreno-martinez",83,NA,NA,NA,"centipede",NA,NA
"1043","moreno-martinez",72,NA,NA,NA,"chestnut",NA,NA
"1044","moreno-martinez",94,NA,NA,NA,"chorizo",NA,NA
"1045","moreno-martinez",85,NA,NA,NA,"church",NA,NA
"1046","moreno-martinez",75,NA,NA,NA,"clog",NA,NA
"1047","moreno-martinez",97,NA,NA,NA,"compasses",NA,NA
"1048","moreno-martinez",93,NA,NA,NA,"cookie",NA,NA
"1049","moreno-martinez",96,NA,NA,NA,"crmecaramel",NA,NA
"1050","moreno-martinez",76,NA,NA,NA,"crocodile",NA,NA
"1051","moreno-martinez",97,NA,NA,NA,"cucumber",NA,NA
"1052","moreno-martinez",95,NA,NA,NA,"daisy",NA,NA
"1053","moreno-martinez",78,NA,NA,NA,"diamond",NA,NA
"1054","moreno-martinez",99,NA,NA,NA,"dolphin",NA,NA
"1055","moreno-martinez",92,NA,NA,NA,"drum",NA,NA
"1056","moreno-martinez",93,NA,NA,NA,"eggplant",NA,NA
"1057","moreno-martinez",93,NA,NA,NA,"felttippen",NA,NA
"1058","moreno-martinez",80,NA,NA,NA,"fig",NA,NA
"1059","moreno-martinez",76,NA,NA,NA,"fillingcabinet",NA,NA
"1060","moreno-martinez",99,NA,NA,NA,"fly",NA,NA
"1061","moreno-martinez",96,NA,NA,NA,"folder",NA,NA
"1062","moreno-martinez",74,NA,NA,NA,"fondue",NA,NA
"1063","moreno-martinez",96,NA,NA,NA,"fritter",NA,NA
"1064","moreno-martinez",99,NA,NA,NA,"fryingpan",NA,NA
"1065","moreno-martinez",96,NA,NA,NA,"grapes",NA,NA
"1066","moreno-martinez",89,NA,NA,NA,"grenade",NA,NA
"1067","moreno-martinez",92,NA,NA,NA,"harp",NA,NA
"1068","moreno-martinez",87,NA,NA,NA,"hen",NA,NA
"1069","moreno-martinez",82,NA,NA,NA,"hippopotamus",NA,NA
"1070","moreno-martinez",71,NA,NA,NA,"hummingbird",NA,NA
"1071","moreno-martinez",96,NA,NA,NA,"kiwifruit",NA,NA
"1072","moreno-martinez",95,NA,NA,NA,"ladybird",NA,NA
"1073","moreno-martinez",97,NA,NA,NA,"lettuce",NA,NA
"1074","moreno-martinez",99,NA,NA,NA,"ludo",NA,NA
"1075","moreno-martinez",74,NA,NA,NA,"lynx",NA,NA
"1076","moreno-martinez",96,NA,NA,NA,"maracas",NA,NA
"1077","moreno-martinez",97,NA,NA,NA,"mill",NA,NA
"1078","moreno-martinez",99,NA,NA,NA,"motorbike",NA,NA
"1079","moreno-martinez",92,NA,NA,NA,"mussel",NA,NA
"1080","moreno-martinez",99,NA,NA,NA,"necklace",NA,NA
"1081","moreno-martinez",81,NA,NA,NA,"nut",NA,NA
"1082","moreno-martinez",97,NA,NA,NA,"palmtree",NA,NA
"1083","moreno-martinez",90,NA,NA,NA,"pasty",NA,NA
"1084","moreno-martinez",99,NA,NA,NA,"pencil",NA,NA
"1085","moreno-martinez",95,NA,NA,NA,"pendant",NA,NA
"1086","moreno-martinez",99,NA,NA,NA,"pepper",NA,NA
"1087","moreno-martinez",96,NA,NA,NA,"piano",NA,NA
"1088","moreno-martinez",99,NA,NA,NA,"pigeon",NA,NA
"1089","moreno-martinez",89,NA,NA,NA,"pincers",NA,NA
"1090","moreno-martinez",76,NA,NA,NA,"pistachio",NA,NA
"1091","moreno-martinez",84,NA,NA,NA,"pomegranate",NA,NA
"1092","moreno-martinez",89,NA,NA,NA,"poppy",NA,NA
"1093","moreno-martinez",83,NA,NA,NA,"raisin",NA,NA
"1094","moreno-martinez",77,NA,NA,NA,"raven",NA,NA
"1095","moreno-martinez",78,NA,NA,NA,"razorshell",NA,NA
"1096","moreno-martinez",96,NA,NA,NA,"rhino",NA,NA
"1097","moreno-martinez",98,NA,NA,NA,"rose",NA,NA
"1098","moreno-martinez",87,NA,NA,NA,"saxophone",NA,NA
"1099","moreno-martinez",79,NA,NA,NA,"shanty",NA,NA
"1100","moreno-martinez",97,NA,NA,NA,"skate",NA,NA
"1101","moreno-martinez",81,NA,NA,NA,"ski",NA,NA
"1102","moreno-martinez",95,NA,NA,NA,"skittle",NA,NA
"1103","moreno-martinez",73,NA,NA,NA,"skyscraper",NA,NA
"1104","moreno-martinez",81,NA,NA,NA,"sofa",NA,NA
"1105","moreno-martinez",84,NA,NA,NA,"spinningtop",NA,NA
"1106","moreno-martinez, DR2",96,NA,NA,NA,"stool",NA,NA
"1107","moreno-martinez",89,NA,NA,NA,"strainer",NA,NA
"1108","moreno-martinez",93,NA,NA,NA,"tablefootball",NA,NA
"1109","moreno-martinez",99,NA,NA,NA,"tambourine",NA,NA
"1110","moreno-martinez",95,NA,NA,NA,"toe",NA,NA
"1111","moreno-martinez",92,NA,NA,NA,"tongue",NA,NA
"1112","moreno-martinez",99,NA,NA,NA,"tractor",NA,NA
"1113","moreno-martinez",97,NA,NA,NA,"trumpet",NA,NA
"1114","moreno-martinez",99,NA,NA,NA,"undershirt",NA,NA
"1115","moreno-martinez",95,NA,NA,NA,"van",NA,NA
"1116","moreno-martinez",97,NA,NA,NA,"walnut",NA,NA
"1117","moreno-martinez",88,NA,NA,NA,"wasp",NA,NA
"1118","moreno-martinez",97,NA,NA,NA,"watermelon",NA,NA
"1119","DR2",80,NA,NA,NA,"anvil",NA,NA
"1120","DR2",88.2,NA,NA,NA,"artichoke",NA,NA
"1121","DR2",100,NA,NA,NA,"asparagus",NA,NA
"1122","DR2",100,NA,NA,NA,"bandaid",NA,NA
"1123","DR2",100,NA,NA,NA,"barrel",NA,NA
"1124","DR2",90,NA,NA,NA,"bartender",NA,NA
"1125","DR2",96.4285714,NA,NA,NA,"bathtub",NA,NA
"1126","DR2",95.4545455,NA,NA,NA,"bee",NA,NA
"1127","DR2",91.4,NA,NA,NA,"boxinggloves",NA,NA
"1128","DR2",90.9,NA,NA,NA,"butter",NA,NA
"1129","DR2",95.2,NA,NA,NA,"canoe",NA,NA
"1130","DR2",92.2,NA,NA,NA,"canopener",NA,NA
"1131","DR2",96.6666667,NA,NA,NA,"carousel",NA,NA
"1132","DR2",100,NA,NA,NA,"chain",NA,NA
"1133","DR2",100,NA,NA,NA,"cheese",NA,NA
"1134","DR2",95.4545455,NA,NA,NA,"cherry",NA,NA
"1135","DR2",81.8181818,NA,NA,NA,"chicken",NA,NA
"1136","DR2",100,NA,NA,NA,"chopsticks",NA,NA
"1137","DR2",100,NA,NA,NA,"clothespin",NA,NA
"1138","DR2",87.5,NA,NA,NA,"corkscrew",NA,NA
"1139","DR2",92.8571429,NA,NA,NA,"crackers",NA,NA
"1140","DR2",100,NA,NA,NA,"crib",NA,NA
"1141","DR2",82.9,NA,NA,NA,"dentist",NA,NA
"1142","DR2",97.5609756,NA,NA,NA,"diaper",NA,NA
"1143","DR2",94.3,NA,NA,NA,"donkey",NA,NA
"1144","DR2",89.7435897,NA,NA,NA,"drill",NA,NA
"1145","DR2",100,NA,NA,NA,"eagle",NA,NA
"1146","DR2",92.3076923,NA,NA,NA,"earring",NA,NA
"1147","DR2",100,NA,NA,NA,"firehydrant",NA,NA
"1148","DR2",100,NA,NA,NA,"firetruck",NA,NA
"1149","DR2",94.2857143,NA,NA,NA,"fishingpole",NA,NA
"1150","DR2",95.3488372,NA,NA,NA,"fishtank",NA,NA
"1151","DR2",100,NA,NA,NA,"funnel",NA,NA
"1152","DR2",100,NA,NA,NA,"globe",NA,NA
"1153","DR2",96,NA,NA,NA,"grasshopper",NA,NA
"1154","DR2",100,NA,NA,NA,"hammock",NA,NA
"1155","DR2",89.3,NA,NA,NA,"highchair",NA,NA
"1156","DR2",98.0769231,NA,NA,NA,"hinge",NA,NA
"1157","DR2",90,NA,NA,NA,"icecreamcone",NA,NA
"1158","DR2",100,NA,NA,NA,"igloo",NA,NA
"1159","DR2",96.7,NA,NA,NA,"ironingboard",NA,NA
"1160","DR2",88.6,NA,NA,NA,"jackhammer",NA,NA
"1161","DR2",100,NA,NA,NA,"jar",NA,NA
"1162","DR2",88.6,NA,NA,NA,"jumprope",NA,NA
"1163","DR2",96,NA,NA,NA,"ladle",NA,NA
"1164","boss, DR2",100,NA,NA,NA,"lemon",NA,NA
"1165","DR2",93.2,NA,NA,NA,"lightbulb",NA,NA
"1166","DR2",71.4,NA,NA,NA,"lizard",NA,NA
"1167","DR2",100,NA,NA,NA,"llama",NA,NA
"1168","DR2",96.4,NA,NA,NA,"magnet",NA,NA
"1169","DR2",100,NA,NA,NA,"match",NA,NA
"1170","DR2",96.4285714,NA,NA,NA,"mixer",NA,NA
"1171","DR2",100,NA,NA,NA,"moose",NA,NA
"1172","DR2",89.3,NA,NA,NA,"mosquito",NA,NA
"1173","DR2",100,NA,NA,NA,"needle",NA,NA
"1174","boss, DR2",100,NA,NA,NA,"onion",NA,NA
"1175","DR2",97.4,NA,NA,NA,"ostrich",NA,NA
"1176","DR2",97.4,NA,NA,NA,"paint",NA,NA
"1177","DR2",90.9090909,NA,NA,NA,"pan",NA,NA
"1178","DR2",96.4,NA,NA,NA,"panda",NA,NA
"1179","DR2",90.9,NA,NA,NA,"pants",NA,NA
"1180","DR2",100,NA,NA,NA,"paperclip",NA,NA
"1181","DR2",100,NA,NA,NA,"parachute",NA,NA
"1182","DR2",100,NA,NA,NA,"peach",NA,NA
"1183","DR2",97.1,NA,NA,NA,"peanut",NA,NA
"1184","DR2",85.7142857,NA,NA,NA,"peas",NA,NA
"1185","DR2",92.3,NA,NA,NA,"pelican",NA,NA
"1186","DR2",100,NA,NA,NA,"pencilsharpener",NA,NA
"1187","DR2",87.2,NA,NA,NA,"piggybank",NA,NA
"1188","DR2",95.4545455,NA,NA,NA,"pitcher",NA,NA
"1189","DR2",88.6,NA,NA,NA,"pitchfork",NA,NA
"1190","DR2",97.6190476,NA,NA,NA,"pizza",NA,NA
"1191","DR2",91.5,NA,NA,NA,"pliers",NA,NA
"1192","DR2",96.4285714,NA,NA,NA,"policeman",NA,NA
"1193","DR2",100,NA,NA,NA,"popcorn",NA,NA
"1194","DR2",95.3,NA,NA,NA,"popsicle",NA,NA
"1195","DR2",97.4,NA,NA,NA,"porcupine",NA,NA
"1196","DR2",92.9,NA,NA,NA,"priest",NA,NA
"1197","DR2",71.4,NA,NA,NA,"purse",NA,NA
"1198","DR2",89.2857143,NA,NA,NA,"puzzle",NA,NA
"1199","DR2",97.9,NA,NA,NA,"raccoon",NA,NA
"1200","DR2",100,NA,NA,NA,"radio",NA,NA
"1201","DR2",93,NA,NA,NA,"radish",NA,NA
"1202","DR2",86.6666667,NA,NA,NA,"railroadtracks",NA,NA
"1203","DR2",100,NA,NA,NA,"razor",NA,NA
"1204","DR2",100,NA,NA,NA,"refrigerator",NA,NA
"1205","DR2",90.6976744,NA,NA,NA,"rockingchair",NA,NA
"1206","DR2",94.4,NA,NA,NA,"rollerskate",NA,NA
"1207","DR2",94.9,NA,NA,NA,"rollingpin",NA,NA
"1208","DR2",97.6,NA,NA,NA,"rooster",NA,NA
"1209","DR2",100,NA,NA,NA,"rug",NA,NA
"1210","DR2",100,NA,NA,NA,"safe",NA,NA
"1211","DR2",90.7,NA,NA,NA,"safetypin",NA,NA
"1212","DR2",78.6,NA,NA,NA,"salsa",NA,NA
"1213","DR2",100,NA,NA,NA,"salt",NA,NA
"1214","DR2",89.2857143,NA,NA,NA,"seesaw",NA,NA
"1215","DR2",100,NA,NA,NA,"sewingmachine",NA,NA
"1216","brodeur, DR2",100,NA,NA,NA,"skateboard",NA,NA
"1217","DR2",100,NA,NA,NA,"skunk",NA,NA
"1218","DR2",96.8,NA,NA,NA,"sled",NA,NA
"1219","DR2",100,NA,NA,NA,"slingshot",NA,NA
"1220","DR2",96.6,NA,NA,NA,"spaghetti",NA,NA
"1221","DR2",100,NA,NA,NA,"spatula",NA,NA
"1222","DR2",95.5,NA,NA,NA,"steeringwheel",NA,NA
"1223","DR2",100,NA,NA,NA,"stocking",NA,NA
"1224","moreno-martinez, DR2",96,NA,NA,NA,"stool",NA,NA
"1225","DR2",93.3333333,NA,NA,NA,"stoplight",NA,NA
"1226","DR2",96.7741935,NA,NA,NA,"stroller",NA,NA
"1227","DR2",100,NA,NA,NA,"swan",NA,NA
"1228","DR2",92.9,NA,NA,NA,"sweater",NA,NA
"1229","DR2",72.7272727,NA,NA,NA,"tape",NA,NA
"1230","DR2",84.6153846,NA,NA,NA,"taperecorder",NA,NA
"1231","DR2",94.2857143,NA,NA,NA,"tennisracket",NA,NA
"1232","DR2",78,NA,NA,NA,"thermos",NA,NA
"1233","DR2",100,NA,NA,NA,"thimble",NA,NA
"1234","boss, DR2",100,NA,NA,NA,"tomato",NA,NA
"1235","boss, DR2",100,NA,NA,NA,"toothbrush",NA,NA
"1236","DR2",100,NA,NA,NA,"tripod",NA,NA
"1237","DR2",100,NA,NA,NA,"trophy",NA,NA
"1238","DR2",100,NA,NA,NA,"tv",NA,NA
"1239","DR2",97.6,NA,NA,NA,"tweezers",NA,NA
"1240","DR2",97.6,NA,NA,NA,"unicorn",NA,NA
"1241","DR2",94.4,NA,NA,NA,"unicycle",NA,NA
"1242","DR2",94.1176471,NA,NA,NA,"vacuum",NA,NA
"1243","DR2",100,NA,NA,NA,"waffle",NA,NA
"1244","DR2",97.6190476,NA,NA,NA,"wallet",NA,NA
"1245","DR2",97.4,NA,NA,NA,"walrus",NA,NA
"1246","DR2",80,NA,NA,NA,"washingmachine",NA,NA
"1247","DR2",94.7368421,NA,NA,NA,"wateringcan",NA,NA
"1248","DR2",95.5,NA,NA,NA,"wolf",NA,NA
"1249","DR2",86.3636364,NA,NA,NA,"worm",NA,NA
"1250","DR2",100,NA,NA,NA,"yoyo",NA,NA
