modal,agreement,source,label,item,audio,picture
accordion,97,brodeur,accordion,accordion,accordion.wav,accordion.jpg
acorn,79,brodeur,acorn,acorn,acorn.wav,acorn.jpg
airhockeytable,79,brodeur,airhockey table,airhockeytable,airhockeytable.wav,airhockeytable.jpg
airplane,95.4545455,DR2,airplane,airplane,airplane.wav,airplane_01_og.jpg
almonds,72,boss,almonds,almonds,almonds.wav,almond.jpg
anchor,93,brodeur,anchor,anchor,anchor.wav,anchor.jpg
anchovy,92,moreno-martinez,anchovy,anchovy,anchovy.wav,anchovy.jpg
ant,96,moreno-martinez,ant,ant,ant.wav,ant.jpg
antenna,74,boss,antenna,antenna,antenna.wav,antenna.jpg
antlers,73,brodeur,antlers,antlers,antlers.wav,antlers.jpg
anvil,80,DR2,anvil,anvil,anvil.wav,anvil_02_og.png
apple,99,moreno-martinez,apple,apple,apple.wav,apple.jpg
apron,95,brodeur,apron,apron,apron.wav,apron.jpg
arm,96,moreno-martinez,arm,arm,arm.wav,arm.jpg
armadillo,88,brodeur,armadillo,armadillo,armadillo.wav,armadillo.jpg
armchair,71,moreno-martinez,armchair,armchair,armchair.wav,armchair.jpg
armour,88,moreno-martinez,armour,armour,armour.wav,armour.jpg
arrow,94,moreno-martinez,arrow,arrow,arrow.wav,arrow.jpg
artichoke,88.2,DR2,artichoke,artichoke,artichoke.wav,artichoke_01_og.jpg
ashtray,92,boss,ashtray,ashtray,ashtray.wav,ashtray01.jpg
asparagus,100,DR2,asparagus,asparagus,asparagus.wav,asparagus_01_og.jpg
avocado,89,boss,avocado,avocado,avocado.wav,avocado01.jpg
axe,96,moreno-martinez,axe,axe,axe.wav,axe.jpg
backpack,95.1,DR2,backpack,backpack,backpack.wav,backpack_01_og.jpg
bacon,77,brodeur,bacon,bacon,bacon.wav,bacon.jpg
badmintonracket,76,brodeur,badminton racket,badmintonracket,badmintonracket.wav,badmintonracket.jpg
bagel,87,boss,bagel,bagel,bagel.wav,bagel01.jpg
balcony,85.7142857,DR2,balcony,balcony,balcony.wav,balcony_01_og.jpg
ball,89,moreno-martinez,ball,ball,ball.wav,ball.jpg
balloon,87,boss,balloon,balloon,balloon.wav,balloon01b.jpg
banana,100,boss,banana,banana,banana.wav,banana01.jpg
bandaid,100,DR2,band-aid,bandaid,bandaid.wav,bandaid_02_og.jpg
banjo,95,brodeur,banjo,banjo,banjo.wav,banjo.jpg
barn,71,brodeur,barn,barn,barn.wav,barn.jpg
barrel,100,DR2,barrel,barrel,barrel.wav,barrel_01_og.jpg
bartender,90,DR2,bartender,bartender,bartender.wav,bartender_01_og.jpg
baseball,87,boss,baseball,baseball,baseball.wav,baseball01a.jpg
baseballbat,81,brodeur,baseball bat,baseballbat,baseballbat.wav,baseballbat.jpg
basket,81,boss,basket,basket,basket.wav,strawbasket01.jpg
basketball,95,brodeur,basketball,basketball,basketball.wav,basketball01.jpg
bat,96,moreno-martinez,bat,bat,bat.wav,bat.jpg
bathrobe,91,moreno-martinez,bathrobe,bathrobe,bathrobe.wav,bathrobe.jpg
bathtub,96.4285714,DR2,bathtub,bathtub,bathtub.wav,bathtub_01_og.jpg
battery,95,boss,battery,battery,battery.wav,battery02b.jpg
bear,100,DR2,bear,bear,bear.wav,bear_02_og.jpg
beaver,100,brodeur,beaver,beaver,beaver.wav,beaver.jpg
bed,81,brodeur,bed,bed,bed.wav,bed.jpg
bedsidetable,76,moreno-martinez,bedside table,bedsidetable,bedsidetable.wav,bedside_table.jpg
bee,95.4545455,DR2,bee,bee,bee.wav,bee_01.jpg
beerbottle,88,brodeur,beer bottle,beerbottle,beerbottle.wav,beerbottle.jpg
beetle,82,moreno-martinez,beetle,beetle,beetle.wav,beetle.jpg
bell,80,brodeur,bell,bell,bell.wav,callbell.jpg
belt,95,boss,belt,belt,belt.wav,belt02a.jpg
bench,76,brodeur,bench,bench,bench.wav,bench01.jpg
bib,84,boss,bib,bib,bib.wav,bib.jpg
bicycle,94.9152542,DR2,bicycle,bicycle,bicycle.wav,bicycle_02_og.jpg
binoculars,97,boss,binoculars,binoculars,binoculars.wav,binoculars01b.jpg
bird,100,DR2,bird,bird,bird.wav,bird_01_og.jpg
birdfeeder,82,brodeur,bird feeder,birdfeeder,birdfeeder.wav,birdfeeder.jpg
birdhouse,93,brodeur,birdhouse,birdhouse,birdhouse.wav,birdhouse.jpg
birdsnest,71,brodeur,bird's nest,birdsnest,birdsnest.wav,birdnest.jpg
bit,73,moreno-martinez,bit,bit,bit.wav,bit.jpg
blackberry,70,boss,blackberry,blackberry,blackberry.wav,blackberry.jpg
bleachers,70,brodeur,bleachers,bleachers,bleachers.wav,bleachers.jpg
blender,93,brodeur,blender,blender,blender.wav,blender.jpg
blimp,91.3,DR2,blimp,blimp,blimp.wav,blimp_01_og.jpg
block,100,DR2,block,block,block.wav,block_01_og.jpg
blueberry,94,boss,blueberry,blueberry,blueberry.wav,blueberry01.jpg
bluejay,78,brodeur,bluejay,bluejay,bluejay.wav,bluejay.jpg
boat,86,moreno-martinez,boat,boat,boat.wav,boat.jpg
book,90,boss,book,book,book.wav,book01b.jpg
boomerang,77,moreno-martinez,boomerang,boomerang,boomerang.wav,boomerang.jpg
boot,82,boss,boot,boot,boot.wav,boot02b.jpg
bottle,90.9090909,DR2,bottle,bottle,bottle.wav,bottle_01_og.png
bottlecap,86,boss,bottle cap,bottlecap,bottlecap.wav,bottlecap.jpg
bow,99,moreno-martinez,bow,bow,bow.wav,bow.jpg
bowl,85,boss,bowl,bowl,bowl.wav,bowl01.jpg
bowlingball,100,brodeur,bowling ball,bowlingball,bowlingball.wav,bowlingball.jpg
bowlingpin,100,brodeur,bowling pin,bowlingpin,bowlingpin.wav,bowlingpin.jpg
bowtie,88,brodeur,bowtie,bowtie,bowtie.wav,bowtie.jpg
box,95.4545455,DR2,box,box,box.wav,box_02_og.jpg
boxinggloves,91.4,DR2,boxing gloves,boxinggloves,boxinggloves.wav,boxinggloves_02_og.jpg
bracelet,92,moreno-martinez,bracelet,bracelet,bracelet.wav,bracelet.jpg
brain,86,moreno-martinez,brain,brain,brain.wav,brain.jpg
brassknuckles,78,brodeur,brass knuckles,brassknuckles,brassknuckles.wav,brassknuckle.jpg
brick,100,boss,brick,brick,brick.wav,brick.jpg
bride,92.9,DR2,bride,bride,bride.wav,bride_01.jpg
bridge,90,brodeur,bridge,bridge,bridge.wav,bridge.jpg
broccoli,97,boss,broccoli,broccoli,broccoli.wav,broccoli01a.jpg
broom,94,boss,broom,broom,broom.wav,broom01.jpg
brownsugar,86,brodeur,brown sugar,brownsugar,brownsugar.wav,brownsugar.jpg
bull,88,brodeur,bull,bull,bull.wav,bull.jpg
bullet,93,brodeur,bullet,bullet,bullet.wav,bullet.jpg
bumpercar,90,brodeur,bumper car,bumpercar,bumpercar.wav,bumpercar.jpg
bus,76,moreno-martinez,bus,bus,bus.wav,bus.jpg
butter,90.9,DR2,butter,butter,butter.wav,butter_02_og.jpg
butterfly,99,moreno-martinez,butterfly,butterfly,butterfly.wav,butterfly.jpg
button,100,boss,button,button,button.wav,button01.jpg
cabbage,76,boss,cabbage,cabbage,cabbage.wav,cabbage.jpg
cactus,93,brodeur,cactus,cactus,cactus.wav,cactus.jpg
calculator,100,boss,calculator,calculator,calculator.wav,calculator01.jpg
calendar,86,brodeur,calendar,calendar,calendar.wav,calendar.jpg
camel,98,brodeur,camel,camel,camel.wav,dromedary.jpg
camera,82,boss,camera,camera,camera.wav,camera01a.jpg
candle,100,boss,candle,candle,candle.wav,candle01.jpg
candy,95,boss,candy,candy,candy.wav,candy.jpg
candycane,98,brodeur,candy cane,candycane,candycane.wav,candycane01a.jpg
cane,71,boss,cane,cane,cane.wav,cane.jpg
cannon,98,moreno-martinez,cannon,cannon,cannon.wav,cannon.jpg
canoe,95.2,DR2,canoe,canoe,canoe.wav,canoe_01_og.jpg
canopener,92.2,DR2,can opener,canopener,canopener.wav,canopener_02_og.PNG
cap,96,moreno-martinez,cap,cap,cap.wav,cap.jpg
car,93,moreno-martinez,car,car,car.wav,car.jpg
carnation,85,moreno-martinez,carnation,carnation,carnation.wav,carnation.jpg
carousel,96.6666667,DR2,carousel,carousel,carousel.wav,carousel_01_og.JPG
carrot,97,boss,carrot,carrot,carrot.wav,carrot01.jpg
cart,75,moreno-martinez,cart,cart,cart.wav,cart.jpg
cashregister,93,brodeur,cash register,cashregister,cashregister.wav,cashregister01.jpg
castle,100,DR2,castle,castle,castle.wav,castle_01_og.jpg
cat,88,brodeur,cat,cat,cat.wav,cat.jpg
cathedral,81,moreno-martinez,cathedral,cathedral,cathedral.wav,cathedral.jpg
cauliflower,95,boss,cauliflower,cauliflower,cauliflower.wav,cauliflower01.jpg
cd,92,boss,CD,cd,cd.wav,cd.jpg
ceilingfan,71,brodeur,ceiling fan,ceilingfan,ceilingfan.wav,ceilingfan02.jpg
celery,100,boss,celery,celery,celery.wav,celery.jpg
cellphone,85,boss,cellphone,cellphone,cellphone.wav,cellphone.jpg
centipede,83,moreno-martinez,centipede,centipede,centipede.wav,centipede.jpg
chain,100,DR2,chain,chain,chain.wav,chain_01_og.jpg
chainsaw,77,brodeur,chainsaw,chainsaw,chainsaw.wav,chainsaw.jpg
chair,88,brodeur,chair,chair,chair.wav,chair.jpg
chalk,100,boss,chalk,chalk,chalk.wav,chalk.jpg
chard,72,moreno-martinez,chard,chard,chard.wav,chard.jpg
cheese,100,DR2,cheese,cheese,cheese.wav,cheese_02_og.jpg
cheetah,77,brodeur,cheetah,cheetah,cheetah.wav,cheetah.jpg
chefshat,89,brodeur,chef's hat,chefshat,chefshat.wav,chefshat.jpg
cherries,100,boss,cherries,cherries,cherries.wav,cherry01.jpg
chest,85.7,DR2,chest,chest,chest.wav,chest_02_og.JPG
chestnut,72,moreno-martinez,chestnut,chestnut,chestnut.wav,chestnut.jpg
chicken,81.8181818,DR2,chicken,chicken,chicken.wav,chicken_01_og.jpg
chimney,86,brodeur,chimney,chimney,chimney.wav,chimney.jpg
chopsticks,100,DR2,chopsticks,chopsticks,chopsticks.wav,chopsticks_02_og.jpg
chorizo,94,moreno-martinez,chorizo,chorizo,chorizo.wav,Chorizo.JPG
christmaslights,76,brodeur,christmas lights,christmaslights,christmaslights.wav,christmaslights.jpg
christmastree,86,brodeur,christmas tree,christmastree,christmastree.wav,christmastree.jpg
church,85,moreno-martinez,church,church,church.wav,church.jpg
cigar,90,brodeur,cigar,cigar,cigar.wav,cigar.jpg
cigarette,95,boss,cigarette,cigarette,cigarette.wav,cigarette.jpg
city,74.1,DR2,city,city,city.wav,city_01_og.jpg
clipboard,79,boss,clipboard,clipboard,clipboard.wav,clipboard.jpg
clock,92,boss,clock,clock,clock.wav,clock04.jpg
clog,75,moreno-martinez,clog,clog,clog.wav,clog.jpg
clothespin,100,DR2,clothespin,clothespin,clothespin.wav,clothespin_02_og.jpg
cloud,95,brodeur,cloud,cloud,cloud.wav,cloud.jpg
coat,96,moreno-martinez,coat,coat,coat.wav,coat.jpg
coconut,89,boss,coconut,coconut,coconut.wav,coconut.jpg
coffeebeans,79,boss,coffee beans,coffeebeans,coffeebeans.wav,coffeebean.jpg
coffeemachine,71,brodeur,coffee machine,coffeemachine,coffeemachine.wav,coffeemachine.jpg
comb,87,boss,comb,comb,comb.wav,comb02a.jpg
compass,95,brodeur,compass,compass,compass.wav,magneticcompass.jpg
cookie,93,moreno-martinez,cookie,cookie,cookie.wav,cookie.jpg
cookiecutter,71,boss,cookie cutter,cookiecutter,cookiecutter.wav,cookiecutter.jpg
cork,75,brodeur,cork,cork,cork.wav,cork02.jpg
corkscrew,87.5,DR2,corkscrew,corkscrew,corkscrew.wav,corkscrew_01_og.jpg
couch,100,DR2,couch,couch,couch.wav,couch_02_og.jpg
cow,93,brodeur,cow,cow,cow.wav,cow.jpg
crÃƒÂ¨mebrulee,72,brodeur,creme brulee,crÃƒÂ¨mebrulee,cremebrulee.wav,cremebrulee.jpg
crÃƒÂ¨mecaramel,96,moreno-martinez,caramel,crÃƒÂ¨mecaramel,caramel.wav,creme_caramel.jpg
crab,98,brodeur,crab,crab,crab.wav,crab01.jpg
crackers,92.8571429,DR2,crackers,crackers,crackers.wav,crackers_02_og.jpg
crayon,82,boss,crayon,crayon,crayon.wav,crayon.jpg
crib,100,DR2,crib,crib,crib.wav,crib_02_og.jpg
crocodile,76,moreno-martinez,crocodile,crocodile,crocodile.wav,crocodile.jpg
croissant,89,boss,croissant,croissant,croissant.wav,croissant01.jpg
cross,88,brodeur,cross,cross,cross.wav,cross01.jpg
crown,88,brodeur,crown,crown,crown.wav,crown.jpg
cruiseship,83,brodeur,cruise ship,cruiseship,cruiseship.wav,cruiseship.jpg
cucumber,97,moreno-martinez,cucumber,cucumber,cucumber.wav,cucumber.jpg
cufflinks,70,moreno-martinez,cufflinks,cufflinks,cufflinks.wav,cufflinks.jpg
cup,82,moreno-martinez,cup,cup,cup.wav,cup.jpg
cupcake,95,brodeur,cupcake,cupcake,cupcake.wav,cupcake.jpg
curtain,86,brodeur,curtain,curtain,curtain.wav,curtain.jpg
cymbals,81,brodeur,cymbals,cymbals,cymbals.wav,cymbal.jpg
daisy,95,moreno-martinez,daisy,daisy,daisy.wav,daisy.jpg
dalmatian,71,brodeur,dalmatian,dalmatian,dalmatian.wav,dalmatian.jpg
dart,95,moreno-martinez,dart,dart,dart.wav,dart.jpg
dartboard,100,brodeur,dartboard,dartboard,dartboard.wav,dartboard.jpg
deer,100,DR2,deer,deer,deer.wav,deer_01_og.jpg
dentist,82.9,DR2,dentist,dentist,dentist.wav,dentist_02_og.jpg
deodorant,86,boss,deodorant,deodorant,deodorant.wav,deodorant02a.jpg
diamond,78,moreno-martinez,diamond,diamond,diamond.wav,diamond.jpg
diaper,97.5609756,DR2,diaper,diaper,diaper.wav,diaper_01_og.jpg
dice,97,boss,dice,dice,dice.wav,dice05a.jpg
discoball,93,brodeur,disco ball,discoball,discoball.wav,discoball.jpg
doghouse,98,brodeur,dog house,doghouse,doghouse.wav,doghouse.jpg
doll,78,boss,doll,doll,doll.wav,doll.jpg
dolphin,99,moreno-martinez,dolphin,dolphin,dolphin.wav,dolphin.jpg
donkey,94.3,DR2,donkey,donkey,donkey.wav,donkey_02_og.jpg
doughnut,95,brodeur,donut,doughnut,donut.wav,donut.jpg
dragonfly,76,brodeur,dragonfly,dragonfly,dragonfly.wav,dragonfly02.jpg
drawer,82.1,DR2,drawer,drawer,drawer.wav,drawer_02_og.jpg
dreamcatcher,93,brodeur,dreamcatcher,dreamcatcher,dreamcatcher.wav,dreamcatcher.jpg
dress,95.4545455,DR2,dress,dress,dress.wav,dress02_og.jpg
dresser,78.5714286,DR2,dresser,dresser,dresser.wav,dresser_02_og.jpg
drill,89.7435897,DR2,drill,drill,drill.wav,drill_02_og.jpg
dropper,72,boss,dropper,dropper,dropper.wav,dropper01.jpg
drum,92,moreno-martinez,drum,drum,drum.wav,drum.jpg
drumsticks,95,brodeur,drumsticks,drumsticks,drumsticks.wav,drumstick.jpg
duck,93,moreno-martinez,duck,duck,duck.wav,duck.jpg
ducttape,73,brodeur,duct tape,ducttape,ducttape.wav,ducttape.jpg
dustpan,82,boss,dustpan,dustpan,dustpan.wav,dustpan.jpg
eagle,100,DR2,eagle,eagle,eagle.wav,eagle_01_og.jpg
ear,99,moreno-martinez,ear,ear,ear.wav,ear.jpg
earrings,100,boss,earrings,earrings,earrings.wav,earring01.jpg
egg,100,DR2,egg,egg,egg.wav,egg_01_og.jpg
eggplant,93,moreno-martinez,eggplant,eggplant,eggplant.wav,eggplant.jpg
eiffeltower,95,brodeur,eiffel tower,eiffeltower,eiffeltower.wav,eiffeltower.jpg
elbow,86,brodeur,elbow,elbow,elbow.wav,elbow.jpg
elephant,95,brodeur,elephant,elephant,elephant.wav,africanelephant.jpg
envelope,100,boss,envelope,envelope,envelope.wav,envelope03a.jpg
eraser,92,boss,eraser,eraser,eraser.wav,eraser.jpg
exitsign,95,brodeur,exit sign,exitsign,exitsign.wav,exitsign.jpg
eye,76,brodeur,eye,eye,eye.wav,eye.jpg
eyepatch,92,brodeur,eyepatch,eyepatch,eyepatch.wav,eyepatch.jpg
fan,89,boss,fan,fan,fan.wav,fan.jpg
feather,100,boss,feather,feather,feather.wav,feather03a.jpg
fence,100,DR2,fence,fence,fence.wav,fence_02_og.jpg
fig,80,moreno-martinez,fig,fig,fig.wav,fig.jpg
fillingcabinet,76,moreno-martinez,filing cabinet,fillingcabinet,filingcabinet.wav,filing_cabinet.jpg
finger,90,moreno-martinez,finger,finger,finger.wav,finger.jpg
fingerprint,93,brodeur,fingerprint,fingerprint,fingerprint.wav,fingerprint.jpg
firehydrant,100,DR2,fire hydrant,firehydrant,firehydrant.wav,firehydrant_02_og.jpg
fireplace,86,brodeur,fireplace,fireplace,fireplace.wav,fireplace.jpg
firetruck,100,DR2,firetruck,firetruck,firetruck.wav,firetruck_02_og.jpg
fish,90,brodeur,fish,fish,fish.wav,rockbass.jpg
fishingpole,94.2857143,DR2,fishing pole,fishingpole,fishingpole.wav,fishingpole_01_og.jpg
fishtank,95.3488372,DR2,fish tank,fishtank,fishtank.wav,fishtank_01_og.jpg
flag,71,brodeur,flag,flag,flag.wav,flag.jpg
flamingo,87,brodeur,flamingo,flamingo,flamingo.wav,flamingo.jpg
flashlight,75,boss,flashlight,flashlight,flashlight.wav,flashlight02b.jpg
floor,100,DR2,floor,floor,floor.wav,floor_02_og.jpg
flower,89,brodeur,flower,flower,flower.wav,hibiscusflower02.jpg
fly,99,moreno-martinez,fly,fly,fly.wav,fly.jpg
flyswatter,90,boss,flyswatter,flyswatter,flyswatter.wav,flyswatter.jpg
folder,96,moreno-martinez,folder,folder,folder.wav,folder.jpg
fondue,74,moreno-martinez,fondue,fondue,fondue.wav,fondue.jpg
football,98,brodeur,football,football,football.wav,football.jpg
footballhelmet,79,brodeur,football helmet,footballhelmet,footballhelmet.wav,footballhelmet.jpg
fork,97,boss,fork,fork,fork.wav,fork07b.jpg
fortunecookie,98,brodeur,fortune cookie,fortunecookie,fortunecookie.wav,fortunecookie.jpg
fountain,100,DR2,fountain,fountain,fountain.wav,fountain_01_og.jpg
fountainpen,88,moreno-martinez,fountain pen,fountainpen,fountainpen.wav,fountain_pen.jpg
fox,88,brodeur,fox,fox,fox.wav,redfox.jpg
fridge,71,brodeur,fridge,fridge,fridge.wav,fridge.jpg
frisbee,95,brodeur,frisbee,frisbee,frisbee.wav,frisbee.jpg
fritter,96,moreno-martinez,fritter,fritter,fritter.wav,fritter.jpg
fryingpan,99,moreno-martinez,frying pan,fryingpan,fryingpan.wav,frying_pan.jpg
funnel,100,DR2,funnel,funnel,funnel.wav,funnel_01_og.jpg
garlic,87,boss,garlic,garlic,garlic.wav,garlic01a.jpg
gate,71,brodeur,gate,gate,gate.wav,entrancegate.jpg
gazebo,72,brodeur,gazebo,gazebo,gazebo.wav,gazebo.jpg
ginger,89,boss,ginger,ginger,ginger.wav,ginger.jpg
giraffe,100,brodeur,giraffe,giraffe,giraffe.wav,giraffe.jpg
glasses,100,DR2,glasses,glasses,glasses.wav,glasses_02_og.jpg
globe,100,DR2,globe,globe,globe.wav,globe_02_og.jpg
golfball,98,brodeur,golf ball,golfball,golfball.wav,golfball.jpg
gorilla,85.7,DR2,gorilla,gorilla,gorilla.wav,gorilla_01_og.jpg
granolabar,88,brodeur,granola bar,granolabar,granolabar.wav,granolabar02.jpg
grapes,96,moreno-martinez,grapes,grapes,grapes.wav,grapes.jpg
grasshopper,96,DR2,grasshopper,grasshopper,grasshopper.wav,grasshopper_02_og.jpg
grenade,89,moreno-martinez,grenade,grenade,grenade.wav,grenade.jpg
grill,100,DR2,grill,grill,grill.wav,grill_02_og.jpg
guitar,71,brodeur,guitar,guitar,guitar.wav,acousticguitar02.jpg
guitarcase,98,brodeur,guitar case,guitarcase,guitarcase.wav,guitarcase.jpg
gun,90,moreno-martinez,gun,gun,gun.wav,gun.jpg
hairclip,70,boss,hairclip,hairclip,hairclip.wav,hairclip02.jpg
hammer,100,boss,hammer,hammer,hammer.wav,hammer01.jpg
hammock,100,DR2,hammock,hammock,hammock.wav,hammock_02_og.jpg
hand,81,brodeur,hand,hand,hand.wav,hand01b.jpg
handcuffs,100,brodeur,handcuffs,handcuffs,handcuffs.wav,handcuffs.jpg
hanger,78,boss,hanger,hanger,hanger.wav,hanger02a.jpg
harmonica,100,brodeur,harmonica,harmonica,harmonica.wav,harmonica.jpg
harp,92,moreno-martinez,harp,harp,harp.wav,harp.jpg
hat,100,DR2,hat,hat,hat.wav,hat_01_og.jpg
headphones,71,boss,headphones,headphones,headphones.wav,headphones02b.jpg
helicopter,90,brodeur,helicopter,helicopter,helicopter.wav,helicopter.jpg
helmet,100,DR2,helmet,helmet,helmet.wav,helmet_01_og.jpg
hen,87,moreno-martinez,hen,hen,hen.wav,hen.jpg
highchair,89.3,DR2,high chair,highchair,highchair.wav,highchair_02_og.jpg
hinge,98.0769231,DR2,hinge,hinge,hinge.wav,hinge_01_og.jpg
hippopotamus,82,moreno-martinez,hippopotamus,hippopotamus,hippopotamus.wav,hippopotamus.jpg
hockeypuck,83,brodeur,hockey puck,hockeypuck,hockeypuck.wav,hockeypuck.jpg
hockeystick,93,brodeur,hockey stick,hockeystick,hockeystick.wav,hockeystick.jpg
hoe,92.3076923,DR2,hoe,hoe,hoe.wav,hoe_01_og.jpg
horse,100,brodeur,horse,horse,horse.wav,horse.jpg
horseshoe,100,brodeur,horseshoe,horseshoe,horseshoe.wav,horseshoe.jpg
hotdog,74,brodeur,hotdog,hotdog,hotdog.wav,hotdog.jpg
house,93,moreno-martinez,house,house,house.wav,house.jpg
hulahoop,93,brodeur,hoop,hulahoop,hoop.wav,hulahoop.jpg
hummingbird,71,moreno-martinez,hummingbird,hummingbird,hummingbird.wav,hummingbird.jpg
iceberg,81,moreno-martinez,iceberg,iceberg,iceberg.wav,iceberg_.jpg
icecreamcone,90,DR2,icecream cone,icecreamcone,icecreamcone.wav,icecreamcone_01_og.jpg
icecube,74,brodeur,ice cube,icecube,icecube.wav,icecube02.jpg
icepack,74,boss,icepack,icepack,icepack.wav,icepack.jpg
igloo,100,DR2,igloo,igloo,igloo.wav,igloo_02_og.jpg
ipad,79,brodeur,ipad,ipad,ipad.wav,ipad02.jpg
iron,92,boss,iron,iron,iron.wav,iron01b.jpg
ironingboard,96.7,DR2,ironing board,ironingboard,ironingboard.wav,ironingboard_01_og.jpg
island,84,moreno-martinez,island,island,island.wav,island.jpg
jacket,72.7272727,DR2,jacket,jacket,jacket.wav,jacket_02_og.jpg
jackhammer,88.6,DR2,jackhammer,jackhammer,jackhammer.wav,jackhammer_01_og.jpg
jar,100,DR2,jar,jar,jar.wav,jar_02_og.jpg
jeans,88,brodeur,jeans,jeans,jeans.wav,jeans01.jpg
jeep,88,brodeur,jeep,jeep,jeep.wav,jeep.jpg
jellybeans,98,brodeur,jellybeans,jellybeans,jellybeans.wav,jellybeans.jpg
jellyfish,95,brodeur,jellyfish,jellyfish,jellyfish.wav,jellyfish.jpg
jumprope,88.6,DR2,jump rope,jumprope,jumprope.wav,jumprope_01_og.jpg
kangaroo,98.5507246,DR2,kangaroo,kangaroo,kangaroo.wav,kangaroo_02_og.jpg
key,97,boss,key,key,key.wav,key01.jpg
keyboard,89,boss,keyboard,keyboard,keyboard.wav,computerkeyboard02.jpg
kite,98,brodeur,kite,kite,kite.wav,kite.jpg
kiwi,83,brodeur,kiwi,kiwi,kiwi.wav,kiwi03.jpg
knee,88,brodeur,knee,knee,knee.wav,knee.jpg
kneepad,79,brodeur,kneepad,kneepad,kneepad.wav,kneepad01c.jpg
knife,87,boss,knife,knife,knife.wav,knife01.jpg
ladder,100,DR2,ladder,ladder,ladder.wav,ladder_02_og.jpg
ladle,96,DR2,ladle,ladle,ladle.wav,ladle_01_og.jpg
ladybug,93,brodeur,ladybug,ladybug,ladybug.wav,ladybug03.jpg
lamp,92,boss,lamp,lamp,lamp.wav,lamp04a.jpg
laptop,74,boss,laptop,laptop,laptop.wav,laptop01a.jpg
lawnmower,98,brodeur,lawn mower,lawnmower,lawnmower.wav,lawnmower.jpg
leaf,97,boss,leaf,leaf,leaf.wav,leaf02a.jpg
leafblower,82,brodeur,leaf blower,leafblower,leafblower.wav,leafblower02.jpg
lemon,100,boss,lemon,lemon,lemon.wav,lemon02.jpg
lettuce,97,moreno-martinez,lettuce,lettuce,lettuce.wav,lettuce.jpg
level,74,boss,level,level,level.wav,level03a.jpg
licenseplate,85,brodeur,license plate,licenseplate,licenseplate.wav,licenseplate.jpg
lightbulb,93.2,DR2,lightbulb,lightbulb,lightbulb.wav,lightbulb_01_og.jpg
lighter,95,boss,lighter,lighter,lighter.wav,lighter01.jpg
lighthouse,100,DR2,lighthouse,lighthouse,lighthouse.wav,lighthouse_01_og.jpg
lightswitch,98,brodeur,light switch,lightswitch,lightswitch.wav,lightswitch02b.jpg
lime,81,boss,lime,lime,lime.wav,lime.jpg
lion,88,brodeur,lion,lion,lion.wav,lion.jpg
lips,86,brodeur,lips,lips,lips.wav,lip.jpg
lipstick,97,boss,lipstick,lipstick,lipstick.wav,lipstick02a.jpg
lizard,71.4,DR2,lizard,lizard,lizard.wav,lizard_01_og.jpg
llama,100,DR2,llama,llama,llama.wav,llama_01_og.jpg
lobster,100,DR2,lobster,lobster,lobster.wav,lobster_02_og.jpg
lock,100,DR2,lock,lock,lock.wav,lock_03_og.jpg
locker,98,brodeur,locker,locker,locker.wav,locker.jpg
lollipop,83,brodeur,lollipop,lollipop,lollipop.wav,lollipop02b.jpg
lynx,74,moreno-martinez,lynx,lynx,lynx.wav,lynx.jpg
magnet,96.4,DR2,magnet,magnet,magnet.wav,magnet_01_og.jpg
magnifyingglass,82,boss,magnifying glass,magnifyingglass,magnifyingglass.wav,magnifyingglass01b.jpg
mailbox,100,brodeur,mailbox,mailbox,mailbox.wav,mailbox02.jpg
maracas,96,moreno-martinez,maracas,maracas,maracas.wav,maracas.jpg
marble,85,brodeur,marble,marble,marble.wav,marble.jpg
marker,82,boss,marker,marker,marker.wav,marker01a.jpg
mask,76,brodeur,mask,mask,mask.wav,mask02a.jpg
match,100,DR2,match,match,match.wav,match_02_og.jpg
mattress,98,brodeur,mattress,mattress,mattress.wav,mattress.jpg
measuringcup,95,boss,measuring cup,measuringcup,measuringcup.wav,measuringcup01.jpg
measuringtape,78,boss,measuring tape,measuringtape,measuringtape.wav,measuringtape01.jpg
medal,100,DR2,medal,medal,medal.wav,medal_02_og.jpg
microphone,88,brodeur,microphone,microphone,microphone.wav,microphone02.jpg
microscope,97,boss,microscope,microscope,microscope.wav,microscope.jpg
microwave,81,brodeur,microwave,microwave,microwave.wav,microwave.jpg
mill,97,moreno-martinez,mill,mill,mill.wav,mill.jpg
mirror,100,DR2,mirror,mirror,mirror.wav,mirror_02_og.jpg
mixer,96.4285714,DR2,mixer,mixer,mixer.wav,mixer_01_og.jpg
monkey,73,brodeur,monkey,monkey,monkey.wav,proboscismonkey.jpg
moon,95,moreno-martinez,moon,moon,moon.wav,moon.jpg
moose,100,DR2,moose,moose,moose.wav,moose_01_og.jpg
mop,100,DR2,mop,mop,mop.wav,mop_01_og.jpg
mosquito,89.3,DR2,mosquito,mosquito,mosquito.wav,mosquito_01_og.jpg
motorbike,99,moreno-martinez,motorbike,motorbike,motorbike.wav,motorbike.jpg
motorcycle,98.4,DR2,motorcycle,motorcycle,motorcycle.wav,motorcycle_02_og.jpg
mountain,83,moreno-martinez,mountain,mountain,mountain.wav,mountain.jpg
mouse,100,DR2,mouse,mouse,mouse.wav,mouse_01_og.jpg
mousetrap,94,boss,mousetrap,mousetrap,mousetrap.wav,mousetrap.jpg
mouth,76,moreno-martinez,mouth,mouth,mouth.wav,mouth.jpg
mrpotatohead,76,brodeur,mr potatohead,mrpotatohead,mrpotatohead.wav,mrpotatohead.jpg
mummy,86,brodeur,mummy,mummy,mummy.wav,mummy.jpg
mushroom,100,boss,mushroom,mushroom,mushroom.wav,mushroom01.jpg
musicsheet,80,brodeur,music sheet,musicsheet,musicsheet.wav,musicsheet.jpg
mussel,92,moreno-martinez,mussel,mussel,mussel.wav,mussel.jpg
nail,78,boss,nail,nail,nail.wav,nail.jpg
nailclipper,86,boss,nail clipper,nailclipper,nailclipper.wav,nailclipper03b.jpg
nailpolish,81,boss,nail polish,nailpolish,nailpolish.wav,nailpolish03b.jpg
necklace,99,moreno-martinez,necklace,necklace,necklace.wav,necklace.jpg
needle,100,DR2,needle,needle,needle.wav,needle_02_og.jpg
noparkingsign,95,brodeur,no parking sign,noparkingsign,noparkingsign.wav,noparkingsign.jpg
nose,88,brodeur,nose,nose,nose.wav,nose.jpg
nosmokingsign,90,brodeur,no smoking sign,nosmokingsign,nosmokingsign.wav,nosmokingsign.jpg
nunchuks,96,brodeur,nunchuks,nunchuks,nunchuks.wav,nunchuk.jpg
nut,81,moreno-martinez,nut,nut,nut.wav,nut.jpg
nutcracker,93,boss,nutcracker,nutcracker,nutcracker.wav,nutcracker01.jpg
olive,89,boss,olive,olive,olive.wav,greenolive.jpg
onion,100,boss,onion,onion,onion.wav,onion.jpg
orange,100,boss,orange,orange,orange.wav,orange.jpg
ostrich,97.4,DR2,ostrich,ostrich,ostrich.wav,ostrich_01_og.jpg
owl,100,brodeur,owl,owl,owl.wav,greathornowl.jpg
paint,97.4,DR2,paint,paint,paint.wav,paint_01_og.jpg
paintbrush,92,boss,paintbrush,paintbrush,paintbrush.wav,paintbrush01.jpg
painting,71,brodeur,painting,painting,painting.wav,painting.jpg
paintroller,77,boss,paint roller,paintroller,paintroller.wav,paintroller01.jpg
palmtree,97,moreno-martinez,palmtree,palmtree,palmtree.wav,palm_tree.jpg
pan,90.9090909,DR2,pan,pan,pan.wav,pan_01_og.jpg
panda,96.4,DR2,panda,panda,panda.wav,panda_02_og.jpg
pants,90.9,DR2,pants,pants,pants.wav,pants_01_og.jpg
paper,72.7,DR2,paper,paper,paper.wav,paper_02_og.jpg
paperclip,100,DR2,paper clip,paperclip,paperclip.wav,paperclip_02_og.jpg
parachute,100,DR2,parachute,parachute,parachute.wav,parachute_02_og.jpg
parkingmeter,83,brodeur,parking meter,parkingmeter,parkingmeter.wav,parkingmeter.jpg
parrot,78.6,DR2,parrot,parrot,parrot.wav,parrot_02_og.jpg
partyhat,73,boss,party hat,partyhat,partyhat.wav,partyhat.jpg
pasty,90,moreno-martinez,pasty,pasty,pasty.wav,pasty.jpg
peach,100,DR2,peach,peach,peach.wav,peach_02_og.jpg
peacock,100,DR2,peacock,peacock,peacock.wav,peacock_01_og.jpg
peanut,97.1,DR2,peanut,peanut,peanut.wav,peanut_01_og.jpg
pear,100,boss,pear,pear,pear.wav,pear01.jpg
peas,85.7142857,DR2,peas,peas,peas.wav,peas_02_og.jpg
pelican,92.3,DR2,pelican,pelican,pelican.wav,pelican_02_og.jpg
pen,90,boss,pen,pen,pen.wav,pen04b.jpg
pencil,99,moreno-martinez,pencil,pencil,pencil.wav,pencil.jpg
pencilcase,72,boss,pencil case,pencilcase,pencilcase.wav,pencilcase01.jpg
pencilsharpener,100,DR2,pencil sharpener,pencilsharpener,pencilsharpener.wav,pencilsharpener_02_og.jpg
pendant,95,moreno-martinez,pendant,pendant,pendant.wav,pendants.jpg
penguin,99,moreno-martinez,penguin,penguin,penguin.wav,penguin.jpg
pepper,99,moreno-martinez,pepper,pepper,pepper.wav,pepper.jpg
piano,96,moreno-martinez,piano,piano,piano.wav,piano_.jpg
pictureframe,71,boss,picture frame,pictureframe,pictureframe.wav,pictureframe04.jpg
pie,73,moreno-martinez,pie,pie,pie.wav,pie.jpg
pig,90,brodeur,pig,pig,pig.wav,pig.jpg
pigeon,99,moreno-martinez,pigeon,pigeon,pigeon.wav,pigeon.jpg
piggybank,87.2,DR2,piggybank,piggybank,piggybank.wav,piggybank_01_og.jpg
pill,72,boss,pill,pill,pill.wav,pill.jpg
pillow,84,boss,pillow,pillow,pillow.wav,pillow01a.jpg
pincers,89,moreno-martinez,pincers,pincers,pincers.wav,pincers.jpg
pineapple,100,boss,pineapple,pineapple,pineapple.wav,pineapple01a.jpg
pingpongtable,79,brodeur,pingpong table,pingpongtable,pingpongtable.wav,pingpongtable.jpg
pipe,83,brodeur,pipe,pipe,pipe.wav,pipe.jpg
pirateflag,74,brodeur,pirate flag,pirateflag,pirateflag.wav,pirateflag.jpg
pistachio,76,moreno-martinez,pistachio,pistachio,pistachio.wav,pistachio.jpg
pitcher,95.4545455,DR2,pitcher,pitcher,pitcher.wav,pitcher_01_og.jpg
pitchfork,88.6,DR2,pitchfork,pitchfork,pitchfork.wav,pitchfork_01_og.jpg
pizza,97.6190476,DR2,pizza,pizza,pizza.wav,pizza_02_og.jpg
plant,84,boss,plant,plant,plant.wav,plant01.jpg
plate,92,boss,plate,plate,plate.wav,plate01b.jpg
platypus,81,brodeur,platypus,platypus,platypus.wav,platypus.jpg
pliers,91.5,DR2,pliers,pliers,pliers.wav,pliers_01_og.jpg
plum,86,boss,plum,plum,plum.wav,plum01.jpg
plunger,84,boss,plunger,plunger,plunger.wav,plunger02.jpg
pokerchips,83,brodeur,poker chips,pokerchips,pokerchips.wav,pokerchips.jpg
polarbear,90,brodeur,polar bear,polarbear,polarbear.wav,polarbear.jpg
policeman,96.4285714,DR2,policeman,policeman,policeman.wav,policeman_01_og.jpg
pomegranate,84,moreno-martinez,pomegranate,pomegranate,pomegranate.wav,pomegranate.jpg
pool,100,DR2,pool,pool,pool.wav,pool_01_og.jpg
pooltable,98,brodeur,pool table,pooltable,pooltable.wav,pooltable.jpg
popcorn,100,DR2,popcorn,popcorn,popcorn.wav,popcorn_02_og.jpg
poppy,89,moreno-martinez,poppy,poppy,poppy.wav,poppy.jpg
popsicle,95.3,DR2,popsicle,popsicle,popsicle.wav,popsicle_01_og.jpg
porcupine,97.4,DR2,porcupine,porcupine,porcupine.wav,porcupine_01_og.jpg
pot,100,DR2,pot,pot,pot.wav,pot_01_og.jpg
potato,100,boss,potato,potato,potato.wav,potato02b.jpg
priest,92.9,DR2,priest,priest,priest.wav,priest_01_og.jpg
printer,87,boss,printer,printer,printer.wav,printer02.jpg
pumpkin,98,brodeur,pumpkin,pumpkin,pumpkin.wav,pumpkin.jpg
punchingbag,83,brodeur,punching bag,punchingbag,punchingbag.wav,punchingbag.jpg
purse,71.4,DR2,purse,purse,purse.wav,purse_02_og.jpg
puzzle,89.2857143,DR2,puzzle,puzzle,puzzle.wav,puzzle_01_og.jpg
puzzlepiece,76,boss,puzzle piece,puzzlepiece,puzzlepiece.wav,puzzlepiece.jpg
pyramid,84,moreno-martinez,pyramid,pyramid,pyramid.wav,pyramid.jpg
qtip,72,boss,q-tip,qtip,qtip.wav,qtip.jpg
rabbit,88,brodeur,rabbit,rabbit,rabbit.wav,jackrabbit.jpg
raccoon,97.9,DR2,raccoon,raccoon,racoon.wav,raccoon_01_og.jpg
radio,100,DR2,radio,radio,radio.wav,radio_02_og.jpg
radish,93,DR2,radish,radish,radish.wav,radish_01_og.jpg
railroadtracks,86.6666667,DR2,railroad tracks,railroadtracks,railroadtracks.wav,railroadtracks_01_og.jpg
raisin,83,moreno-martinez,raisin,raisin,raisin.wav,raisin.jpg
rake,90,brodeur,rake,rake,rake.wav,leafrake.jpg
rasberry,86,boss,raspberry,rasberry,raspberry.wav,raspberry01.jpg
raven,77,moreno-martinez,raven,raven,raven.wav,raven.jpg
razor,100,DR2,razor,razor,razor.wav,razor_01_og.jpg
razorshell,78,moreno-martinez,razorshell,razorshell,razorshell.wav,razor-shell.jpg
recyclingbin,79,brodeur,recycling bin,recyclingbin,recyclingbin.wav,recyclingbin.jpg
refrigerator,100,DR2,refrigerator,refrigerator,refrigerator.wav,refrigerator_01_og.jpg
rhinoceros,100,DR2,rhinoceros,rhinoceros,rhinoceros.wav,rhinoceros_02_og.jpg
ribbon,77,boss,ribbon,ribbon,ribbon.wav,ribbon03a.jpg
rice,92,boss,rice,rice,rice.wav,rice.jpg
ring,100,boss,ring,ring,ring.wav,ring01.jpg
road,85.7142857,DR2,road,road,road.wav,road_02_og.jpg
rocket,86.3636364,DR2,rocket,rocket,rocket.wav,rocket_01_og.jpg
rockingchair,90.6976744,DR2,rocking chair,rockingchair,rockingchair.wav,rockingchair_01_og.jpg
rollerblade,83,brodeur,rollerblade,rollerblade,rollerblade.wav,rollerblade.jpg
rollerskate,94.4,DR2,roller skate,rollerskate,rollerskate.wav,rollerskate_01_og.jpg
rollingpin,94.9,DR2,rolling pin,rollingpin,rollingpin.wav,rollingpin_01_og.jpg
roof,90.9,DR2,roof,roof,roof.wav,roof_02_og.jpg
rooster,97.6,DR2,rooster,rooster,rooster.wav,rooster_01_og.jpg
rope,86,boss,rope,rope,rope.wav,rope03.jpg
rose,98,moreno-martinez,rose,rose,rose.wav,rose.jpg
rubikcube,95,brodeur,rubiks cube,rubikcube,rubikscube.wav,rubikcube.jpg
rug,100,DR2,rug,rug,rug.wav,rug_01_og.jpg
ruler,100,boss,ruler,ruler,ruler.wav,ruler04.jpg
safe,100,DR2,safe,safe,safe.wav,safe_01_og.jpg
safetypin,90.7,DR2,safety pin,safetypin,safetypin.wav,safetypin_01_og.jpg
sailboat,85.7,DR2,sailboat,sailboat,sailboat.wav,sailboat_02_og.jpg
salsa,78.6,DR2,salsa,salsa,salsa.wav,salsa_02_og.jpg
salt,100,DR2,salt,salt,salt.wav,salt_01_og.jpg
saltshaker,86,brodeur,salt shaker,saltshaker,saltshaker.wav,saltshaker03c.jpg
sandal,92,boss,sandal,sandal,sandal.wav,sandal.jpg
sandcastle,95,brodeur,sandcastle,sandcastle,sandcastle.wav,sandcastle.jpg
sausage,71,brodeur,sausage,sausage,sausage.wav,sausage.jpg
saw,89,boss,saw,saw,saw.wav,saw02b.jpg
saxophone,87,moreno-martinez,saxophone,saxophone,saxophone.wav,saxophone.jpg
scale,84,boss,scale,scale,scale.wav,scale01a.jpg
scarf,95,boss,scarf,scarf,scarf.wav,scarf.jpg
schoolbus,98,brodeur,school bus,schoolbus,schoolbus.wav,schoolbus.jpg
scissors,100,boss,scissors,scissors,scissors.wav,scissors01.jpg
scooter,90,brodeur,scooter,scooter,scooter.wav,scooter.jpg
scorpion,90,brodeur,scorpion,scorpion,scorpion.wav,scorpion.jpg
screw,100,boss,screw,screw,screw.wav,screw02.jpg
screwdriver,95,boss,screw driver,screwdriver,screwdriver.wav,screwdriver04b.jpg
sea,93,moreno-martinez,sea,sea,sea.wav,sea.jpg
seagull,83,moreno-martinez,seagull,seagull,seagull.wav,seagull.jpg
seahorse,96.4,DR2,seahorse,seahorse,seahorse.wav,seahorse_02_og.jpg
seal,88,brodeur,seal,seal,seal.wav,seal.jpg
seesaw,89.2857143,DR2,seesaw,seesaw,seesaw.wav,seesaw_02_og.jpg
sewingmachine,100,DR2,sewing machine,sewingmachine,sewingmachine.wav,sewingmachine_02_og.jpg
shanty,79,moreno-martinez,shanty,shanty,shanty.wav,shanty.jpg
shark,100,DR2,shark,shark,shark.wav,shark_01_og.jpg
sheep,93,brodeur,sheep,sheep,sheep.wav,sheep.jpg
shield,96,moreno-martinez,shield,shield,shield.wav,shield.jpg
ship,74,moreno-martinez,ship,ship,ship.wav,ship.jpg
shipinabottle,71,brodeur,ship-in-a-bottle,shipinabottle,shipinabottle.wav,shipinabottle.jpg
shirt,99,moreno-martinez,shirt,shirt,shirt.wav,shirt.jpg
shoe,77,boss,shoe,shoe,shoe.wav,manshoe.jpg
shoelace,86,boss,shoelace,shoelace,shoelace.wav,shoelace.jpg
shorts,74,boss,shorts,shorts,shorts.wav,shorts01.jpg
shovel,96,moreno-martinez,shovel,shovel,shovel.wav,showel.jpg
shower,96.7741935,DR2,shower,shower,shower.wav,shower_01_og.jpg
showerhead,88,brodeur,showerhead,showerhead,showerhead.wav,showerhead01.jpg
shrimp,82,brodeur,shrimp,shrimp,shrimp.wav,shrimp.jpg
sink,97.6190476,DR2,sink,sink,sink.wav,sink_01_og.jpg
skate,97,moreno-martinez,skate,skate,skate.wav,skate.jpg
skateboard,100,brodeur,skateboard,skateboard,skateboard.wav,skateboard.jpg
skiboot,70,brodeur,skiboot,skiboot,skiboot.wav,skiboot01a.jpg
skirt,99,moreno-martinez,skirt,skirt,skirt.wav,skirt.jpg
skis,83,brodeur,skis,skis,skis.wav,downhillski.jpg
skunk,100,DR2,skunk,skunk,skunk.wav,skunk_01_og.jpg
skyscraper,73,moreno-martinez,skyscraper,skyscraper,skyscraper.wav,skyscraper.jpg
sled,96.8,DR2,sled,sled,sled.wav,sled_01_og.jpg
slide,95.5,DR2,slide,slide,slide.wav,slide_02_og.jpg
slingshot,100,DR2,slingshot,slingshot,slingshot.wav,slingshot_01_og.jpg
slipper,95.6521739,DR2,slipper,slipper,slipper.wav,slipper_02_og.jpg
snake,92,moreno-martinez,snake,snake,snake.wav,snake.jpg
snowboard,95,brodeur,snowboard,snowboard,snowboard.wav,snowboard.jpg
snowman,100,brodeur,snowman,snowman,snowman.wav,snowman.jpg
snowshoe,88,brodeur,snowshoe,snowshoe,snowshoe.wav,snowshoe.jpg
soap,79,boss,soap,soap,soap.wav,soap03a.jpg
soccerball,98,brodeur,soccer ball,soccerball,soccerball.wav,soccerball.jpg
sock,87,boss,sock,sock,sock.wav,sock01a.jpg
sofa,81,moreno-martinez,sofa,sofa,sofa.wav,sofa.jpg
soldier,75,DR2,soldier,soldier,soldier.wav,soldier_01_og.jpg
spaghetti,96.6,DR2,spaghetti,spaghetti,spaghetti.wav,spaghetti_02_og.jpg
spatula,100,DR2,spatula,spatula,spatula.wav,spatula_04_og.jpg
speaker,87,boss,speaker,speaker,speaker.wav,speaker04.jpg
spear,75,brodeur,spear,spear,spear.wav,spear02.jpg
spicerack,85,brodeur,spice rack,spicerack,spicerack.wav,spicerack.jpg
spider,88,brodeur,spider,spider,spider.wav,daddylonglegs.jpg
spiderweb,93,brodeur,spiderweb,spiderweb,spiderweb.wav,spiderweb.jpg
spinningtop,84,moreno-martinez,spinning top,spinningtop,spinningtop.wav,spinning_top.jpg
sponge,90,boss,sponge,sponge,sponge.wav,sponge01.jpg
spoon,92,boss,spoon,spoon,spoon.wav,spoon01.jpg
squid,88,brodeur,squid,squid,squid.wav,squid.jpg
squirrel,100,brodeur,squirrel,squirrel,squirrel.wav,squirrel.jpg
stairs,99.9,DR2,stairs,stairs,stairs.wav,stairs_02_og.jpg
stapler,95,boss,stapler,stapler,stapler.wav,stapler03a.jpg
stapleremover,81,boss,staple remover,stapleremover,stapleremover.wav,stapleremover.jpg
staples,97,boss,staples,staples,staples.wav,staple.jpg
starfish,74,boss,starfish,starfish,starfish.wav,starfish01.jpg
statue,93.3,DR2,statue,statue,statue.wav,statue_02_og.jpg
steeringwheel,95.5,DR2,steering wheel,steeringwheel,steeringwheel.wav,steeringwheel_01_og.jpg
stocking,100,DR2,stocking,stocking,stocking.wav,stocking_02_og.jpg
stool,96,moreno-martinez,stool,stool,stool.wav,stool.jpg
stoplight,93.3333333,DR2,stoplight,stoplight,stoplight.wav,stoplight_02_og.jpg
stove,95.4545455,DR2,stove,stove,stove.wav,stove_01_og.jpg
strainer,89,moreno-martinez,strainer,strainer,strainer.wav,strainer.jpg
straw,83,boss,straw,straw,straw.wav,straw.jpg
strawberry,100,boss,strawberry,strawberry,strawberry.wav,strawberry.jpg
stroller,96.7741935,DR2,stroller,stroller,stroller.wav,stroller_01_og.jpg
submarine,100,DR2,submarine,submarine,submarine.wav,submarine_02_og.jpg
suitcase,97.0588235,DR2,suitcase,suitcase,suitcase.wav,suitcase_01_og.jpg
sun,75,moreno-martinez,sun,sun,sun.wav,sun.jpg
sunglasses,90,boss,sunglasses,sunglasses,sunglasses.wav,sunglasses04.jpg
surfboard,100,brodeur,surfboard,surfboard,surfboard.wav,surfboard.jpg
sushi,81,brodeur,sushi,sushi,sushi.wav,makiroll.jpg
swan,100,DR2,swan,swan,swan.wav,swan_01_og.jpg
sweater,92.9,DR2,sweater,sweater,sweater.wav,sweater_02_og.jpg
swing,98,brodeur,swing,swing,swing.wav,swing.jpg
sword,97,moreno-martinez,sword,sword,sword.wav,sword.jpg
swordfish,83,brodeur,swordfish,swordfish,swordfish.wav,swordfish.jpg
table,81,brodeur,table,table,table.wav,table01.jpg
tablefootball,93,moreno-martinez,table football,tablefootball,tablefootball.wav,table_football.jpg
tambourine,99,moreno-martinez,tambourine,tambourine,tambourine.wav,tambourine.jpg
tank,95.1,DR2,tank,tank,tank.wav,tank_02_og.jpg
tape,72.7272727,DR2,tape,tape,tape.wav,tape_01_og.jpg
taperecorder,84.6153846,DR2,tape recorder,taperecorder,taperecorder.wav,taperecorder_02_og.jpg
teabag,95,boss,teabag,teabag,teabag.wav,teabag.jpg
teapot,93.3,DR2,teapot,teapot,teapot.wav,teapot_01_og.jpg
teddybear,72,boss,teddybear,teddybear,teddybear.wav,teddybear_02_og.jpg
teepee,100,DR2,teepee,teepee,teepee.wav,teepee_01_og.jpg
telescope,100,DR2,telescope,telescope,telescope.wav,telescope_01_og.jpg
tennisball,95,boss,tennis ball,tennisball,tennisball.wav,tennisball01b.jpg
tennisracket,94.2857143,DR2,tennis racket,tennisracket,tennisracket.wav,tennisracket_01_og.jpg
tent,90,brodeur,tent,tent,tent.wav,tent.jpg
thermometer,97,boss,thermometer,thermometer,thermometer.wav,thermometer02b.jpg
thermos,78,DR2,thermos,thermos,thermos.wav,thermos_01_og.jpg
thimble,100,DR2,thimble,thimble,thimble.wav,thimble_02_og.jpg
tie,100,DR2,tie,tie,tie.wav,tie_02_og.jpg
tiger,99,moreno-martinez,tiger,tiger,tiger.wav,tiger.jpg
tile,91,boss,tile,tile,tile.wav,tile_02_og.jpg
tire,88.1,DR2,tire,tire,tire.wav,tire_02_og.jpg
toast,74,boss,toast,toast,toast.wav,toast.jpg
toaster,97,boss,toaster,toaster,toaster.wav,toaster01.jpg
toe,95,moreno-martinez,toe,toe,toe.wav,toe.jpg
toilet,90,brodeur,toilet,toilet,toilet.wav,toilet.jpg
toiletpaper,92,boss,toilet paper,toiletpaper,toiletpaper.wav,toiletpaper01a.jpg
tomato,100,boss,tomato,tomato,tomato.wav,tomato01.jpg
tongs,79,boss,tongs,tongs,tongs.wav,tongs01b.jpg
tongue,92,moreno-martinez,tongue,tongue,tongue.wav,tongue.jpg
toolbox,93,brodeur,toolbox,toolbox,toolbox.wav,toolbox02.jpg
toothbrush,100,boss,toothbrush,toothbrush,toothbrush.wav,toothbrush03b.jpg
toothpick,81,boss,toothpick,toothpick,toothpick.wav,toothpick02.jpg
totempole,74,brodeur,totem pole,totempole,totempole.wav,totempole.jpg
toucan,76,brodeur,toucan,toucan,toucan.wav,toucan.jpg
tower,78,moreno-martinez,tower,tower,tower.wav,tower.jpg
toyhorse,80,brodeur,toyhorse,toyhorse,toyhorse.wav,toyanimal05.jpg
toysoldier,72,brodeur,toy soldier,toysoldier,toysoldier.wav,toysoldier01b.jpg
tractor,99,moreno-martinez,tractor,tractor,tractor.wav,tractor.jpg
trailer,73,brodeur,trailer,trailer,trailer.wav,trailer.jpg
train,93,moreno-martinez,train,train,train.wav,train.jpg
trampoline,93,brodeur,trampoline,trampoline,trampoline.wav,trampoline.jpg
treadmill,90,brodeur,treadmill,treadmill,treadmill.wav,treadmill.jpg
tree,95,brodeur,tree,tree,tree.wav,tree.jpg
triangle,79,brodeur,triangle,triangle,triangle.wav,triangle.jpg
tricycle,93,brodeur,tricycle,tricycle,tricycle.wav,tricycle.jpg
tripod,100,DR2,tripod,tripod,tripod.wav,tripod_02_og.jpg
trophy,100,DR2,trophy,trophy,trophy.wav,trophy_01_og.jpg
truck,95.4545455,DR2,truck,truck,truck.wav,truck_01_og.jpg
trumpet,97,moreno-martinez,trumpet,trumpet,trumpet.wav,trumpet.jpg
tshirt,82,boss,T-shirt,tshirt,tshirt.wav,tshirt.jpg
tulip,76,brodeur,tulip,tulip,tulip.wav,tulip02.jpg
turnstile,81,brodeur,turnstile,turnstile,turnstile.wav,turnstile.jpg
turtle,95.2380952,DR2,turtle,turtle,turtle.wav,turtle_01_og.jpg
tv,100,DR2,tv,tv,tv.wav,tv_03_og.png
tweezers,97.6,DR2,tweezers,tweezers,tweezers.wav,tweezers_02_og.jpg
umbrella,100,boss,umbrella,umbrella,umbrella.wav,umbrella04.jpg
undershirt,99,moreno-martinez,undershirt,undershirt,undershirt.wav,undershirt.jpg
unicorn,97.6,DR2,unicorn,unicorn,unicorn.wav,unicorn_02_og.jpg
unicycle,94.4,DR2,unicycle,unicycle,unicycle.wav,unicycle_02_og.jpg
urinal,89,brodeur,urinal,urinal,urinal.wav,urinal.jpg
vacuum,94.1176471,DR2,vacuum,vacuum,vacuum.wav,vacuum_01_og.jpg
van,95,moreno-martinez,van,van,van.wav,van.jpg
vase,84,boss,vase,vase,vase.wav,vase02.jpg
violin,97,boss,violin,violin,violin.wav,violin.jpg
volcano,99,moreno-martinez,volcano,volcano,volcano.wav,volcano.jpg
volleyball,76,brodeur,volleyball,volleyball,volleyball.wav,volleyball.jpg
vulture,70,brodeur,vulture,vulture,vulture.wav,vulture.jpg
waffle,100,DR2,waffle,waffle,waffle.wav,waffle_01_og.jpg
waiter,97.1428571,DR2,waiter,waiter,waiter.wav,waiter_01_og.jpg
walkietalkie,73,brodeur,walkie talkie,walkietalkie,walkietalkie.wav,walkietalkie.jpg
wallet,97.6190476,DR2,wallet,wallet,wallet.wav,wallet_01_og.jpg
walnut,97,moreno-martinez,walnut,walnut,walnut.wav,walnut.jpg
walrus,97.4,DR2,walrus,walrus,walrus.wav,walrus_01_og.jpg
washingmachine,80,DR2,washing machine,washingmachine,washingmachine.wav,washingmachine_02_og.jpg
wasp,88,moreno-martinez,wasp,wasp,wasp.wav,wasp.jpg
watch,95.4545455,DR2,watch,watch,watch.wav,watch_01_og.jpg
waterbottle,72,boss,water bottle,waterbottle,waterbottle.wav,waterbottle01b.jpg
waterfall,95,brodeur,waterfall,waterfall,waterfall.wav,waterfall.jpg
waterfountain,78,brodeur,water fountain,waterfountain,waterfountain.wav,waterfountain02.jpg
wateringcan,94.7368421,DR2,watering can,wateringcan,wateringcan.wav,wateringcan_02_og.jpg
watermelon,97,moreno-martinez,watermelon,watermelon,watermelon.wav,watermelon.jpg
wave,89,moreno-martinez,wave,wave,wave.wav,wave.jpg
well,75,brodeur,well,well,well.wav,well.jpg
wheat,72,brodeur,wheat,wheat,wheat.wav,wheat.jpg
wheel,82,boss,wheel,wheel,wheel.wav,wheel01.jpg
wheelbarrow,91,brodeur,wheelbarrow,wheelbarrow,wheelbarrow.wav,wheelbarrow01.jpg
wheelchair,98.1,DR2,wheelchair,wheelchair,wheelchair.wav,wheelchair_01_og.jpg
whisk,71,boss,whisk,whisk,whisk.wav,whisk.jpg
windmill,100,brodeur,windmill,windmill,windmill.wav,windmill.jpg
window,82,brodeur,window,window,window.wav,dormer.jpg
windshieldwiper,82,brodeur,windshield wiper,windshieldwiper,windshieldwiper.wav,windshieldwiper02.jpg
wine,70.7,DR2,wine,wine,wine.wav,wine_01_og.jpg
witchhat,86,brodeur,witch hat,witchhat,witchhat.wav,witchhat.jpg
wolf,95.5,DR2,wolf,wolf,wolf.wav,wolf_02_og.jpg
worm,86.3636364,DR2,worm,worm,worm.wav,worm_02_og.jpg
wrench,100,brodeur,wrench,wrench,wrench.wav,stubbywrench01a.jpg
xylophone,89,brodeur,xylophone,xylophone,xylophone.wav,xylophone.jpg
yoyo,100,DR2,yoyo,yoyo,yoyo.wav,yoyo_01_og.jpg
zebra,99,moreno-martinez,zebra,zebra,zebra.wav,zebra.jpg
zipper,100,brodeur,zipper,zipper,zipper.wav,zipper.jpg
zucchini,79,boss,zucchini,zucchini,zucchini.wav,zucchini01.jpg