target,modal,agreement,source,"we have the image (1 = yes, 0 = no)",confirmed file name ,"copy of final image file placed in ""COMPILED SINGLE NOUN BATTERY FOR WEB APP LIBRARY""",comments,,,,,
50dollarsbill.jpg,50bill,37,boss,1,50dollarbill.jpg,1,"I see ""alarmclock02a.jpg
alarmclock02b.jpg"" but not ""alarmclock.jpg""",,,,,
alarmclock.jpg,alarmclock,44,boss,1,alarmclock01.jpg,1,,,,,,
almonds.jpg,almonds,72,boss,1,almond.jpg,0,there was already an existing 'almond' file in the compiled folder from a different database,,,,,
antenna.jpg,antenna,74,boss,1,antenna.jpg,1,,,,,,
ashtray.jpg,ashtray,92,boss,1,ashtray01.jpg,1,,,,,,
avocado.jpg,avocado,89,boss,1,avocado01.jpg,1,,,,,,
babybottle.jpg,babybottle,29,boss,0,?,0,,,,,,
babyseat.jpg,babyseat,31,boss,0,?,0,,,,,,
bagel.jpg,bagel,87,boss,1,bagel01.jpg,1,,,,,,
balloon.jpg,balloon,87,boss,1,balloon01b.jpg,1,,,,,,
banana.jpg,banana,100,boss,1,banana01.jpg,1,,,,,,
bandage.jpg,bandage,42,boss,1,bandage.jpg,1,,,,,,
baseball.jpg,baseball,87,boss,1,baseball01a.jpg,1,,,,,,
battery.jpg,battery,95,boss,1,battery02b.jpg,1,,,,,,
beermug.jpg,beermug,26,boss,1,beermug01a.jpg,1,,,,,,
belt.jpg,belt,95,boss,1,belt02a.jpg,1,,,,,,
bib.jpg,bib,84,boss,1,bib.jpg,1,,,,,,
binderb.jpg,binder,68,boss,1,binder03b.jpg,1,,,,,,
binoculars.jpg,binoculars,97,boss,1,binoculars01b.jpg,1,,,,,,
birdie.jpg,birdie,38,boss,1,birdie.jpg,1,,,,,,
blackberry.jpg,blackberry,70,boss,1,blackberry.jpg,1,,,,,,
blueberry.jpg,blueberry,94,boss,1,blueberry01.jpg,1,,,,,,
book.jpg,book,90,boss,1,book01b.jpg,1,,,,,,
boot.jpg,boot,82,boss,1,boot02b.jpg,1,,,,,,
bottlecap.jpg,bottlecap,86,boss,1,bottlecap.jpg,1,,,,,,
bottleopener.jpg,bottleopener,69,boss,1,bottleopener01.jpg,1,,,,,,
bowl.jpg,bowl,85,boss,1,bowl01.jpg,1,bowl02a also existed,,,,,
boxcuttera.jpg,exactoknife,41,boss,1,boxcutter03a.jpg,1,,,,,,
bracket.jpg,bracket,28,boss,0,?,0,,,,,,
branch.jpg,branch,40,boss,1,branch02.jpg,1,,,,,,
brick.jpg,brick,100,boss,1,brick.jpg,1,,,,,,
broccoli.jpg,broccoli,97,boss,1,broccoli01a.jpg,1,,,,,,
brooch.jpg,brooch,52,boss,1,brooch.jpg,1,,,,,,
broom.jpg,broom,94,boss,1,broom01.jpg,1,,,,,,
brushb.jpg,brush,64,boss,0,?,0,,,,,,
brusselssprout.jpg,brusselssprout,31,boss,1,brusselssprout.jpg,1,,,,,,
bubbleblower.jpg,bubbles,23,boss,1,bubbleblower.jpg,1,,,,,,
bucket.jpg,bucket,58,boss,1,bucket01a.jpg,1,,,,,,
bungeecord.jpg,bungeecord,48,boss,1,bungeecord02.jpg,1,,,,,,
butterdish.jpg,butterdish,52,boss,1,butterdish.jpg,1,,,,,,
button.jpg,button,100,boss,1,button01.jpg,1,,,,,,
cabbage.jpg,cabbage,76,boss,1,cabbage.jpg,1,,,,,,
cable.jpg,cable,28,boss,0,?,0,,,,,,
calculator.jpg,calculator,100,boss,1,calculator01.jpg,1,,,,,,
camera.jpg,camera,82,boss,1,camera01a.jpg,1,,,,,,
cameracase.jpg,cameracase,26,boss,1,cameracase01a.jpg,1,,,,,,
candle.jpg,candle,100,boss,1,candle01.jpg,1,candle08b also existed,,,,,
candleholder.jpg,candleholder,54,boss,1,candleholder01.jpg,1,,,,,,
candy.jpg,candy,95,boss,1,candy.jpg,1,,,,,,
cane.jpg,cane,71,boss,1,cane.jpg,1,,,,,,
cantaloupe.jpg,cantaloupe,58,boss,1,cantaloupe01.jpg,1,,,,,,
carkeys.jpg,carkeys,66,boss,1,carkey.jpg,1,,,,,,
carrot.jpg,carrot,97,boss,1,carrot01.jpg,1,,,,,,
cassettetape.jpg,cassettetape,35,boss,1,cassettetape01a.jpg,1,,,,,,
cauliflower.jpg,cauliflower,95,boss,1,cauliflower01.jpg,1,,,,,,
caulking.jpg,caulking,46,boss,1,caulking.jpg,1,,,,,,
cd.jpg,cd,92,boss,1,cd.jpg,1,,,,,,
celery.jpg,celery,100,boss,1,celery.jpg,1,,,,,,
cellphone.jpg,cellphone,85,boss,1,cellphone.jpg,1,,,,,,
chalk.jpg,chalk,100,boss,1,cellphone.jpg,1,,,,,,
chalkboard.jpg,chalkboard,35,boss,1,chalkboard01.jpg,1,,,,,,
champagne.jpg,champagne,41,boss,1,champagne.jpg,1,,,,,,
cherries.jpg,cherries,100,boss,1,cherry01.jpg,1,,,,,,
chessboard.jpg,chessboard,34,boss,1,chessboard.jpg,1,,,,,,
chisel.jpg,chisel,53,boss,1,chisel02b.jpg,1,,,,,,
christmasball.jpg,christmasball,37,boss,1,christmasball.jpg,1,,,,,,
cigarette.jpg,cigarette,95,boss,1,cigarette.jpg,1,,,,,,
circuitboard.jpg,motherboard,26,boss,0,?,0,,,,,,
clipboard.jpg,clipboard,79,boss,1,clipboard.jpg,1,,,,,,
clock.jpg,clock,92,boss,1,clock04.jpg,1,clock04a also existed,,,,,
coconut.jpg,coconut,89,boss,1,coconut.jpg,1,,,,,,
coffeebeans.jpg,coffeebeans,79,boss,1,coffeebean.jpg,1,,,,,,
coffeepota.jpg,coffeepot,50,boss,1,coffeepot03a.jpg,1,,,,,,
coins.jpg,coins,62,boss,1,coin01b.jpg,1,,,,,,
comb.jpg,comb,87,boss,1,comb02a.jpg,1,,,,,,
compactpowder.jpg,compact,26,boss,1,compactpowder.jpg,1,,,,,,
condom.jpg,condom,100,boss,1,condom.jpg,1,,,,,,
cookiecutter.jpg,cookiecutter,71,boss,1,cookiecutter.jpg,1,,,,,,
cooler.jpg,cooler,63,boss,1,cooler01.jpg,1,,,,,,
cottonpad.jpg,cottonpad,31,boss,1,cottonpad.jpg,1,,,,,,
cracker.jpg,cracker,72,boss,1,cracker02.jpg,1,,,,,,
crayon.jpg,crayon,82,boss,1,crayon.jpg,1,,,,,,
croissant.jpg,croissant,89,boss,1,croissant01.jpg,1,,,,,,
cuttingboard.jpg,cuttingboard,48,boss,1,cuttingboard.jpg,1,,,,,,
dentalflossb.jpg,dentalfloss,50,boss,1,dentalfloss03b.jpg,1,,,,,,
deodorant.jpg,deodorant,86,boss,1,deodorant02a.jpg,1,,,,,,
dicea.jpg,dice,97,boss,1,dice05a.jpg,1,,,,,,
dishsoap.jpg,dishsoap,42,boss,1,dishsoap.jpg,1,,,,,,
diskette.jpg,floppydisk,30,boss,1,floppydisk02a.jpg,1,,,,,,
divider.jpg,divider,28,boss,1,divider02.jpg,1,,,,,,
doll.jpg,doll,78,boss,1,doll.jpg,1,,,,,,
drillbita.jpg,drillbit,66,boss,1,drillbit03a.jpg,1,,,,,,
dropper.jpg,dropper,72,boss,1,dropper01.jpg,1,,,,,,
dustpan.jpg,dustpan,82,boss,1,dustpan.jpg,1,,,,,,
earrings.jpg,earrings,100,boss,1,earring01.jpg,1,,,,,,
electricrazor.jpg,electricrazor,47,boss,1,electricrazor.jpg,1,,,,,,
endive.jpg,endive,57,boss,1,endive.jpg,1,,,,,,
englishmuffin.jpg,englishmuffin,53,boss,1,englishmuffin.jpg,1,,,,,,
envelopea.jpg,envelope,100,boss,1,envelope03a.jpg,1,,,,,,
eraser.jpg,eraser,92,boss,1,eraser.jpg,1,,,,,,
exercisebench.jpg,exercisebench,27,boss,1,exercisebench.jpg,1,,,,,,
extensioncord.jpg,extensioncord,43,boss,1,extensioncord.jpg,1,,,,,,
eyedrops.jpg,eyedrops,23,boss,1,eyedrops.jpg,1,,,,,,
fan.jpg,fan,89,boss,1,fan.jpg,1,,,,,,
feathera.jpg,feather,100,boss,1,feather03a.jpg,1,,,,,,
filmroll.jpg,film,46,boss,1,filmroll.jpg,1,,,,,,
fireextinguisher.jpg,fireextinguisher,67,boss,1,fireextinguisher01.jpg,1,,,,,,
fishinghook.jpg,fishinghook,50,boss,1,fishinghook03.jpg,1,,,,,,
flashlight.jpg,flashlight,75,boss,1,flashlight02b.jpg,1,,,,,,
flyswatter.jpg,flyswatter,90,boss,1,flyswatter.jpg,1,,,,,,
fonduefork.jpg,fonduefork,25,boss,1,fonduefork01.jpg,1,,,,,,
forkc.jpg,fork,97,boss,1,fork07b.jpg,1,fork03c also existed,,,,,
gamepiece.jpg,gamepiece,22,boss,1,gamepiece.jpg,1,,,,,,
garlic.jpg,garlic,87,boss,1,garlic01a.jpg,1,,,,,,
garlicpress.jpg,garlicpress,57,boss,1,garlicpress02a.jpg,1,,,,,,
giftbag.jpg,giftbag,39,boss,1,giftbag01a.jpg,1,,,,,,
ginger.jpg,ginger,89,boss,1,ginger.jpg,1,,,,,,
glass.jpg,plasticcup,27,boss,1,glass02a.jpg,1,,,,,,
gluestick.jpg,gluestick,58,boss,1,gluestick.jpg,1,,,,,,
gluetube.jpg,glue,38,boss,1,gluetube.jpg,1,,,,,,
grater.jpg,grater,52,boss,1,grater01a.jpg,1,,,,,,
greenbeans.jpg,greenbeans,26,boss,0,?,0,,,,,,
greenonion.jpg,greenonion,46,boss,1,greenonion.jpg,1,,,,,,
gum.jpg,gum,44,boss,0,?,0,,,,,,
hairband.jpg,hairband,52,boss,1,hairband.jpg,1,,,,,,
hairclip.jpg,hairclip,70,boss,1,hairclip02.jpg,1,hairclip03 also existed,,,,,
hairclipper.jpg,hairclipper,22,boss,1,hairclipper.jpg,1,,,,,,
hairdryer.jpg,hairdryer,68,boss,1,hairdryer02a.jpg,1,,,,,,
hairpin.jpg,hairpin,43,boss,1,hairpin.jpg,1,,,,,,
hammer.jpg,hammer,100,boss,1,hammer01.jpg,1,,,,,,
hanger.jpg,hanger,78,boss,1,hanger02a.jpg,1,,,,,,
headphones.jpg,headphones,71,boss,1,headphones02b.jpg,1,,,,,,
holepunch.jpg,holepunch,55,boss,0,?,0,,,,,,
holepunch.jpg,holepuncher,29,boss,0,?,0,duplicate of above,,,,,
honeydewmelon.jpg,melon,67,boss,1,honeydewmelon.jpg,1,,,,,,
hosenozzle.jpg,hosenozzle,46,boss,1,hosenozzle.jpg,1,,,,,,
hourglass.jpg,hourglass,41,boss,1,hourglass.jpg,1,,,,,,
icecubetray.jpg,icecubetray,55,boss,1,icecubetray01a.jpg,1,,,,,,
icepack.jpg,icepack,74,boss,1,icepack.jpg,1,,,,,,
iron.jpg,iron,92,boss,1,iron01b.jpg,1,,,,,,
jewelrybox.jpg,jewelrybox,39,boss,1,jewelrybox01b.jpg,1,,,,,,
kettle.jpg,kettle,68,boss,1,kettle01.jpg,1,,,,,,
key.jpg,key,97,boss,1,key01.jpg,1,,,,,,
keyboard.jpg,keyboard,89,boss,1,computerkeyboard02.jpg,1,used computer keyboard as keyboard did not show up,,,,,
keychain.jpg,keychain,50,boss,1,keychain.jpg,1,,,,,,
kleenexbox.jpg,kleenexbox,26,boss,1,tissuebox01b.jpg,1,used generic term for Kleenex (tissue) as Kleenex did not show up,,,,,
knife.jpg,knife,87,boss,0,?,0,,,,,,
lampa.jpg,lamp,92,boss,1,lamp04a.jpg,1,,,,,,
laptop.jpg,laptop,74,boss,0,?,0,,,,,,
leaf.jpg,leaf,97,boss,1,leaf02a.jpg,1,,,,,,
legob.jpg,lego,30,boss,0,?,0,,,,,,
lemon.jpg,lemon,100,boss,1,lemon02.jpg,1,,,,,,
levela.jpg,level,74,boss,1,level03a.jpg,1,,,,,,
lifejacket.jpg,lifejacket,68,boss,1,lifejacket.jpg,1,,,,,,
lighter.jpg,lighter,95,boss,1,lighter01.jpg,1,,,,,,
lime.jpg,lime,81,boss,1,lime.jpg,1,,,,,,
lintbrush.jpg,lintbrush,56,boss,1,lintbrush.jpg,1,,,,,,
lipstick.jpg,lipstick,97,boss,1,lipstick02a.jpg,1,,,,,,
log.jpg,log,36,boss,1,log.jpg,1,,,,,,
lunchbox.jpg,lunchbox,51,boss,1,lunchbox.jpg,1,,,,,,
magnifyingglass.jpg,magnifyingglass,82,boss,1,magnifyingglass01b.jpg,1,,,,,,
makeupbrush.jpg,makeupbrush,45,boss,1,makeupbrush04.jpg,1,,,,,,
mango.jpg,mango,59,boss,1,mango01.jpg,1,,,,,,
manshoe.jpg,shoe,77,boss,1,manshoe.jpg,1,,,,,,
marker.jpg,marker,82,boss,1,marker01a.jpg,1,,,,,,
mascarabrush.jpg,mascarabrush,26,boss,1,mascarabrush.jpg,1,,,,,,
measuringcup.jpg,measuringcup,95,boss,1,measuringcup01.jpg,1,,,,,,
measuringtape.jpg,measuringtape,78,boss,1,measuringtape01.jpg,1,,,,,,
melbatoast.jpg,melbatoast,43,boss,1,melbatoast.jpg,1,,,,,,
metronome.jpg,metronome,62,boss,1,metronome.jpg,1,,,,,,
microscope.jpg,microscope,97,boss,1,microscope.jpg,1,,,,,,
milkcontainer.jpg,milkcontainer,27,boss,1,milkcontainer.jpg,1,,,,,,
mitten.jpg,mitten,67,boss,1,mitten04.jpg,1,,,,,,
moccasin.jpg,moccasin,46,boss,1,moccasin.jpg,1,,,,,,
monitor.jpg,monitor,45,boss,1,monitor.jpg,1,,,,,,
mousetrap.jpg,mousetrap,94,boss,1,mousetrap.jpg,1,,,,,,
muffintin.jpg,muffintin,23,boss,1,muffintray02.jpg,1,only muffitray existed; there were no other values under muffin,,,,,
mushroom.jpg,mushroom,100,boss,1,mushroom01.jpg,1,,,,,,
nail.jpg,nail,78,boss,1,nail.jpg,1,,,,,,
nailclipperb.jpg,nailclipper,86,boss,1,nailclipper03b.jpg,1,,,,,,
nailpolishb.jpg,nailpolish,81,boss,1,nailpolish03b.jpg,1,,,,,,
notebooka.jpg,notebook,61,boss,1,notebook03a.jpg,1,,,,,,
number3.jpg,number3,20,boss,1,number3.jpg,1,,,,,,
nutcraker.jpg,nutcracker,93,boss,1,nutcracker01.jpg,1,,,,,,
olive.jpg,olive,89,boss,1,greenolive.jpg,1,only greenolive value existed; no other results returned for olive query,,,,,
onion.jpg,onion,100,boss,1,onion.jpg,1,,,,,,
orange.jpg,orange,100,boss,1,orange.jpg,1,,,,,,
orangejuice.jpg,orangejuice,33,boss,1,orangejuice.jpg,1,,,,,,
overalls.jpg,overalls,38,boss,1,overalls.jpg,1,,,,,,
pacifier.jpg,pacifier,37,boss,1,pacifier02d.jpg,1,,,,,,
paintbrush.jpg,paintbrush,92,boss,1,paintbrush01.jpg,1,,,,,,
paintcan.jpg,paintcan,59,boss,1,paintcan01.jpg,1,,,,,,
paintroller.jpg,paintroller,77,boss,1,paintroller01.jpg,1,,,,,,
painttray.jpg,painttray,39,boss,1,painttray.jpg,1,,,,,,
papertowel.jpg,papertowel,39,boss,1,papertowel.jpg,1,,,,,,
partyhat.jpg,partyhat,73,boss,1,partyhat.jpg,1,,,,,,
pastaa.jpg,pasta,62,boss,0,?,0,,,,,,
pda.jpg,pda,26,boss,1,pda.jpg,1,,,,,,
pear.jpg,pear,100,boss,1,pear01.jpg,1,,,,,,
pen.jpg,pen,90,boss,1,pen04b.jpg,1,,,,,,
pencilcase.jpg,pencilcase,72,boss,1,pencilcase01.jpg,1,,,,,,
peppera.jpg,redpepper,45,boss,1,pepper04a.jpg,1,,,,,,
peppermill.jpg,peppermill,39,boss,0,?,0,,,,,,
perfume.jpg,perfume,54,boss,1,perfume01a.jpg,1,,,,,,
petcarrier.jpg,animalcage,22,boss,1,petcarrier.jpg,1,,,,,,
pickle.jpg,pickle,66,boss,1,pickle01a.jpg,1,,,,,,
pictureframe.jpg,pictureframe,71,boss,1,pictureframe04.jpg,1,,,,,,
pill.jpg,pill,72,boss,1,pill.jpg,1,,,,,,
pillbottle.jpg,pills,59,boss,1,pillbottle.jpg,1,,,,,,
pillow.jpg,pillow,84,boss,1,pillow01a.jpg,1,,,,,,
pineapple.jpg,pineapple,100,boss,1,pineapple01a.jpg,1,,,,,,
pinecone.jpg,pinecone,53,boss,1,pinecone01.jpg,1,,,,,,
pingpongracket.jpg,pingpongracket,38,boss,1,pingpongpaddle01a.jpg,1,paddle and racket were assumed to be the same,,,,,
pitabread.jpg,pitabread,68,boss,1,pitabread.jpg,1,,,,,,
plant.jpg,plant,84,boss,1,plant01.jpg,1,,,,,,
plate.jpg,plate,92,boss,1,plate01b.jpg,1,,,,,,
playingcard.jpg,playingcard,59,boss,1,playingcard.jpg,1,,,,,,x
plugs.jpg,plugs,34,boss,0,?,0,,,,,,
plum.jpg,plum,86,boss,1,plum01.jpg,1,,,,,,
plunger.jpg,plunger,84,boss,1,plunger02.jpg,1,,,,,,
potato.jpg,potato,100,boss,1,potato02b.jpg,1,,,,,,
potatomasherb.jpg,potatomasher,47,boss,1,potatomasher03b.jpg,1,,,,,,
powercable.jpg,cables,24,boss,1,powercable.jpg,1,,,,,,
printer.jpg,printer,87,boss,1,printer02.jpg,1,,,,,,
propanetank.jpg,propanetank,45,boss,1,propanetank01.jpg,1,,,,,,
protractor.jpg,protractor,46,boss,1,protractor.jpg,1,,,,,,
puzzlepiece.jpg,puzzlepiece,76,boss,1,puzzlepiece.jpg,1,,,,,,
pylon.jpg,pylon,45,boss,1,pylon01.jpg,1,,,,,,
qtip.jpg,qtip,72,boss,1,qtip.jpg,1,,,,,,
raisins.jpg,raisins,74,boss,0,?,0,already existed within the compiled list,,,,,
rasberry.jpg,rasberry,86,boss,1,raspberry01.jpg,1,,,,,,
rearviewmirror.jpg,rearviewmirror,42,boss,1,rearviewmirror.jpg,1,,,,,,
reflector.jpg,reflector,26,boss,1,reflector.jpg,1,,,,,,
relish.jpg,relish,61,boss,1,relish.jpg,1,,,,,,
remotecontrol.jpg,remotecontrol,64,boss,1,remotecontrol04.jpg,1,,,,,,
ribbon.jpg,ribbon,77,boss,1,ribbon03a.jpg,1,,,,,,
ribbona.jpg,lace,54,boss,0,?,0,,,,,,
rice.jpg,rice,92,boss,1,rice.jpg,1,,,,,,
ring.jpg,ring,100,boss,1,ring01.jpg,1,,,,,,
rock.jpg,rock,64,boss,1,rock01a.jpg,1,,,,,,
rope.jpg,rope,86,boss,1,rope03.jpg,1,,,,,,
rubberband.jpg,rubberband,38,boss,1,rubberband01.jpg,1,,,,,,
ruler.jpg,ruler,100,boss,1,ruler04.jpg,1,,,,,,
sand.jpg,sand,43,boss,1,sand.jpg,1,,,,,,
sandal.jpg,sandal,92,boss,1,sandal.jpg,1,,,,,,
saw.jpg,saw,89,boss,1,saw02b.jpg,1,,,,,,
scale.jpg,scale,84,boss,1,scale01a.jpg,1,,,,,,
scarf.jpg,scarf,95,boss,1,scarf.jpg,1,,,,,,
scissors.jpg,scissors,100,boss,1,scissors01.jpg,1,,,,,,
scotchtape.jpg,scotchtape,43,boss,1,scotchtape.jpg,1,,,,,,
screw.jpg,screw,100,boss,1,screw02.jpg,1,,,,,,
screwdriver.jpg,screwdriver,95,boss,1,screwdriver04b.jpg,1,,,,,,
seashell.jpg,seashell,50,boss,1,seashell01.jpg,1,,,,,,
shoelace.jpg,shoelace,86,boss,1,shoelace.jpg,1,,,,,,
shorts.jpg,shorts,74,boss,1,shorts01.jpg,1,,,,,,
snowpeas.jpg,snowpeas,35,boss,1,snowpea01.jpg,1,,,,,,
soapa.jpg,soap,79,boss,1,soap03a.jpg,1,,,,,,
soapdispenser.jpg,soapdispenser,34,boss,1,soapdispenser01.jpg,1,,,,,,
sock.jpg,sock,87,boss,1,sock01a.jpg,1,,,,,,
soil.jpg,dirt,39,boss,1,soil.jpg,1,,,,,,
speaker.jpg,speaker,87,boss,1,speaker04.jpg,1,,,,,,
sponge.jpg,sponge,90,boss,1,sponge01.jpg,1,,,,,,
spoon.jpg,spoon,92,boss,1,spoon01.jpg,1,,,,,,
sportbag.jpg,bag,56,boss,1,sportbag.jpg,1,,,,,,
spraybottle.jpg,spraybottle,61,boss,1,spraybottle01.jpg,1,,,,,,
spraycan.jpg,spraycan,30,boss,1,spraycan.jpg,1,,,,,,
squeegee.jpg,squeegee,59,boss,1,squeegee01b.jpg,1,,,,,,
stackingrings.jpg,toy,43,boss,1,stackingring01a.jpg,1,,,,,,
staplera.jpg,stapler,95,boss,1,stapler03a.jpg,1,,,,,,
stapleremover.jpg,stapleremover,81,boss,1,stapleremover.jpg,1,,,,,,
staples.jpg,staples,97,boss,1,staple.jpg,1,,,,,,
starfish.jpg,starfish,74,boss,1,starfish01.jpg,1,,,,,,
straw.jpg,straw,83,boss,1,straw.jpg,1,,,,,,
strawbasket.jpg,basket,81,boss,1,strawbasket01.jpg,1,,,,,,
strawberry.jpg,strawberry,100,boss,1,strawberry.jpg,1,,,,,,
styrofoamcup.jpg,styrofoamcup,47,boss,1,styrofoamcup.jpg,1,,,,,,
sunglasses.jpg,sunglasses,90,boss,1,sunglasses04.jpg,1,,,,,,
swimgoggles.jpg,goggles,62,boss,1,swimgoggles.jg,1,,,,,,
syringe.jpg,syringe,61,boss,1,syringe02.jpg,1,syringe01 also exists,,,,,
tampon.jpg,tampon,94,boss,1,tampon.jpg,1,,,,,,
teabag.jpg,teabag,95,boss,1,teabag.jpg,1,,,,,,
teddybear.jpg,teddybear,72,boss,0,?,0,,,,,,
telephone.jpg,telephone,51,boss,1,telephone01b.jpg,1,,,,,,
tennisball.jpg,tennisball,95,boss,1,tennisball01b.jpg,1,,,,,,
thermometer.jpg,thermometer,97,boss,1,thermometer02b.jpg,1,,,,,,
thread.jpg,thread,65,boss,1,thread02.jpg,1,,,,,,
thumbtack.jpg,thumbtack,39,boss,1,thumbtack02a.jpg,1,,,,,,
tile.jpg,tile,91,boss,0,?,0,,,,,,
toast.jpg,toast,74,boss,1,toast.jpg,1,,,,,,
toaster.jpg,toaster,97,boss,1,toaster01.jpg,1,,,,,,
toiletpaper.jpg,toiletpaper,92,boss,1,toiletpaper01a.jpg,1,,,,,,
tomato.jpg,tomato,100,boss,1,tomato01.jpg,1,,,,,,
tomatojuice.jpg,tomatojuice,42,boss,1,tomatojuice.jpg,1,,,,,,
tongs.jpg,tongs,79,boss,1,tongs01b.jpg,1,,,,,,
toothbrushb.jpg,toothbrush,100,boss,1,toothbrush03b.jpg,1,,,,,,
toothpaste.jpg,toothpaste,57,boss,1,toothpastetube.jpg,1,,,,,,
toothpick.jpg,toothpick,81,boss,1,toothpick02.jpg,1,,,,,,
tortilla.jpg,tortilla,30,boss,1,tortilla.jpg,1,,,,,,
towel.jpg,towel,34,boss,1,towel01.jpg,1,towel04a,,,,,
toycow.jpg,toycow,55,boss,1,toyanimal02.jpg,1,toyanimal01/03/04 also exist,,,,,
toydinosaur.jpg,toydinosaur,55,boss,1,toydinosaur.jpg,1,,,,,,
toytank.jpg,toytank,50,boss,1,toytank.jpg,1,,,,,,
tray.jpg,tray,48,boss,1,tray.jpg,1,,,,,,
tshirt.jpg,tshirt,82,boss,1,tshirt.jpg,1,,,,,,
tube.jpg,tube,52,boss,1,tube.jpg,1,,,,,,
tupperwarea.jpg,tupperware,56,boss,1,tupperware03a.jpg,1,,,,,,
tuquea.jpg,tuque,39,boss,1,tuque03a.jpg,1,,,,,,
umbrella.jpg,umbrella,100,boss,1,umbrella04.jpg,1,,,,,,
usbkey.jpg,usbkey,22,boss,1,usbkey.jpg,1,,,,,,
vase.jpg,vase,84,boss,1,vase02.jpg,1,vase01/03 also exist,,,,,
vhstape.jpg,vhstape,26,boss,1,vhstape.jpg,1,,,,,,
videocamera.jpg,videocamera,42,boss,1,videocamera01a.jpg,1,,,,,,
violin.jpg,violin,97,boss,1,violin.jpg,1,,,,,,
visegrippliers.jpg,visegrip,29,boss,0,?,0,,,,,,
walkman.jpg,walkman,49,boss,1,walkman.jpg,1,,,,,,
waterbottle.jpg,waterbottle,72,boss,1,waterbottle01b.jpg,1,waterbottle03 also exists,,,,,
weight.jpg,weight,54,boss,1,weight01.jpg,1,,,,,,
wheel.jpg,wheel,82,boss,1,wheel01.jpg,1,,,,,,
whisk.jpg,whisk,71,boss,1,whisk.jpg,1,,,,,,
winebottle.jpg,winebottle,68,boss,0,?,0,,,,,,
wineglass.jpg,wineglass,59,boss,1,wineglass01.jpg,1,,,,,,
winerack.jpg,winerack,58,boss,0,winerack.jpg,1,,,,,,
wire.jpg,wire,44,boss,1,wire.jpg,1,,,,,,
wood.jpg,wood,33,boss,1,woodboard.jpg,1,only wood did not exist; woodboard existed,,,,,
woodenspoon.jpg,woodenspoon,54,boss,1,woodenspoon.jpg,1,,,,,,
workingglove.jpg,glove,64,boss,0,?,0,,,,,,
yarn.jpg,yarn,41,boss,1,yarn.jpg,1,,,,,,
ziplocbag.jpg,plasticbag,33,boss,1,ziplocbag.jpg,1,,,,,,
zucchini.jpg,zucchini,79,boss,1,zucchini01.jpg,1,,,,,,
8ball,8ball,49,brodeur,1,8ball.jpg,1,all of the following were in the folder labeled 'boss' but the 'boss' values could not be found,,,,,
accordion,accordion,97,brodeur,1,accordion.jpg,1,,,,,,
accousticguitar,guitar,71,brodeur,1,acousticguitar02.jpg,1,,,,,,
ace,aceofdiamond,26,brodeur,1,aceofdiamond.jpg,1,,,,,,
acorn,acorn,79,brodeur,1,acorn.jpg,1,,,,,,
addressplaque,address,18,brodeur,1,addressplate.jpg,1,,,,,,
africanelephant,elephant,95,brodeur,1,africanelephant.jpg,1,,,,,,
airconditioner,airconditioner,53,brodeur,1,airconditioner.jpg,1,,,,,,
airgrating,vent,50,brodeur,1,airvent.jpg,1,,,,,,
airhockeytable,airhockeytable,79,brodeur,1,airhockeytable.jpg,1,,,,,,
alarmsystem,alarmsystem,21,brodeur,1,alarmsystem.jpg,1,,,,,,
aluminiumfoil,aluminumfoil,46,brodeur,1,aluminumfoil,1,,,,,,
anchor,anchor,93,brodeur,1,anchor.jpg,1,,,,,,
angelstatue,angelstatue,41,brodeur,1,angelstatue.jpg,1,,,,,,
antelope,antelope,32,brodeur,1,antelope.jpg,1,,,,,,
antlers,antlers,73,brodeur,1,antlers.jpg,1,,,,,,
applesauce,applesaucejar,26,brodeur,0,?,0,,,,,,
apron,apron,95,brodeur,1,apron.jpg,1,,,,,,
aquarium,aquarium,57,brodeur,1,aquarium.jpg,1,,,,,,
armadillo,armadillo,88,brodeur,1,armadillo.jpg,1,,,,,,
atm,atm,48,brodeur,1,atm.jpg,1,,,,,,
awning,awning,59,brodeur,1,awning.jpg,1,,,,,,
backfloatie,floatationdeviceforchild,11,brodeur,1,backfloat.jpg,1,,,,,,
bacon,bacon,77,brodeur,1,bacon.jpg,1,,,,,,
badge,nametag,33,brodeur,1,nametag01a.jpg,1,nametag01b also existed,,,,,
badger,badger,54,brodeur,1,badger.jpg,1,,,,,,
badmintonracket,badmintonracket,76,brodeur,1,badmintonracket.jpg,1,,,,,,
ballofstring,string,31,brodeur,1,ballofstring.jpg,1,,,,,,
banjo,banjo,95,brodeur,1,banjo.jpg,1,,,,,,
barbwire,barbedwire,68,brodeur,0,?,0,,,,,,
barchime,chimes,67,brodeur,1,chime.jpg,1,,,,,,
barn,barn,71,brodeur,1,barn.jpg,1,,,,,,
baseballbat,baseballbat,81,brodeur,1,baseballbat.jpg,1,,,,,,
baseballglove,baseballglove,62,brodeur,1,baseballglove.jpg,1,,,,,,
baseboard,molding,20,brodeur,1,baseboard.jpg,1,,,,,,
basketball,basketball,95,brodeur,1,basketball01.jpg,1,basketball02 also existed,,,,,
basketballnet,basketballhoop,38,brodeur,1,basketballhoop01.jpg,1,,,,,,
battleship,battleship,38,brodeur,1,battleship.jpg,1,,,,,,
bazooka,bazooka,35,brodeur,1,bazooka.jpg,1,,,,,,
bbq,barbecue,36,brodeur,1,barbecue03.jpg,1,,,,,,
beachpaddle,pingpongpaddle,31,brodeur,1,beachpaddle01a.jpg,1,beachpaddle01a (1) and beachpaddle01b also existed,,,,,
beaconbuoy,buoy,62,brodeur,1,buoy.jpg,1,,,,,,
beaver,beaver,100,brodeur,1,beaver.jpg,1,,,,,,
bed,bed,81,brodeur,1,bed.jpg,1,,,,,,
beehive,beehive,63,brodeur,1,beehive.jpg,1,,,,,,
beerbottle,beerbottle,88,brodeur,1,beerbottle.jpg,1,,,,,,
belltower,churchtower,21,brodeur,1,belltower01.jpg,1,belltower02 also existed,,,,,
beluga,belugawhale,51,brodeur,1,belugawhale.jpg,1,,,,,,
bench,bench,76,brodeur,1,bench01.jpg,1,bench02 also existed,,,,,
beret,beret,54,brodeur,1,beret01.jpg,1,,,,,,
bicycle,bike,43,brodeur,1,bicycle.jpg,1,,,,,,
bicyclelock,bikelock,57,brodeur,1,bikelock.jpg,1,,,,,,
bicyclepump,airpump,37,brodeur,1,bikepump01.jpg,1,bikepump02 also existed,,,,,
bicyclerack,bikerack,19,brodeur,1,bikerack.jpg,1,,,,,,
bicyclewheel,bikewheel,26,brodeur,1,bikewheel.jpg,1,,,,,,
birdfeeder,birdfeeder,82,brodeur,1,birdfeeder.jpg,1,,,,,,
birdhouse,birdhouse,93,brodeur,1,birdhouse.jpg,1,,,,,,
birdseeds,birdfood,19,brodeur,1,birdseed.jpg,1,,,,,,
bison,buffalo,64,brodeur,1,bison.jpg,1,,,,,,
blackolives,olives,60,brodeur,1,blackolive.jpg,1,,,,,,
bleachers,bleachers,70,brodeur,1,bleachers.jpg,1,,,,,,
blender,blender,93,brodeur,1,blender.jpg,1,,,,,,
bluecheese,bluecheese,54,brodeur,1,bluecheese.jpg,1,,,,,,
bluejay,bluejay,78,brodeur,1,bluejay.jpg,1,,,,,,
boatmotor,boatmotor,36,brodeur,1,boatmotor.jpg,1,,,,,,
bolt,bolt,57,brodeur,0,?,0,,,,,,
boogieboard,boogieboard,43,brodeur,1,boogieboard.jpg,1,,,,,,
bookshelf,bookshelf,57,brodeur,1,bookshelf.jpg,1,,,,,,
boomlift,cherrypicker,38,brodeur,1,cherrypicker.jpg,1,,,,,,
boostercables,jumpercables,46,brodeur,1,jumpercables.jpg,1,,,,,,
bootpolish,shoepolish,26,brodeur,1,shoepolish.jpg,1,,,,,,
bottleship,shipinabottle,71,brodeur,1,shipinabottle.jpg,1,,,,,,
bowlingball,bowlingball,100,brodeur,1,bowlingball.jpg,1,,,,,,
bowlingpin,bowlingpin,100,brodeur,1,bowlingpin.jpg,1,,,,,,
bowlofcereal,cereal,44,brodeur,1,bowlofcereal.jpg,1,,,,,,
bowtie,bowtie,88,brodeur,1,bowtie.jpg,1,,,,,,
boxingglove,boxingglove,76,brodeur,1,boxingglove01.jpg,1,boxingglove02a/b also exist,,,,,
bracken,fern,53,brodeur,1,fern.jpg,1,,,,,,
brasslipstrike,doorboltplate,11,brodeur,1,brasslipstrike.jpg,1,,,,,,
bread,bread,63,brodeur,1,bread.jpg,1,breadslice also existed,,,,,
bridge,bridge,90,brodeur,1,bridge.jpg,1,,,,,,
bridgestick,poolrake,11,brodeur,1,bridgestick.jpg,1,,,,,,
brownsugar,brownsugar,86,brodeur,1,brownsugar.jpg,1,,,,,,
buddhastatue,buddha,45,brodeur,1,buddhastatue.jpg,1,,,,,,
buffaloskull,bullskull,42,brodeur,1,buffaloskull.jpg,1,,,,,,
bull,bull,88,brodeur,1,bull.jpg,1,,,,,,
bulldozer,bulldozer,49,brodeur,1,bulldozer.jpg,1,,,,,,
bullet,bullet,93,brodeur,1,bullet.jpg,1,bullet(1) and (2) also exist,,,,,
bulletbelt,bullets,53,brodeur,1,bulletbelt.jpg,1,,,,,,
bumpercar,bumpercar,90,brodeur,1,bumpercar.jpg,1,,,,,,
bundleofkeys,keys,81,brodeur,0,?,0,,,,,,
busshelter,busshelter,41,brodeur,1,busshelter.jpg,1,,,,,,
bust,bust,33,brodeur,1,bust.jpg,1,,,,,,
butterknife,butterknife,41,brodeur,1,butterknife.jpg,1,,,,,,
cabasa,shaker,33,brodeur,1,cabasa.jpg,1,,,,,,
cactus,cactus,93,brodeur,1,cactus.jpg,1,,,,,,
cakeplatter,cakeplatter,12,brodeur,1,cakeplatter.jpg,1,,,,,,
calendar,calendar,86,brodeur,1,calendar.jpg,1,,,,,,
callbell,bell,80,brodeur,1,callbell.jpg,1,,,,,,
campfire,fire,38,brodeur,1,campfire.jpg,1,,,,,,
candelabra,candelabra,37,brodeur,1,candelabra.jpg,1,,,,,,
candycane,candycane,98,brodeur,1,candycane01a.jpg,1,candycane01b also exists,,,,,
candydispenser,candydispenser,38,brodeur,1,candydispenser.jpg,1,,,,,,
cannedfood,sardinecan,35,brodeur,1,sardinecan.jpg,1,,,,,,
canoepaddle,paddle,59,brodeur,1,canoepaddle02.jpg,1,canoepaddle01 also exists,,,,,
carbattery,carbattery,67,brodeur,1,carbatter.jpg,1,,,,,,
carjack,carjack,38,brodeur,1,carjack.jpg,1,,,,,,
carlighter,carlighter,45,brodeur,1,carlighter02.jpg,1,,,,,,
carmat,carmat,39,brodeur,1,carmat.jpg,1,,,,,,
carradioantenna,antennaforacar,33,brodeur,1,carantenna.jpg,1,,,,,,
cartonofeggs,eggcarton,45,brodeur,1,cartonofeggs.jpg,1,,,,,,
casabamelon,squash,42,brodeur,1,casabamelon.jpg,1,,,,,,
cashregister,cashregister,93,brodeur,1,cashregister01.jpg,1,,,,,,
cat,cat,88,brodeur,1,cat.jpg,1,,,,,,
catchermask,catchersmask,16,brodeur,1,catchermask.jpg,1,catchermask (1) also exists,,,,,
catlitter,litterbox,28,brodeur,1,litterbox.jpg,1,,,,,,
cautionsign,wetfloorsign,18,brodeur,1,wetfloorsign.jpg,1,,,,,,
ceilingfan,ceilingfan,71,brodeur,1,ceilingfan02.jpg,1,celiningfan01 also exists,,,,,
ceilinglamp,chandelier,33,brodeur,1,chandelier.jpg,1,chandelier (1) also exists,,,,,
cello,cello,63,brodeur,1,cello.jpg,1,,,,,,
cementmixertruck,cementtruck,40,brodeur,1,cementtruck.jpg,1,,,,,,
chainsaw,chainsaw,77,brodeur,1,chainsaw.jpg,1,,,,,,
chair,chair,88,brodeur,1,chair.jpg,1,,,,,,
chameleon,chameleon,42,brodeur,1,chameleon.jpg,1,,,,,,
cheetah,cheetah,77,brodeur,1,cheetah.jpg,1,,,,,,
chefshat,chefshat,89,brodeur,1,chefshat.jpg,1,,,,,,
cherrytomatoes,tomatoes,40,brodeur,1,cherrytomato01.jpg,1,,,,,,
chessknighta,chesspiece,31,brodeur,1,chessknight02b.jpg,1,chessknight02a/b (1)/03a/03b also exist,,,,,
chickenbrochette,shishkabob,14,brodeur,1,chickenshishkebab.jpg,1,,,,,,
chiliflakes,nuts,11,brodeur,1,chiliflake.jpg,1,,,,,,
chimney,chimney,86,brodeur,1,chimney.jpg,1,,,,,,
chipmunk,chipmunk,67,brodeur,1,chimunk.jpg,1,,,,,,
chips,bowlofchips,40,brodeur,1,bowlofchips.jpg,1,,,,,,
chocolatechip,hersheykisses,50,brodeur,1,chocolatechip.jpg,1,,,,,,
chocolatecroissant,pastry,24,brodeur,1,chocolatecroissant.jpg,1,,,,,,
chocolatemilk,chocolatemilk,52,brodeur,1,chocolatemilk.jpg,1,,,,,,
christmaslights,christmaslights,76,brodeur,1,christmaslights.jpg,1,christmaslightbulb 01a/b and 02 also exist,,,,,
christmastree,christmastree,86,brodeur,1,christmastree.jpg,1,,,,,,
christmaswreath,wreath,53,brodeur,1,christmaswreath.jpg,1,,,,,,
cigar,cigar,90,brodeur,1,cigar.jpg,1,,,,,,
cleaver,butcherknife,33,brodeur,1,cleaver01.jpg,1,cleaver01 (uploaded by Dr. Evans) and 02 also exist,,,,,
clothesdryingrack,dryingrack,24,brodeur,1,clothesdryingrack.jpg,1,,,,,,
cloud,cloud,95,brodeur,1,cloud.jpg,1,,,,,,
clover,clover,43,brodeur,1,clover.jpg,1,,,,,,
clownfish,clownfish,46,brodeur,1,clownfish.jpg,1,,,,,,
coatofmail,chainmail,37,brodeur,1,chainmail.jpg,1,,,,,,
coatrack,coatrack,49,brodeur,1,coatrack.jpg,1,,,,,,
coffeemachine,coffeemachine,71,brodeur,1,coffeemachine.jpg,1,,,,,,
coffeemaker,coffeemaker,56,brodeur,1,coffeemaker.jpg,1,,,,,,
colouringset,coloringset,15,brodeur,1,coloringset.jpg,1,,,,,,
column,pillar,32,brodeur,1,column.jpg,1,,,,,,
compostbin,composter,19,brodeur,1,compostbin.jpg,1,,,,,,
compressor,aircompressor,35,brodeur,1,aircompressor.jpg,1,,,,,,
concreteblock,cinderblock,33,brodeur,1,cinderblock.jpg,1,,,,,,
container,dumpster,37,brodeur,1,dumptruck.jpg,1,,,,,,
convectionoven,toasteroven,67,brodeur,1,toasteroven.jpg,1,,,,,,
convertible,convertible,29,brodeur,1,convertible.jpg,1,,,,,,
cookedshrimp,shrimp,82,brodeur,1,shrimp.jpg,1,,,,,,
cork,cork,75,brodeur,1,cork02.jpg,1,,,,,,
corkboard,corkboard,32,brodeur,1,corkboard.jpg,1,,,,,,
corn,corn,64,brodeur,1,corn02.jpg,1,corn01 also exists,,,,,
cougar,cougar,35,brodeur,1,cougar.jpg,1,,,,,,
cow,cow,93,brodeur,1,cow.jpg,1,,,,,,
cowbell,flask,61,brodeur,1,cowbell.jpg,1,,,,,,
crab,crab,98,brodeur,1,crab01.jpg,1,,,,,,
cremebrulee,crÃ¨mebrulee,72,brodeur,1,cremebrulee.jpg,1,,,,,,
cross,cross,88,brodeur,1,cross01.jpg,1,cross02/03 also exist,,,,,
crowdcontrolstanchion,stanchion,11,brodeur,1,crowdcontrolstanchion.jpg,1,,,,,,
crown,crown,88,brodeur,1,crown.jpg,1,,,,,,
cruiseboat,cruiseship,83,brodeur,1,cruiseship.jpg,1,,,,,,
cup,mug,50,brodeur,1,cup01.jpg,1,same file uploaded 2x,,,,,
cupboard,cabinet,36,brodeur,0,?,0,,,,,,
cupcake,cupcake,95,brodeur,1,cupcake.jpg,1,,,,,,
curlingiron,curlingiron,48,brodeur,1,curlingiron01a.jpg,1,curlingiron01a (1)/b also exist,,,,,
curtain,curtain,86,brodeur,1,curtain.jpg,1,,,,,,
daddylonglegs,spider,88,brodeur,1,daddylonglegs.jpg,1,,,,,,
dalmation,dalmatian,71,brodeur,1,dalmatian.jpg,1,,,,,,
dandelion,dandelion,61,brodeur,1,dandelion.jpg,1,,,,,,
dartboard,dartboard,100,brodeur,1,dartboard.jpg,1,,,,,,
decor,branches,22,brodeur,0,?,0,branch01/02 exist,,,,,
desk,desk,50,brodeur,1,desk02.jpg,1,,,,,,
deskchair,officechair,36,brodeur,1,officechair01.jpg,1,officechair02/03 also exist,,,,,
desktopcomputer,computer,67,brodeur,1,desktopcomputer.jpg,1,,,,,,
discoball,discoball,93,brodeur,1,discoball.jpg,1,,,,,,
dishrack,dishrack,38,brodeur,1,dishrack.jpg,1,,,,,,
djsoundboard,turntable,24,brodeur,1,djmixer01.jpg,1,djmixer02 also exists,,,,,
dogsled,dogsled,59,brodeur,1,dogsled.jpg,1,,,,,,
donut,doughnut,95,brodeur,1,donut.jpg,1,,,,,,
door,doors,55,brodeur,0,?,0,,,,,,
doorknob,doorhandle,50,brodeur,1,doorhandle.jpg,1,,,,,,
doorstopper,doorstop,43,brodeur,0,?,0,,,,,,
dormer,window,82,brodeur,1,dormer.jpg,1,,,,,,
downhillskis,skis,83,brodeur,1,downhillski.jpg,1,,,,,,
dragonfly,dragonfly,76,brodeur,1,dragonfly02.jpg,1,dragonfly01 also exists,,,,,
drain,sewer,19,brodeur,0,?,0,,,,,,
drainpipe,gutter,32,brodeur,1,drainpipe.jpg,1,,,,,,
dreamcatcher,dreamcatcher,93,brodeur,1,dreamcatcher.jpg,1,,,,,,
drink,drink,27,brodeur,0,?,0,,,,,,
dromedary,camel,98,brodeur,1,dromedary.jpg,1,,,,,,
drumset,drumset,64,brodeur,1,drumset.jpg,0,already existed in the compiled folder,,,,,
drumsticks,drumsticks,95,brodeur,1,drumstick.jpg,1,,,,,,
ds,nintendods,44,brodeur,1,nintendods.jpg,1,,,,,,
ducttape,ducttape,73,brodeur,1,ducttape.jpg,1,,,,,,
dumpling,dumpling,37,brodeur,1,dumpling.jpg,1,,,,,,
dungeon,castletower,44,brodeur,1,castletower.jpg,1,,,,,,
dvdbox,dvdcase,36,brodeur,1,dvdcase01.jpg,1,,,,,,
eggslicer,eggslicer,26,brodeur,1,eggslicer.jpg,1,,,,,,
eiffeltower,eiffeltower,95,brodeur,1,eiffeltower.jpg,1,,,,,,
elbow,elbow,86,brodeur,1,elbow.jpg,1,,,,,,
electricbaseboardheater,heater,42,brodeur,0,?,0,heatpump exists,,,,,
electricguitar,electricguitar,62,brodeur,1,electricguitar02.jpg,1,01 also exists,,,,,
electricmeter,hydrometer,29,brodeur,1,electricitymeter.jpg,1,,,,,,
electrictoothbrush,electrictoothbrush,69,brodeur,1,electrictoothbrush01b.jpg,1,01a/c also exist,,,,,
electrictransformer,transformer,21,brodeur,1,electrictransformer.jpg,1,,,,,,
ellipticalmachine,ellipticalmachine,24,brodeur,1,ellipticalmachine.jpg,1,,,,,,
entrancegate,gate,71,brodeur,1,entrancegate.jpg,1,,,,,,
escalator,escalator,90,brodeur,0,?,0,,,,,,
exercisemachine,exercisemachine,42,brodeur,1,exercisemachine.jpg,1,,,,,,
exitsign,exitsign,95,brodeur,1,exitsign.jpg,1,,,,,,
expressomachine,espressomachine,53,brodeur,1,espressomachine.jpg,1,,,,,,
eye,eye,76,brodeur,1,eye.jpg,1,,,,,,
eyepatch,eyepatch,92,brodeur,1,eyepatch.jpg,1,,,,,,
faucet,faucet,65,brodeur,1,faucet.jpg,1,,,,,,
faxmachine,faxmachine,62,brodeur,1,faxmachine.jpg,1,,,,,,
ferry,ferry,31,brodeur,1,ferry.jpg,1,,,,,,
fighterjet,plane,24,brodeur,1,fighterjet.jpg,1,,,,,,
filetool,file,58,brodeur,1,file.jpg,1,,,,,,
filingcabinet,filingcabinet,64,brodeur,1,filingcabinet.jpg,1,,,,,,
fingerprint,fingerprint,93,brodeur,1,fingerprint.jpg,1,,,,,,
firealarm,firealarm,43,brodeur,1,firealarm.jpg,1,,,,,,
fireplace,fireplace,86,brodeur,1,fireplace.jpg,1,,,,,,
fishingpole,fishingrod,72,brodeur,1,fishingrod.jpg,1,,,,,,
fishskeleton,fishskeleton,67,brodeur,1,fishskeleton.jpg,1,,,,,,
flag,flag,71,brodeur,1,flag.jpg,1,,,,,,
flipflop,flipflop,60,brodeur,1,flipflop01b.jpg,1,,,,,,
foldingchair,foldingchair,52,brodeur,1,foldingchair.jpg,1,,,,,,
foosballtable,foosballtable,68,brodeur,1,foosballtable.jpg,1,,,,,,
foot,foot,69,brodeur,1,foot.jpg,1,,,,,,
football,football,98,brodeur,1,football.jpg,1,,,,,,
footballhelmet,footballhelmet,79,brodeur,1,footballhelmet.jpg,1,,,,,,
footrest,footrest,34,brodeur,1,footrest02.jpg,1,,,,,,
forklift,forklift,68,brodeur,1,forklift.jpg,1,,,,,,
fortunecookie,fortunecookie,98,brodeur,1,fortunecookie.jpg,1,,,,,,
freezer,freezer,61,brodeur,1,freezer02.jpg,1,,,,,,
frenchfries,fries,52,brodeur,1,frenchfries.jpg,1,,,,,,
frenchhorn,frenchhorn,45,brodeur,1,frenchhorn.jpg,1,,,,,,
frisbee,frisbee,95,brodeur,1,frisbee.jpg,1,,,,,,
fullscore,musicsheet,80,brodeur,1,musicsheet.jpg,1,,,,,,
fuse,fuse,52,brodeur,1,fuse.jpg,1,,,,,,
fusebox,fusebox,22,brodeur,1,fusebox.jpg,1,,,,,,
gamecontroller,gamecontroller,25,brodeur,1,gamecontroller01.jpg,1,,,,,,
gardengnome,gardengnome,38,brodeur,1,gardengnome01.jpg,1,02/02 (1) also exist,,,,,
garland,tinsel,24,brodeur,1,garland.jpg,1,,,,,,
gasburner,burner,15,brodeur,1,gasburner.jpg,1,,,,,,
gastank,gasjug,12,brodeur,1,gastank.jpg,1,,,,,,
gazebo,gazebo,72,brodeur,1,gazebo.jpg,1,,,,,,
generator,generator,42,brodeur,1,generator.jpg,1,,,,,,
gift,gift,48,brodeur,1,gift01.jpg,1,giftbag also exists,,,,,
giraffe,giraffe,100,brodeur,1,giraffe.jpg,1,,,,,,
giraffefigurine,giraffestatue,23,brodeur,1,giraffefigurine.jpg,1,,,,,,
goat,ram,34,brodeur,1,ram.jpg,1,,,,,,
golfbag,golfclubs,30,brodeur,1,golfbag.jpg,1,,,,,,
golfball,golfball,98,brodeur,1,golfball.jpg,1,,,,,,
gong,gong,66,brodeur,1,gong.jpg,1,,,,,,
goose,canadiangoose,38,brodeur,1,canadiangoose.jpg,1,,,,,,
gps,gps,62,brodeur,1,gps.jpg,1,,,,,,
graduationhat,graduationcap,55,brodeur,1,graduationcap.jpg,1,,,,,,
granolabar,granolabar,88,brodeur,1,granolabar02.jpg,1,01 also exists,,,,,
gravyboat,gravyboat,47,brodeur,1,gravyboat.jpg,1,,,,,,
greathornowl,owl,100,brodeur,1,greathornowl.jpg,1,,,,,,
greekcolumns,columns,18,brodeur,0,?,0,,,,,,
grippers,gripexerciser,7,brodeur,0,?,0,,,,,,
guacamole,guacamole,39,brodeur,1,guacamole.jpg,1,,,,,,
guitarcase,guitarcase,98,brodeur,1,guitarcase.jpg,1,,,,,,
gymnasticrings,gymnasticrings,38,brodeur,1,gymnasticring.jpg,1,,,,,,
halloweenpumpkin,jackolantern,38,brodeur,1,jackolantern.jpg,1,,,,,,
hammerheadshark,hammerheadshark,68,brodeur,1,hammerheadshark.jpg,1,(1) also exists,,,,,
hamslice,ham,33,brodeur,1,hamslice.jpg,1,,,,,,
hand,hand,81,brodeur,0,?,0,,,,,,
handblender,handblender,24,brodeur,1,handbelnder.jpg,1,,,,,,
handcuffs,handcuffs,100,brodeur,1,handcuffs.jpg,1,,,,,,
handcymbals,cymbals,81,brodeur,1,cymbal.jpg,1,,,,,,
handheldcircularsaw,powersaw,13,brodeur,0,?,0,,,,,,
handrail,railing,51,brodeur,1,handrail.jpg,1,,,,,,
handtrolley,dolly,61,brodeur,1,dolly01.jpg,1,02 also exists,,,,,
handvacuumcleaner,handvacuum,27,brodeur,1,handvacuum.jpg,1,,,,,,
hangar,greenhouse,23,brodeur,1,hangar.jpg,1,,,,,,
hardhat,hardhat,36,brodeur,1,hardhat01.jpg,1,02 also exists,,,,,
harmonica,harmonica,100,brodeur,1,harmonica.jpg,1,,,,,,
headlight,headlight,39,brodeur,1,headlight.jpg,1,,,,,,
heatlamp,outdoorheater,30,brodeur,1,outdoorheater.jpg,1,,,,,,
hedgeshears,shears,30,brodeur,1,hedgeshears.jpg,1,,,,,,
hedgetrimmers,hedgetrimmer,26,brodeur,1,hedgetrimmer.jpg,1,,,,,,
helicopter,helicopter,90,brodeur,1,helicopter.jpg,1,,,,,,
hibiscusflower,flower,89,brodeur,1,hibiscusflower02.jpg,1,,,,,,
highpressurewatercleaner,pressurewasher,29,brodeur,1,pressurewasher.jpg,1,,,,,,
highstrikerfairgame,fairgame,14,brodeur,1,highstrikergame.jpg,1,,,,,,
hockeygoalieglove,goalieglove,24,brodeur,1,hockeygoalieglove.jpg,1,,,,,,
hockeygoaliemask,hockeymask,19,brodeur,1,hockeygoaliemask.jpg,1,,,,,,
hockeygoaliepad,goaliepad,35,brodeur,1,hockeygoaliepad.jpg,1,,,,,,
hockeypuck,hockeypuck,83,brodeur,1,hockeypuck.jpg,1,,,,,,
hockeystick,hockeystick,93,brodeur,1,hockeystick.jpg,1,,,,,,
honeycomb,honeycomb,65,brodeur,1,honeycomb.jpg,1,,,,,,
hook,coathook,37,brodeur,1,coathook.jpg,1,,,,,,
hoop,hulahoop,93,brodeur,1,hulahoop.jpg,1,,,,,,
horse,horse,100,brodeur,1,horse.jpg,1,,,,,,
horseshoe,horseshoe,100,brodeur,1,horseshoe.jpg,1,,,,,,
horsetrailer,trailer,73,brodeur,1,trailer.jpg,1,,,,,,
hose,hose,50,brodeur,1,hose.jpg,1,,,,,,
hoseknob,watervalve,15,brodeur,1,watervalve.jpg,1,,,,,,
hotdogsausage,hotdog,74,brodeur,1,hotdog.jpg,1,hotdogweiner also exists,,,,,
hotwatertank,waterheater,41,brodeur,1,waterheater.jpg,1,,,,,,
humanskeleton,skeleton,52,brodeur,1,humanskeleton.jpg,1,,,,,,
hyena,hyena,68,brodeur,1,hyena.jpg,1,,,,,,
icecube,icecube,74,brodeur,1,icecube02.jpg,1,"02 (1), (2) and 01 also exist",,,,,
icemaker,icebox,27,brodeur,1,icemaker.jpg,1,,,,,,
icescraper,icescraper,46,brodeur,1,icescraper.jpg,1,,,,,,
inukshuk,inukshuk,36,brodeur,1,inukshuk.jpg,1,,,,,,
ipad,ipad,79,brodeur,1,ipad02.jpg,1,ipad01 also exists,,,,,
ipod,iphone,40,brodeur,1,ipod.jpg,1,,,,,,
jackrabbit,rabbit,88,brodeur,1,jackrabbit.jpg,1,,,,,,
jeans,jeans,88,brodeur,1,jeans01.jpg,1,,,,,,
jeep,jeep,88,brodeur,1,jeep.jpg,1,,,,,,
jellybeans,jellybeans,98,brodeur,1,jellybeans.jpg,1,,,,,,
jellyfish,jellyfish,95,brodeur,1,jellyfish.jpg,1,,,,,,
jesusstatue,jesusstatue,43,brodeur,1,jesusstatue.jpg,1,,,,,,
joker,jokercard,55,brodeur,1,jokercard.jpg,1,,,,,,
judgegavel,gavel,58,brodeur,1,gavel.jpg,1,,,,,,
jumpingjack,sander,17,brodeur,1,jumpingjack.jpg,1,,,,,,
kennel,doghouse,98,brodeur,1,doghouse.jpg,1,,,,,,
keyholder,keyhook,16,brodeur,1,keyhook.jpg,1,,,,,,
keyhole,keyhole,32,brodeur,1,keyhole.jpg,1,,,,,,
kidpool,kiddiepool,26,brodeur,1,kiddiepool.jpg,1,,,,,,
kidtable,kidspicnictable,14,brodeur,1,kidpicnictable.jpg,1,,,,,,
kite,kite,98,brodeur,1,kite.jpg,1,,,,,,
kiwi,kiwi,83,brodeur,1,kiwi03.jpg,1,,,,,,
knee,knee,88,brodeur,1,knee.jpg,1,,,,,,
kneepad,kneepad,79,brodeur,1,kneepad01c.jpg,1,,,,,,
knuckle,brassknuckles,78,brodeur,1,brassknuckle.jpg,1,,,,,,
ladiessign,womensbathroomsign,29,brodeur,0,?,0,,,,,,
ladybug,ladybug,93,brodeur,1,ladybug03.jpg,1,ladybug01/02 also exist,,,,,
lamppost,lamppost,32,brodeur,1,lamppost01.jpg,1,02 also exists,,,,,
lantern,lantern,60,brodeur,1,lantern01.jpg,1,03 also exists,,,,,
lapelbadge,pin,69,brodeur,1,pin.jpg,1,,,,,,
laundrybasket,laundrybasket,50,brodeur,1,laundrybasket01a.jpg,1,,,,,,
lawnmower,lawnmower,98,brodeur,1,lawnmower.jpg,1,,,,,,
leafblower,leafblower,82,brodeur,1,leafblower02.jpg,1,leafblower01 also exists,,,,,
leafrake,rake,90,brodeur,1,leafrake.jpg,1,,,,,,
lectern,podium,50,brodeur,1,lecter02.jpg,1,01 also exists,,,,,
leg,leg,60,brodeur,1,leg.jpg,1,,,,,,
licenseplate,licenseplate,85,brodeur,1,licenseplate.jpg,1,,,,,,
lichi,lychee,50,brodeur,1,lychee01.jpg,1,,,,,,
lifebelt,lifesaver,32,brodeur,1,lifesaver.jpg,1,,,,,,
lightswitch,lightswitch,98,brodeur,1,lightswitch02b.jpg,1,lightswitch01 also exists,,,,,
lily,flower,89,brodeur,1,lily.jpg,1,flower01/02 also exist,,,,,
lilypad,lilypad,55,brodeur,1,lilypad.jpg,1,,,,,,
lintroller,lintroller,66,brodeur,1,lintroller.jpg,1,,,,,,
lion,lion,88,brodeur,1,lion.jpg,1,,,,,,
lionstatue,lionstatue,61,brodeur,1,lionstatue.jpg,1,,,,,,
lockcutter,boltcutter,33,brodeur,0,?,0,,,,,,
locker,locker,98,brodeur,1,locker.jpg,1,,,,,,
lollipop,lollipop,83,brodeur,1,lollipop02b.jpg,1,lollipop01-04 also exist,,,,,
lunchbox,lunchbag,41,brodeur,1,lunchbag.jpg,1,lunchbox also exist,,,,,
macaroni,macaroni,60,brodeur,1,macaroni02b.jpg,1,02a/01 also exist,,,,,
machete,machete,49,brodeur,1,machete.jpg,1,,,,,,
mag,hubcap,24,brodeur,1,hubcap.jpg,1,,,,,,
magneticcompass,compass,95,brodeur,1,magneticcompass.jpg,1,,,,,,
mailbox,mailbox,100,brodeur,1,mailbox02.jpg,1,01 also exists,,,,,
maki,sushi,81,brodeur,1,makiroll.jpg,1,,,,,,
mantaray,stingray,52,brodeur,1,stingray.jgp,1,,,,,,
maracas,maraca,50,brodeur,1,maraca01.jpg,1,,,,,,
marble,marble,85,brodeur,1,marble.jpg,1,,,,,,
martiniglass,martiniglass,64,brodeur,1,martiniglass01b.jpg,1,01a also exists,,,,,
mask,mask,76,brodeur,1,mask02a.jpg,1,01a-02b also exists,,,,,
mattress,mattress,98,brodeur,1,mattress.jpg,1,,,,,,
megaphone,megaphone,42,brodeur,1,megaphone.jpg,1,,,,,,
memorialplaque,plaque,19,brodeur,1,memorialplaque.jpg,1,,,,,,
mensign,menswashroomsign,37,brodeur,1,menwashroomsign.jpg,1,,,,,,
microphone,microphone,88,brodeur,1,microphone02.jpg,1,01 - 03 also exist,,,,,
microwave,microwave,81,brodeur,1,microwave.jpg,1,,,,,,
mixertable,soundmixer,17,brodeur,1,soundmixer.jpg,1,,,,,,
monument,obelisk,18,brodeur,1,monument.jpg,1,,,,,,
morningstar,mace,60,brodeur,1,morningstar.jpg,1,,,,,,
mortarandpestle,mortarandpestle,56,brodeur,1,mortarandpestle.jpg,1,,,,,,
mouth,lips,86,brodeur,1,lip.jpg,1,,,,,,
mrpotatohead,mrpotatohead,76,brodeur,1,mrpotatohead.jpg,1,,,,,,
muffintin,muffintray,27,brodeur,1,muffintray02.jpg,0,already existed within the compiled folder,,,,,
mummy,mummy,86,brodeur,1,mummy.jpg,1,,,,,,
musicalwoodenspoons,woodenspoons,22,brodeur,1,musicalwoodenspoons.jpg,1,,,,,,
musicstand,musicstand,67,brodeur,1,musicstand.jpg,1,,,,,,
musket,rifle,34,brodeur,1,musket.jpg,1,,,,,,
muskox,bison,32,brodeur,1,muskox.jpg,1,,,,,,
mussel,clam,38,brodeur,1,mussel.jpg,0,already existed within the compiled folder,,,,,
nailgun,nailgun,46,brodeur,1,nailgun.jpg,1,,,,,,
napkin,napkin,41,brodeur,1,napkin.jpg,1,,,,,,
narwhal,narwhal,52,brodeur,1,narwhal.jpg,1,,,,,,
nest,birdsnest,71,brodeur,1,birdnest.jpg,1,,,,,,
nightstick,baton,44,brodeur,0,?,0,,,,,,
noentrysign,donotentersign,33,brodeur,1,donotentersign.jpg,1,,,,,,
noparkingsign,noparkingsign,95,brodeur,1,noparkingsign.jpg,1,,,,,,
nose,nose,88,brodeur,1,nose.jpg,1,,,,,,
nosmokingsign,nosmokingsign,90,brodeur,1,nosmokingsign.jpg,1,,,,,,
nunchaku,nunchuks,96,brodeur,1,nunchuk.jpg,1,,,,,,
oats,oats,31,brodeur,1,oats.jpg,1,,,,,,
onewaysign,onewaysign,33,brodeur,1,onewaysign.jpg,1,,,,,,
ounceglass,shotglass,15,brodeur,1,shotglass.jpg,1,,,,,,
ovencoil,stovetop,18,brodeur,1,stovetop.jpg,1,,,,,,
oyster,oyster,53,brodeur,1,oyster02.jpg,1,,,,,,
paddleball,paddleball,29,brodeur,1,paddleball.jpg,1,,,,,,
painting,painting,71,brodeur,1,painting.jpg,1,,,,,,
paperairplane,paperairplane,69,brodeur,1,paperairplane.jpg,1,,,,,,
paperchain,paperchain,32,brodeur,1,paperchain.jpg,1,,,,,,
papershredder,papershredder,55,brodeur,1,papershredder.jpg,1,,,,,,
parkinggate,parkinggate,18,brodeur,1,parkinggate.jpg,1,,,,,,
parkingmeter,parkingmeter,83,brodeur,1,parkingmeter.jpg,1,,,,,,
partyblower,noisemaker,28,brodeur,1,nosiemaker.jpg,1,,,,,,
payphone,payphone,60,brodeur,1,payphone.jpg,1,,,,,,
pecan,walnuts,45,brodeur,1,pecan01.jpg,1,02 and 03a - c exist,,,,,
pedestrianlight,donotwalksign,12,brodeur,1,donotwalksign.jpg,1,,,,,,
pedestriansign,pedestriancrossingsign,18,brodeur,1,pedestriancrossingsign.jpg,1,,,,,,
photocopier,photocopier,33,brodeur,1,photocopier.jpg,1,,,,,,
pickaxe,pickaxe,55,brodeur,1,pickaxe02.jpg,1,01 also exists,,,,,
picnictable,picnictable,48,brodeur,1,picnictable.jpg,1,,,,,,
pig,pig,90,brodeur,1,pig.jpg,1,,,,,,
pingpongtable,pingpongtable,79,brodeur,1,pingpongtable.jpg,1,,,,,,
pinkflamingo,flamingo,87,brodeur,1,flamingo.jpg,1,,,,,,
pintofbeer,glassofbeer,17,brodeur,1,pintofbeer.jpg,1,,,,,,
pipe,pipe,83,brodeur,1,pipe.jpg,1,,,,,,
pirateflag,pirateflag,74,brodeur,1,pirateflag.jpg,1,,,,,,
platypus,platypus,81,brodeur,1,platypus.jpg,1,,,,,,
playground,playground,26,brodeur,1,playground.jpg,1,,,,,,
pokerchips,pokerchips,83,brodeur,1,pokerchips.jpg,1,,,,,,
pokerwallet,pokerset,45,brodeur,1,pokerset.jpg,1,,,,,,
polarbear,polarbear,90,brodeur,1,polarbear.jpg,1,,,,,,
policelinetape,policetape,54,brodeur,1,policetape.jpg,1,,,,,,
poolcuestick,poolcue,61,brodeur,1,poolcue.jpg,1,,,,,,
poolnet,net,32,brodeur,1,poolnet.jpg,1,,,,,,
pooltable,pooltable,98,brodeur,1,pooltable.jpg,1,,,,,,
pooltabletriangle,pooltriangle,30,brodeur,1,pooltriangle.jpg,1,,,,,,
portabletoilet,portapotty,40,brodeur,1,portapotty.jpg,1,,,,,,
postit,postitnotes,22,brodeur,1,postitnote.jpg,1,,,,,,
pottery,pottery,15,brodeur,1,pottery.jpg,1,,,,,,
pouch,pouch,29,brodeur,1,pouch01b.jpg,1,,,,,,
powerline,powerlines,30,brodeur,1,powerline.jpg,1,,,,,,
price,pricesign,28,brodeur,1,pricesign.jpg,1,,,,,,
proboscismonkey,monkey,73,brodeur,1,proboscismonkey.jpg,1,,,,,,
projectorscreen,projectorscreen,40,brodeur,1,projectorscreen.jpg,1,,,,,,
pumpkin,pumpkin,98,brodeur,1,pumpkin.jpg,1,,,,,,
punchcodedoorlock,lockcode,16,brodeur,1,codedoorlock.jpg,1,no queries were returned for punchcode or lockcode,,,,,
punchingbag,punchingbag,83,brodeur,1,punchingbag.jpg,1,,,,,,
puppettheatre,puppettheatre,24,brodeur,1,puppetheatre.jpg,1,,,,,,
radiator,radiator,44,brodeur,1,radiator.jpg,1,,,,,,
railwaycrossingsign,railroadcrossing,14,brodeur,1,railwaycrossingsign.jpg,1,,,,,,
rainboot,rainboot,29,brodeur,1,rainboot.jpg,1,,,,,,
rainstick,rainstick,19,brodeur,1,rainstick.jpg,1,,,,,,
rearviewmirror,carsidemirror,23,brodeur,1,rearviewmirror.jpg,0,already existed in the compiled folder,,,,,
record,record,49,brodeur,1,record.jpg,1,,,,,,
recorder,recorder,51,brodeur,1,recorder02b.jpg,1,01-04 also exist,,,,,
recyclingbin,recyclingbin,79,brodeur,1,recyclingbin.jpg,1,,,,,,
redfox,fox,88,brodeur,1,redfox.jpg,1,,,,,,
reed,cattail,21,brodeur,1,cattail.jpg,1,,,,,,
refrigerator,fridge,71,brodeur,1,fridge.jpg,1,,,,,,
riverotter,otter,66,brodeur,1,riverotter.jpg,1,,,,,,
rockbass,fish,90,brodeur,1,rockbass.jpg,1,,,,,,
rockinghorse,rockinghorse,32,brodeur,1,rockinghorse.jpg,1,,,,,,
rolleddiploma,diploma,55,brodeur,1,diploma01.jpg,1,02 also exists,,,,,
rollerblade,rollerblade,83,brodeur,1,rollerblade.jpg,1,,,,,,
rollercoaster,rollercoaster,48,brodeur,1,rollercoaster.jpg,1,,,,,,
rubikscube,rubikcube,95,brodeur,1,rubikcube.jpg,1,,,,,,
ruins,ruins,38,brodeur,1,ruins.jpg,1,,,,,,
safetyglasses,safetyglasses,21,brodeur,1,safetyglasses.jpg,1,,,,,,
saintbernard,dog,62,brodeur,1,saintbernard.jpg,1,,,,,,
saladspinner,saladspinner,37,brodeur,1,saladspinner.jpg,1,,,,,,
saltshakera,saltshaker,86,brodeur,1,saltshaker03c.jpg,1,01-03b also exist,,,,,
sandbagthrowgame,game,20,brodeur,1,sandbagthrowgame.jpg,1,,,,,,
sandcastle,sandcastle,95,brodeur,1,sandcastle.jpg,1,,,,,,
satellitedish,satellitedish,49,brodeur,1,satellitedish01.jpg,1,,,,,,
sausage,sausage,71,brodeur,1,sausage.jpg,1,,,,,,
sawtable,tablesaw,67,brodeur,1,tablesaw.jpg,1,,,,,,
scalpel,scalpel,56,brodeur,1,scalpel.jpg,1,,,,,,
scanner,scanner,53,brodeur,1,scanner.jpg,1,,,,,,
schoolbus,schoolbus,98,brodeur,1,schoolbus.jpg,1,,,,,,
scissorlift,lift,33,brodeur,1,scissorlift.jpg,1,,,,,,
scooter,scooter,90,brodeur,1,scooter.jpg,1,,,,,,
scorpion,scorpion,90,brodeur,1,scorpion.jpg,1,,,,,,
seadoo,jetski,41,brodeur,1,jetski.jpg,1,,,,,,
seal,seal,88,brodeur,1,seal.jpg,1,,,,,,
securitycamera,securitycamera,40,brodeur,1,securitycamera.jpg,1,,,,,,
shaker,martinishaker,17,brodeur,0,?,0,,,,,,
shed,shed,60,brodeur,1,shed02.jpg,1,,,,,,
sheep,sheep,93,brodeur,1,sheep.jpg,1,,,,,,
shelf,shelf,61,brodeur,1,shelf.jpg,1,,,,,,
shellpasta,shellpasta,40,brodeur,1,shellpasta.jpg,1,,,,,,
shelves,shelves,66,brodeur,1,shelves.jpg,1,,,,,,
sheriffhat,sheriffhat,67,brodeur,1,sheriffhat.jpg,1,,,,,,
shinpad,shinpad,32,brodeur,1,shinpad.jpg,1,,,,,,
shoppingcart,shoppingcart,68,brodeur,1,shoppingcart.jpg,1,,,,,,
shoulder,shoulder,64,brodeur,1,shoulder.jpg,1,,,,,,
shoulderpad,shoulderpads,31,brodeur,1,shoulderpad.jpg,1,,,,,,
showerhead,showerhead,88,brodeur,1,showerhead01.jpg,1,02 also exists,,,,,
skateboard,skateboard,100,brodeur,1,skateboard.jpg,1,,,,,,
skiboot,skiboot,70,brodeur,1,skiboot01a.jpg,1,,,,,,
skigoggles,skigoggles,44,brodeur,1,skigoggles02b.jpg,1,01 also exists,,,,,
skipoles,skipoles,67,brodeur,1,skipole.jpg,1,,,,,,
skippingrope,skippingrope,52,brodeur,1,skippingrope.jpg,1,,,,,,
skull,humanskull,48,brodeur,1,humanskull.jpg,1,,,,,,
sliceofbread,breadslice,36,brodeur,1,breadslice.jpg,1,,,,,,
slug,slug,68,brodeur,1,slug.jpg,1,,,,,,
slushmachine,slushiemachine,58,brodeur,1,slushiemachine.jpg,1,,,,,,
smartboard,whiteboard,60,brodeur,1,smartboard.jpg,1,,,,,,
smokedetector,smokedetector,54,brodeur,1,smokedetector02.jpg,1,,,,,,
smokedsalmon,salmon,29,brodeur,1,smokedsalmon.jpg,1,,,,,,
snail,shell,40,brodeur,1,snail.jpg,1,,,,,,
snellenchart,eyechart,47,brodeur,1,eyechart.jpg,1,,,,,,
snowblower,snowblower,41,brodeur,1,snowblower.jpg,1,,,,,,
snowboard,snowboard,95,brodeur,1,snowboard.jpg,1,,,,,,
snowglobe,snowglobe,68,brodeur,1,snowglobe.jpg,1,,,,,,
snowman,snowman,100,brodeur,1,snowman.jpg,1,,,,,,
snowshoe,snowshoe,88,brodeur,1,snowshoe.jpg,1,,,,,,
snowshovel,snowshovel,56,brodeur,1,snowshovel.jpg,1,,,,,,
soccerball,soccerball,98,brodeur,1,soccerball.jpg,1,,,,,,
soccercleat,soccercleat,26,brodeur,1,soccercleat01.jpg,1,,,,,,
soundboard,djturntable,8,brodeur,1,djmixer02.jpg,1,,,,,,
spacerover,marsrover,56,brodeur,1,spacerover.jpg,1,,,,,,
spear,spear,75,brodeur,1,spear02.jpg,1,01 also exists,,,,,
spiceholder,spicerack,85,brodeur,1,spicerack.jpg,1,,,,,,
spiderweb,spiderweb,93,brodeur,1,spiderweb.jpg,1,,,,,,
spinbike,exercisebike,35,brodeur,1,exercisebike.jpg,1,,,,,,
sportsjersey,jersey,52,brodeur,1,sportsjersey.jpg,1,,,,,,
spotlight,spotlight,38,brodeur,1,spotlight.jpg,1,,,,,,
springroll,springroll,54,brodeur,1,springroll.jpg,1,,,,,,
sprinkler,sprinkler,39,brodeur,1,sprinkler.jpg,1,,,,,,
sprouts,sprouts,28,brodeur,1,sprouts.jpg,1,,,,,,
squid,squid,88,brodeur,1,squid.jpg,1,,,,,,
squirrel,squirrel,100,brodeur,1,squirrel.jpg,1,,,,,,
staplegun,staplegun,40,brodeur,1,staplegun.jpg,1,,,,,,
star,star,58,brodeur,1,star.jpg,1,,,,,,
steamroller,steamroller,52,brodeur,1,steamroller.jpg,1,,,,,,
stickshift,gearshift,32,brodeur,1,gearshift.jpg,1,,,,,,
stubbywrench,wrench,100,brodeur,1,stubbywrench01a.jpg,1,01b also exists,,,,,
stump,treestump,59,brodeur,1,treestump.jpg,1,,,,,,
suitofarmor,armor,53,brodeur,1,suitofarmor.jpg,1,,,,,,
sunflowerseeds,sunflowerseeds,50,brodeur,1,sunflowerseeds.jpg,1,,,,,,
surfboard,surfboard,100,brodeur,1,surfboard.jpg,1,,,,,,
swing,swing,98,brodeur,1,swing.jpg,1,,,,,,
swingbench,gardenswing,12,brodeur,1,gardenswing.jpg,1,,,,,,
swissarmyknife,pocketknife,43,brodeur,1,swissarmyknife01c.jpg,1,01a/b also exist,,,,,
swordfish,swordfish,83,brodeur,1,swordfish.jpg,1,,,,,,
tabascosauce,tabascosauce,38,brodeur,1,tabascosauce.jpg,1,,,,,,
table,table,81,brodeur,1,table01.jpg,1,,,,,,
taillight,taillights,27,brodeur,1,taillight.jpg,1,,,,,,
tarantula,tarantula,67,brodeur,1,tarantula.jpg,1,,,,,,
taxisign,taxisign,68,brodeur,1,taxisign.jpg,1,,,,,,
telephonebooth,phonebooth,40,brodeur,1,phonebooth.jpg,1,,,,,,
telephonejack,phonejack,20,brodeur,1,phonejack.jpg,1,,,,,,
tent,tent,90,brodeur,1,tent.jpg,1,,,,,,
toad,frog,55,brodeur,1,toad.jpg,1,,,,,,
toilet,toilet,90,brodeur,1,toilet.jpg,1,,,,,,
toiletbrush,toiletbrush,67,brodeur,1,toiletbrush.jpg,1,,,,,,
tombstone,tombstone,69,brodeur,1,tombstone.jpg,1,,,,,,
toolbox,toolbox,93,brodeur,1,toolbox02.jpg,1,,,,,,
tostitos,tortillachip,38,brodeur,1,tortillachip.jpg,1,,,,,,
totempole,totempole,74,brodeur,1,totempole.jpg,1,,,,,,
toucan,toucan,76,brodeur,1,toucan.jpg,1,,,,,,
towelrack,towelrack,47,brodeur,1,towelrack.jpg,1,,,,,,
toyhorse,toyhorse,80,brodeur,0,?,0,,,,,,
toysoldier,toysoldier,72,brodeur,1,toysoldier01b.jpg,1,,,,,,
toytanktruck,toytruck,67,brodeur,1,toytank.jpg,0,already existed in compiled folder,,,,,
trafficlight,trafficlight,56,brodeur,1,trafficlight.jpg,1,,,,,,
trailerhitchball,trailerhitch,47,brodeur,1,trailerhitchball.jpg,1,,,,,,
trampoline,trampoline,93,brodeur,1,trampoline.jpg,1,,,,,,
trashcan,garbagecan,33,brodeur,1,garbagecan02.jpg,1,garbagebin also exists,,,,,
travelmug,coffeemug,29,brodeur,1,travelmug.jpg,1,,,,,,
treadmill,treadmill,90,brodeur,1,treadmill.jpg,1,,,,,,
tree,tree,95,brodeur,1,tree.jpg,1,,,,,,
treetrunk,treetrunk,38,brodeur,1,treetrunk.jpg,1,,,,,,
triangle,triangle,79,brodeur,1,triangle.jpg,1,,,,,,
tricycle,tricycle,93,brodeur,1,tricycle.jpg,1,,,,,,
trident,trident,44,brodeur,1,trident01.jpg,1,,,,,,
trojanhorse,trojanhorse,64,brodeur,1,trojanhorse.jpg,1,,,,,,
trombone,trombone,63,brodeur,1,trombone.jpg,1,,,,,,
tulip,tulip,76,brodeur,1,tulip02.jpg,1,,,,,,
turkey,turkey,62,brodeur,1,turkey.jpg,1,,,,,,
turnip,turnip,41,brodeur,1,turnip.jpg,1,,,,,,
turnstile,turnstile,81,brodeur,1,turnstile.jpg,1,,,,,,
tyranosaurusheadskull,dinosaurskull,31,brodeur,1,dinosaurskull.jpg,1,,,,,,
urinal,urinal,89,brodeur,1,urinal.jpg,1,,,,,,
usbcable,usbcable,44,brodeur,1,usbcable01a.jpg,1,,,,,,
videotape,cassette,35,brodeur,1,cassettetape01a.jpg,0,already existed in compiled folder,,,,,
visor,visor,48,brodeur,1,visor.jpg,1,,,,,,
volleyball,volleyball,76,brodeur,1,volleyball.jpg,1,,,,,,
vulture,vulture,70,brodeur,1,vulture.jpg,1,,,,,,
waders,waders,6,brodeur,1,waders.jpg,1,,,,,,
wafflemaker,wafflemaker,54,brodeur,1,wafflemaker.jpg,1,,,,,,
walkietalkie,walkietalkie,73,brodeur,1,walkietalkie.jpg,1,,,,,,
walloutlet,electricoutlet,28,brodeur,1,electricoutlet.jpg,1,,,,,,
wareset,cutleryset,30,brodeur,1,cutleryset.jpg,1,,,,,,
warthog,warthog,38,brodeur,1,warthog.jpg,1,,,,,,
waterbottlerack,waterbottleholder,32,brodeur,1,waterbottleholder.jpg,1,,,,,,
watercooler,watercooler,58,brodeur,1,watercooler.jpg,1,,,,,,
waterfall,waterfall,95,brodeur,1,waterfall.jpg,1,,,,,,
waterfountain,waterfountain,78,brodeur,1,waterfountain02.jpg,1,,,,,,
weathervane,weathervane,35,brodeur,1,weathervane.jpg,1,,,,,,
webcam,webcam,68,brodeur,1,webcam.jpg,1,,,,,,
weddingcake,weddingcake,59,brodeur,1,weddingcake.jpg,1,,,,,,
weedeater,weedwhacker,32,brodeur,1,weedwhacker.jpg,1,,,,,,
well,well,75,brodeur,1,well.jpg,1,,,,,,
wheat,wheat,72,brodeur,1,wheat.jpg,1,,,,,,
wheelbarrow,wheelbarrow,91,brodeur,1,wheelbarrow01.jpg,1,,,,,,
whiteout,whiteout,66,brodeur,1,whiteout.jpg,1,,,,,,
wiicontroller,wiicontroller,26,brodeur,1,wiicontroller.jpg,1,,,,,,
windmill,windmill,100,brodeur,1,windmill.jpg,1,,,,,,
windowshade,blinds,46,brodeur,1,windowblinds02.jpg,1,,,,,,
windshieldwasherfluid,windshieldwasherfluid,22,brodeur,1,windshieldwasherfluid.jpg,1,,,,,,
windshieldwiper,windshieldwiper,82,brodeur,1,windshieldwiper02.jpg,1,,,,,,
windsurfingboard,windsurfboard,25,brodeur,1,windsurfboard.jpg,1,,,,,,
winecooler,icebucket,36,brodeur,1,icebucket.jpg,1,,,,,,
winniethepooh,winniethepooh,62,brodeur,1,winniethepooh.jpg,1,,,,,,
witchhat,witchhat,86,brodeur,1,witchhat.jpg,1,,,,,,
woodenshoe,woodenshoe,50,brodeur,1,woodenshoe.jpg,1,,,,,,
worklight,light,29,brodeur,0,?,0,,,,,,
worldmap,worldmap,67,brodeur,1,worldmap.jpg,1,,,,,,
xylophone,xylophone,89,brodeur,1,xylophone.jpg,1,,,,,,
zipper,zipper,100,brodeur,1,zipper.jpg,1,,,,,,
accordion,accordion,97,moreno-martinez,1,accordion.jpg,1,,,,,,
almond,almond,63,moreno-martinez,1,almond.jpg,1,,,,,,
anchovy,anchovy,92,moreno-martinez,1,anchovy.jpg,1,,,,,,
ant,ant,96,moreno-martinez,1,ant.jpg,1,,,,,,
apple,apple,99,moreno-martinez,1,apple.jpg,1,,,,,,
araceae,araceae,23,moreno-martinez,1,araceae.jpg,1,,,,,,
arm,arm,96,moreno-martinez,1,arm.jpg,1,,,,,,
armchair,armchair,71,moreno-martinez,1,armchair.jpg,1,,,,,,
armour,armour,88,moreno-martinez,1,armour.jpg,1,,,,,,
arrow,arrow,94,moreno-martinez,1,arrow.jpg,1,,,,,,
axe,axe,96,moreno-martinez,1,axe.jpg,1,,,,,,
balalaika,balalaika,16,moreno-martinez,1,balalaika.jpg,1,,,,,,
ball,ball,89,moreno-martinez,1,ball.jpg,1,,,,,,
bangle/bracelet,banglebracelet,57,moreno-martinez,1,bangle_bracelet.jpg,1,,,,,,
barnowl,barnowl,47,moreno-martinez,1,barn_owl.jpg,1,,,,,,
bat,bat,96,moreno-martinez,1,bat.jpg,1,,,,,,
bathrobe,bathrobe,91,moreno-martinez,1,bathrobe.jpg,1,,,,,,
bayonet,bayonet,20,moreno-martinez,1,bayonet.jpg,1,,,,,,
beard,beard,43,moreno-martinez,1,beard.jpg,1,,,,,,
bedsidetable,bedsidetable,76,moreno-martinez,1,bedside_table.jpg,1,,,,,,
beetle,beetle,82,moreno-martinez,1,beetle.jpg,1,,,,,,
bellflowers,bellflowers,35,moreno-martinez,1,bellflowers.jpg,1,,,,,,
biretta,biretta,36,moreno-martinez,1,biretta.jpg,1,,,,,,
bit,bit,73,moreno-martinez,1,bit.jpg,1,,,,,,
blackpoplar,blackpoplar,57,moreno-martinez,1,black_poplar.jpg,1,,,,,,
blackpudding,blackpudding,56,moreno-martinez,1,black_pudding.jpg,1,,,,,,
boat,boat,86,moreno-martinez,1,boat.jpg,1,,,,,,
bone,bone,1,moreno-martinez,1,bone.jpg,1,,,,,,
bookcase,bookcase,64,moreno-martinez,1,bookcase.jpg,1,,,,,,
boomerang,boomerang,77,moreno-martinez,1,boomerang.jpg,1,,,,,,
bow,bow,99,moreno-martinez,1,bow.jpg,1,weapon,,,,,
bracelet,bracelet,92,moreno-martinez,1,bracelet.jpg,1,,,,,,
brain,brain,86,moreno-martinez,1,brain.jpg,1,,,,,,
bugle,bugle,61,moreno-martinez,1,bugle.jpg,1,,,,,,
bus,bus,76,moreno-martinez,1,bus.jpg,1,,,,,,
butterfly,butterfly,99,moreno-martinez,1,butterfly.jpg,1,,,,,,
cannon,cannon,98,moreno-martinez,1,cannon.jpg,1,,,,,,
cap,cap,96,moreno-martinez,1,cap.jpg,1,,,,,,
car,car,93,moreno-martinez,1,car.jpg,1,,,,,,
carnation,carnation,85,moreno-martinez,1,carnation.jpg,1,,,,,,
cart,cart,75,moreno-martinez,1,cart.jpg,1,,,,,,
cathedral,cathedral,81,moreno-martinez,1,cathedral.jpg,1,,,,,,
caviar,caviar,58,moreno-martinez,1,caviar.JPG,1,,,,,,
cedar,cedar,45,moreno-martinez,1,cedar.jpg,1,,,,,,
centipede,centipede,83,moreno-martinez,1,centipede.jpg,1,,,,,,
chard,chard,72,moreno-martinez,1,chard.jpg,1,,,,,,
chess,chess,1,moreno-martinez,1,chess.jpg,1,,,,,,
chestnut,chestnut,72,moreno-martinez,1,chestnut.jpg,1,,,,,,
chestofdrawers,chestofdrawers,53,moreno-martinez,1,Chest_of_drawers.jpg,1,,,,,,
chorizo,chorizo,94,moreno-martinez,1,Chorizo.JPG,1,,,,,,
church,church,85,moreno-martinez,1,church.jpg,1,,,,,,
clarinet,clarinet,53,moreno-martinez,1,clarinet.jpg,1,,,,,,
cliff,cliff,69,moreno-martinez,1,cliff.jpg,1,,,,,,
clog,clog,75,moreno-martinez,1,clog.jpg,1,,,,,,
coal,coal,29,moreno-martinez,1,coal.jpg,1,,,,,,
coat,coat,96,moreno-martinez,1,coat.jpg,1,,,,,,
cockle,cockle,47,moreno-martinez,1,cockle.jpg,1,,,,,,
cockroach,cockroach,48,moreno-martinez,1,cockroach.jpg,1,,,,,,
coldchisel,coldchisel,25,moreno-martinez,1,cold_chisel.jpg,1,,,,,,
compasses,compasses,97,moreno-martinez,1,compasses.jpg,1,,,,,,
cookie,cookie,93,moreno-martinez,1,cookie.jpg,1,,,,,,
cookingpot,cookingpot,15,moreno-martinez,1,coking_pot.jpg,1,coking pot in file name,,,,,
crÃ¨mecaramel,crÃ¨mecaramel,96,moreno-martinez,1,creme_caramel.jpg,1,cremecaramel,,,,,
crocodile,crocodile,76,moreno-martinez,1,crocodile.jpg,1,,,,,,
crossbow,crossbow,53,moreno-martinez,1,crossbow.jpg,1,,,,,,
cucumber,cucumber,97,moreno-martinez,1,cucumber.jpg,1,,,,,,
cufflinks,cufflinks,70,moreno-martinez,1,cufflinks.jpg,1,,,,,,
cup,cup,82,moreno-martinez,1,cup.jpg,1,,,,,,
custardapple,custardapple,51,moreno-martinez,1,custard_apple.jpg,1,,,,,,
cypress,cypress,55,moreno-martinez,1,cypress.jpg,1,,,,,,
daisy,daisy,95,moreno-martinez,1,daisy.jpg,1,,,,,,
dart,dart,95,moreno-martinez,1,dart.jpg,1,,,,,,
date,date,40,moreno-martinez,1,date.jpg,1,,,,,,
diabolo,diabolo,59,moreno-martinez,1,diabolo.jpg,1,,,,,,
diadem,diadem,48,moreno-martinez,1,diadem.jpg,1,,,,,,
diamond,diamond,78,moreno-martinez,1,diamond.jpg,1,,,,,,
dolphin,dolphin,99,moreno-martinez,1,dolphin.jpg,1,,,,,,
dromedary,dromedary,50,moreno-martinez,1,dromedary.jpg,1,,,,,,
drum,drum,92,moreno-martinez,1,drum.jpg,1,,,,,,
duck,duck,93,moreno-martinez,1,duck.jpg,1,,,,,,
ear,ear,99,moreno-martinez,1,ear.jpg,1,,,,,,
eel,eel,18,moreno-martinez,1,eel.jpg,1,,,,,,
eggplant,eggplant,93,moreno-martinez,1,eggplant.jpg,1,,,,,,
eucalyptus,eucalyptus,48,moreno-martinez,1,eucalyptus.jpg,1,,,,,,
factory,factory,63,moreno-martinez,1,factory.jpg,1,,,,,,
felt-tippen,felttippen,93,moreno-martinez,1,felt-tip_pen.jpg,1,,,,,,
fig,fig,80,moreno-martinez,1,fig.jpg,1,,,,,,
figtree,figtree,50,moreno-martinez,1,fig_tree.jpg,1,,,,,,
fillingcabinet,fillingcabinet,76,moreno-martinez,1,filling_cabinet.jpg,1,filing cabinet,,,,,
finger,finger,90,moreno-martinez,1,finger.jpg,1,,,,,,
fir,fir,39,moreno-martinez,1,fir.jpg,1,,,,,,
flatpeach,flatpeach,41,moreno-martinez,1,flat_peach.jpg,1,,,,,,
flute,flute,1,moreno-martinez,1,flute.jpg,1,,,,,,
fly,fly,99,moreno-martinez,1,fly.jpg,1,,,,,,
folder,folder,96,moreno-martinez,1,folder.jpg,1,,,,,,
fondue,fondue,74,moreno-martinez,1,fondue.jpg,1,,,,,,
fountainpen,fountainpen,88,moreno-martinez,1,fountain_pen.jpg,1,,,,,,
fritter,fritter,96,moreno-martinez,1,fritter.jpg,1,,,,,,
fryingpan,fryingpan,99,moreno-martinez,1,frying_pan.jpg,1,,,,,,
geranium,geranium,38,moreno-martinez,1,geranium.jpg,1,,,,,,
gold,gold,29,moreno-martinez,1,gold.jpg,1,,,,,,
goldfinch,goldfinch,34,moreno-martinez,1,goldfinch.jpg,1,,,,,,
goose,goose,52,moreno-martinez,1,goose.jpg,1,,,,,,
goosebarnacle,goosebarnacle,67,moreno-martinez,1,goose_barnacle.jpg,1,,,,,,
granary,granary,51,moreno-martinez,1,granary.jpg,1,,,,,,
grapes,grapes,96,moreno-martinez,1,grapes.jpg,1,,,,,,
grenade,grenade,89,moreno-martinez,1,grenade.jpg,1,,,,,,
gun,gun,90,moreno-martinez,1,gun.jpg,1,,,,,,
handsaw,handsaw,65,moreno-martinez,1,handsaw.jpg,1,,,,,,
harp,harp,92,moreno-martinez,1,harp.jpg,1,,,,,,
hazelnut,hazelnut,61,moreno-martinez,1,hazelnut.jpg,1,,,,,,
hen,hen,87,moreno-martinez,1,hen.jpg,1,,,,,,
hippopotamus,hippopotamus,82,moreno-martinez,1,hippopotamus.jpg,1,,,,,,
holmoak,holmoak,31,moreno-martinez,1,holm_oak.jpg,1,,,,,,
house,house,93,moreno-martinez,1,house.jpg,1,,,,,,
hummingbird,hummingbird,71,moreno-martinez,1,hummingbird.jpg,1,,,,,,
ice,ice,11,moreno-martinez,1,ice.jpg,1,,,,,,
iceberg,iceberg,81,moreno-martinez,1,iceberg_.jpg,1,,,,,,
inkpad,inkpad,28,moreno-martinez,1,ink_pad.jpg,1,,,,,,
island,island,84,moreno-martinez,1,island.jpg,1,,,,,,
kidney,kidney,47,moreno-martinez,1,kidney.jpg,1,,,,,,
killerwhale,killerwhale,55,moreno-martinez,1,kille_whale.jpg,1,the r is missing in the file name,,,,,
kiwifruit,kiwifruit,96,moreno-martinez,1,kiwi_fruit.jpg,1,,,,,,
ladybird,ladybird,95,moreno-martinez,1,ladybird.jpg,1,this is an image of a ladybug,,,,,
largefritter,largefritter,58,moreno-martinez,1,large_fritter.jpg,1,,,,,,
lectern,lectern,29,moreno-martinez,1,lectern.jpg,1,,,,,,
leek,leek,65,moreno-martinez,1,leek.jpg,1,,,,,,
lettuce,lettuce,97,moreno-martinez,1,lettuce.jpg,1,,,,,,
leveller,leveller,68,moreno-martinez,1,leveller.jpg,1,,,,,,
lilac,lilac,26,moreno-martinez,1,lilac.jpg,1,,,,,,
lioness,lioness,59,moreno-martinez,1,lioness.jpg,1,,,,,,
liver,liver,68,moreno-martinez,1,liver.jpg,1,,,,,,
ludo,ludo,99,moreno-martinez,1,ludo.jpg,1,,,,,,
lung,lung,42,moreno-martinez,1,lung.jpg,1,,,,,,
lynx,lynx,74,moreno-martinez,1,lynx.jpg,1,,,,,,
machinegun,machinegun,51,moreno-martinez,1,machine_gun.jpg,1,,,,,,
magpie,magpie,21,moreno-martinez,1,magpie.jpg,1,,,,,,
manatee,manatee,25,moreno-martinez,1,manatee.jpg,1,,,,,,
maracas,maracas,96,moreno-martinez,1,maracas.jpg,1,,,,,,
mill,mill,97,moreno-martinez,1,mill.jpg,1,,,,,,
millefeuille,millefeuille,46,moreno-martinez,1,millefeuille.jpg,1,,,,,,
moon,moon,95,moreno-martinez,1,moon.jpg,1,,,,,,
moth,moth,67,moreno-martinez,1,moth.jpg,1,,,,,,
motorbike,motorbike,99,moreno-martinez,1,motorbike.jpg,1,,,,,,
mountain,mountain,83,moreno-martinez,1,mountain.jpg,1,,,,,,
mouth,mouth,76,moreno-martinez,1,mouth.jpg,1,,,,,,
mussel,mussel,92,moreno-martinez,1,mussel.jpg,1,,,,,,
necklace,necklace,99,moreno-martinez,1,necklace.jpg,1,,,,,,
nt(churrera),ntchurrera,11,moreno-martinez,1,NT_(Churrera).jpg,1,,,,,,
nt(zarajo),ntzarajo,21,moreno-martinez,1,zarajo.JPG,1,zarajo,,,,,
nut,nut,81,moreno-martinez,1,nut.jpg,1,in Tools folder not food ,,,,,
olivetree,olivetree,53,moreno-martinez,1,olive_tree.jpg,1,,,,,,
orchid,orchid,36,moreno-martinez,1,orchid.jpg,1,,,,,,
paella,paella,1,moreno-martinez,1,paella.jpg,1,,,,,,
pagoda,pagoda,39,moreno-martinez,1,pagoda.jpg,1,,,,,,
palace,palace,33,moreno-martinez,1,palace.jpg,1,,,,,,
palmtree,palmtree,97,moreno-martinez,1,palm_tree.jpg,1,,,,,,
pansy,pansy,42,moreno-martinez,1,pansy.jpg,1,,,,,,
paragliding,paragliding,43,moreno-martinez,1,paragliding.jpg,1,,,,,,
partridge,partridge,51,moreno-martinez,1,partridge.jpg,1,,,,,,
pasty,pasty,90,moreno-martinez,1,pasty.jpg,1,,,,,,
peeler,peeler,49,moreno-martinez,1,peeler.jpg,1,,,,,,
pelvis,pelvis,39,moreno-martinez,1,pelvis.jpg,1,,,,,,
pencil,pencil,99,moreno-martinez,1,pencil.jpg,1,,,,,,
pendant,pendant,95,moreno-martinez,1,pendants.jpg,1,,,,,,
penguin,penguin,99,moreno-martinez,1,penguin.jpg,1,,,,,,
pepper,pepper,99,moreno-martinez,1,pepper.jpg,1,,,,,,
pheasant,pheasant,26,moreno-martinez,1,pheasant.jpg,1,,,,,,
piano,piano,96,moreno-martinez,1,piano_.jpg,1,,,,,,
pie,pie,73,moreno-martinez,1,pie.jpg,1,,,,,,
pigeon,pigeon,99,moreno-martinez,1,pigeon.jpg,1,,,,,,
pincers,pincers,89,moreno-martinez,1,pincers.jpg,1,,,,,,
pinekernel,pinekernel,24,moreno-martinez,1,pine_kernel.jpg,1,,,,,,
pinetree,pinetree,58,moreno-martinez,1,pine_tree.jpg,1,,,,,,
pistachio,pistachio,76,moreno-martinez,1,pistachio.jpg,1,,,,,,
pomegranate,pomegranate,84,moreno-martinez,1,pomegranate.jpg,1,,,,,,
pomfret,pomfret,49,moreno-martinez,1,pomfret.jpg,1,,,,,,
poppy,poppy,89,moreno-martinez,1,poppy.jpg,1,,,,,,
prayingmantis,prayingmantis,68,moreno-martinez,1,praying_mantis.jpg,1,,,,,,
puddle,puddle,26,moreno-martinez,1,puddle.jpg,1,,,,,,
pyramid,pyramid,84,moreno-martinez,1,pyramid.jpg,1,,,,,,
quince,quince,41,moreno-martinez,1,quince.jpg,1,,,,,,
racket,racket,1,moreno-martinez,1,racket.jpg,1,,,,,,
raisin,raisin,83,moreno-martinez,1,raisin.jpg,1,,,,,,
raven,raven,77,moreno-martinez,1,raven.jpg,1,,,,,,
ray,ray,54,moreno-martinez,1,ray.jpg,1,,,,,,
razor-shell,razorshell,78,moreno-martinez,1,razor-shell.jpg,1,,,,,,
redcabbage,redcabbage,33,moreno-martinez,1,red_cabbage.jpg,1,,,,,,
redcurrant,redcurrant,14,moreno-martinez,1,redcurrant.jpg,1,,,,,,
revolver,revolver,61,moreno-martinez,1,revolver.jpg,1,,,,,,
rhino,rhino,96,moreno-martinez,1,rhino.jpg,1,,,,,,
rose,rose,98,moreno-martinez,1,rose.jpg,1,,,,,,
rubberstamp,rubberstamp,58,moreno-martinez,1,rubber_stamp.jpg,1,,,,,,
saucepan,saucepan,46,moreno-martinez,1,saucepan.jpg,1,,,,,,
saxophone,saxophone,87,moreno-martinez,1,saxophone.jpg,1,,,,,,
sea,sea,93,moreno-martinez,1,sea.jpg,1,,,,,,
seagull,seagull,83,moreno-martinez,1,seagull.jpg,1,,,,,,
sealring,sealring,55,moreno-martinez,1,sea_ring.jpg,1,sea not seal in file name,,,,,
setsquare,setsquare,54,moreno-martinez,1,set_square.jpg,1,,,,,,
shanty,shanty,79,moreno-martinez,1,shanty.jpg,1,,,,,,
sharpeningsteel,sharpeningsteel,39,moreno-martinez,1,sharpening_steel.jpg,1,,,,,,
shield,shield,96,moreno-martinez,1,shield.jpg,1,,,,,,
ship,ship,74,moreno-martinez,1,ship.jpg,1,,,,,,
shirt,shirt,99,moreno-martinez,1,shirt.jpg,1,,,,,,
shovel,shovel,96,moreno-martinez,1,showel.jpg,1,misspelled as 'showel' in file name,,,,,
silo,silo,29,moreno-martinez,1,silo.JPG,1,,,,,,
skate,skate,97,moreno-martinez,1,skate.jpg,1,,,,,,
ski,ski,81,moreno-martinez,1,ski.jpg,1,,,,,,
skirt,skirt,99,moreno-martinez,1,skirt.jpg,1,,,,,,
skittle,skittle,95,moreno-martinez,1,skittle.jpg,1,,,,,,
skull,skull,54,moreno-martinez,1,skull.jpg,1,,,,,,
skyscraper,skyscraper,73,moreno-martinez,1,skyscraper.jpg,1,,,,,,
smallsaucepan,smallsaucepan,68,moreno-martinez,1,small_saucepan.jpg,1,,,,,,
snake,snake,92,moreno-martinez,1,snake.jpg,1,,,,,,
socks,socks,1,moreno-martinez,1,socks.jpg,1,,,,,,
sofa,sofa,81,moreno-martinez,1,sofa.jpg,1,,,,,,
sparrow,sparrow,50,moreno-martinez,1,sparrow.jpg,1,,,,,,
spermwhale,spermwhale,55,moreno-martinez,1,sperm_whale.jpg,1,,,,,,
spinach,spinach,46,moreno-martinez,1,spinach.jpg,1,,,,,,
spinningtop,spinningtop,84,moreno-martinez,1,spinning_top.jpg,1,,,,,,
square,square,64,moreno-martinez,1,square.jpg,1,,,,,,
steak,steak,31,moreno-martinez,1,steak.jpg,1,,,,,,
stone,stone,44,moreno-martinez,1,stone.jpg,1,,,,,,
stool,stool,96,moreno-martinez,1,stool.jpg,1,,,,,,
strainer,strainer,89,moreno-martinez,1,strainer.jpg,1,,,,,,
sun,sun,75,moreno-martinez,1,sun.jpg,1,,,,,,
sword,sword,97,moreno-martinez,1,sword.jpg,1,,,,,,
tablefootball,tablefootball,93,moreno-martinez,1,table_football.jpg,1,,,,,,
tambourine,tambourine,99,moreno-martinez,1,tambourine.jpg,1,,,,,,
tapir,tapir,29,moreno-martinez,1,tapir.jpg,1,,,,,,
termite,termite,27,moreno-martinez,1,termite.jpg,1,,,,,,
tieclip,tieclip,31,moreno-martinez,1,tie_clip.jpg,1,,,,,,
tiger,tiger,99,moreno-martinez,1,tiger.jpg,1,,,,,,
toe,toe,95,moreno-martinez,1,toe.jpg,1,,,,,,
tongue,tongue,92,moreno-martinez,1,tongue.jpg,1,,,,,,
tower,tower,78,moreno-martinez,1,tower.jpg,1,,,,,,
tractor,tractor,99,moreno-martinez,1,tractor.jpg,1,,,,,,
train,train,93,moreno-martinez,1,train.jpg,1,,,,,,
trousers,trousers,1,moreno-martinez,1,trousers.jpg,1,,,,,,
trowel,trowel,32,moreno-martinez,1,trowel.jpg,1,,,,,,
trumpet,trumpet,97,moreno-martinez,1,trumpet.jpg,1,,,,,,
tuba,tuba,37,moreno-martinez,1,tuba.jpg,1,,,,,,
undershirt,undershirt,99,moreno-martinez,1,undershirt.jpg,1,,,,,,
unflower,unflower,56,moreno-martinez,1,sunflower.jpg,1,typo ,,,,,
van,van,95,moreno-martinez,1,van.jpg,1,,,,,,
vertebra,vertebra,34,moreno-martinez,1,vertebra.jpg,1,,,,,,
volcano,volcano,99,moreno-martinez,1,volcano.jpg,1,,,,,,
walnut,walnut,97,moreno-martinez,1,walnut.jpg,1,,,,,,
wardrobe,wardrobe,1,moreno-martinez,1,wardrobe.jpg,1,,,,,,
wasp,wasp,88,moreno-martinez,1,wasp.jpg,1,,,,,,
watermelon,watermelon,97,moreno-martinez,1,watermelon.jpg,1,,,,,,
wave,wave,89,moreno-martinez,1,wave.jpg,1,,,,,,
whale,whale,44,moreno-martinez,1,whale.jpg,1,,,,,,
willow,willow,66,moreno-martinez,1,willow.jpg,1,,,,,,
zebra,zebra,99,moreno-martinez,1,zebra.jpg,1,,,,,,
airplane,airplane,95.4545455,DR2,1,airplane_01_og.jpg,1,,,,,,
anvil,anvil,80,DR2,1,anvil_02_og.png,1,,,,,,
artichoke,artichoke,88.2,DR2,1,artichoke_01_og.jpg,1,,,,,,
asparagus,asparagus,100,DR2,1,asparagus_01_og.jpg,1,,,,,,
backpack,backpack,95.1,DR2,1,backpack_01_og.jpg,1,,,,,,
balcony,balcony,85.7142857,DR2,1,balcony_01_og.jpg,1,,,,,,
bandaid,bandaid,100,DR2,1,bandaid_02_og.jpg,1,,,,,,
barrel,barrel,100,DR2,1,barrel_01_og.jpg,1,,,,,,
bartender,bartender,90,DR2,1,bartender_01_og.jpg,1,,,,,,
bathtub,bathtub,96.4285714,DR2,1,bathtub_01_og.jpg,1,,,,,,
bear,bear,100,DR2,1,bear_02_og.jpg,1,,,,,,
bee,bee,95.4545455,DR2,0,,0,I don't see this one. ,,,,,
bicycle,bicycle,94.9152542,DR2,,bicycle_02_og.jpg,,,,,,,
bird,bird,100,DR2,,bird_01_og.jpg,,,,,,,
blimp,blimp,91.3,DR2,,blimp_01_og.jpg,,,,,,,
block,block,100,DR2,,block_01_og.jpg,,,,,,,
bottle,bottle,90.9090909,DR2,,bottle_01_og.png,,,,,,,
box,box,95.4545455,DR2,,box_02_og.jpg,,,,,,,
boxinggloves,boxinggloves,91.4,DR2,,boxinggloves_02_og.jpg,,,,,,,
bricks,bricks,73.8095238,DR2,,bricks_01_og.jpg,,,,,,,
bride,bride,92.9,DR2,0,,0,I don't see this one. ,,,,,
bug,bug,52.2,DR2,1,bug_01_og.jpg,1,,,,,,
butter,butter,90.9,DR2,1,butter_02_og.jpg,1,,,,,,
canoe,canoe,95.2,DR2,1,canoe_01_og.jpg,1,,,,,,
canopener,canopener,92.2,DR2,1,canopener_02_og.PNG,1,,,,,,
carousel,carousel,96.6666667,DR2,1,carousel_01_og.JPG,1,,,,,,
castle,castle,100,DR2,1,castle_01_og.jpg,1,,,,,,
chain,chain,100,DR2,1,chain_01_og.jpg,1,,,,,,
cheese,cheese,100,DR2,1,cheese_02_og.jpg,1,,,,,,
cherry,cherry,95.4545455,DR2,1,cherry_01_og.jpg,1,,,,,,
chest,chest,85.7,DR2,1,chest_02_og.JPG,1,,,,,,
chest,chest,85.7,DR2,0,,0,duplicate,,,,,
chicken,chicken,81.8181818,DR2,1,chicken_01_og.jpg,1,,,,,,
chopsticks,chopsticks,100,DR2,1,chopsticks_02_og.jpg,1,,,,,,
city,city,74.1,DR2,1,city_01_og.jpg,1,,,,,,
clamp,clamp,68,DR2,1,clamp_01_og.jpg,1,,,,,,
clothespin,clothespin,100,DR2,1,clothespin_02_og.jpg,1,,,,,,
corkscrew,corkscrew,87.5,DR2,1,corkscrew_01_og.jpg,1,,,,,,
couch,couch,100,DR2,1,couch_02_og.jpg,1,,,,,,
crackers,crackers,92.8571429,DR2,1,crackers_02_og.jpg,1,,,,,,
crib,crib,100,DR2,1,crib_02_og.jpg,1,,,,,,
deer,deer,100,DR2,1,deer_01_og.jpg,1,,,,,,
dentist,dentist,82.9,DR2,1,dentist_02_og.jpg,1,,,,,,
diaper,diaper,97.5609756,DR2,1,diaper_01_og.jpg,1,,,,,,
donkey,donkey,94.3,DR2,1,donkey_02_og.jpg,1,,,,,,
drawer,drawer,82.1,DR2,1,drawer_02_og.jpg,1,,,,,,
dress,dress,95.4545455,DR2,1,dress02_og.jpg,1,,,,,,
dresser,dresser,78.5714286,DR2,1,dresser_02_og.jpg,1,,,,,,
drill,drill,89.7435897,DR2,1,drill_02_og.jpg,1,,,,,,
eagle,eagle,100,DR2,1,eagle_01_og.jpg,1,,,,,,
earring,earring,92.3076923,DR2,1,earring_01_og.jpg,1,,,,,,
egg,egg,100,DR2,1,egg_01_og.jpg,1,,,,,,
fence,fence,100,DR2,1,fence_02_og.jpg,1,,,,,,
firehydrant,firehydrant,100,DR2,1,firehydrant_02_og.jpg,1,,,,,,
firetruck,firetruck,100,DR2,1,firetruck_02_og.jpg,1,,,,,,
fishingpole,fishingpole,94.2857143,DR2,1,fishingpole_01_og.jpg,1,,,,,,
fishtank,fishtank,95.3488372,DR2,1,fishtank_01_og.jpg,1,,,,,,
floor,floor,100,DR2,1,floor_02_og.jpg,1,,,,,,
fountain,fountain,100,DR2,1,fountain_01_og.jpg,1,,,,,,
funnel,funnel,100,DR2,1,funnel_01_og.jpg,1,,,,,,
genie,genie,60.7,DR2,1,genie_01_og.png,1,,,,,,
giraffe,giraffe,100,DR2,1,giraffe_01_og.jpg,1,,,,,,
glasses,glasses,100,DR2,1,glasses_02_og.jpg,1,,,,,,
globe,globe,100,DR2,1,globe_02_og.jpg,1,,,,,,
gorilla,gorilla,85.7,DR2,1,gorilla_01_og.jpg,1,,,,,,
grasshopper,grasshopper,96,DR2,1,grasshopper_02_og.jpg,1,,,,,,
gravy,gravy,64.3,DR2,1,gravy01_og.jpg,1,,,,,,
grill,grill,100,DR2,1,grill_02_og.jpg,1,,,,,,
hammock,hammock,100,DR2,1,hammock_02_og.jpg,1,,,,,,
hat,hat,100,DR2,1,hat_01_og.jpg,1,,,,,,
helmet,helmet,100,DR2,1,helmet_01_og.jpg,1,,,,,,
highchair,highchair,89.3,DR2,1,highchair_02_og.jpg,1,,,,,,
hinge,hinge,98.0769231,DR2,1,hinge_01_og.jpg,1,,,,,,
hippo,hippo,67.9,DR2,1,hippo_01_og.jpg,1,,,,,,
hoe,hoe,92.3076923,DR2,1,hoe_01_og.jpg,1,,,,,,
icecreamcone,icecreamcone,90,DR2,1,icecreamcone_01_og.jpg,1,,,,,,
igloo,igloo,100,DR2,1,igloo_02_og.jpg,1,,,,,,
ironingboard,ironingboard,96.7,DR2,1,ironingboard_01_og.jpg,1,,,,,,
jacket,jacket,72.7272727,DR2,1,jacket_02_og.jpg,1,,,,,,
jackhammer,jackhammer,88.6,DR2,1,jackhammer_01_og.jpg,1,,,,,,
jar,jar,100,DR2,1,jar_02_og.jpg,1,,,,,,
jumprope,jumprope,88.6,DR2,1,jumprope_01_og.jpg,1,,,,,,
kangaroo,kangaroo,98.5507246,DR2,1,kangaroo_02_og.jpg,1,,,,,,
ladder,ladder,100,DR2,1,ladder_02_og.jpg,1,,,,,,
ladle,ladle,96,DR2,1,ladle_01_og.jpg,1,,,,,,
lemon,lemon,100,DR2,1,lemon_01_og.jpg,1,,,,,,
leopard,leopard,60.7,DR2,1,leopard_01_og.jpg,1,,,,,,
lightbulb,lightbulb,93.2,DR2,1,lightbulb_01_og.jpg,1,,,,,,
lighthouse,lighthouse,100,DR2,1,lighthouse_01_og.jpg,1,03 also exists,,,,,
lizard,lizard,71.4,DR2,1,lizard_01_og.jpg,1,,,,,,
llama,llama,100,DR2,1,llama_01_og.jpg,1,,,,,,
lobster,lobster,100,DR2,1,lobster_02_og.jpg,1,,,,,,
lock,lock,100,DR2,1,lock_03_og.jpg,1,name agreement was returned as 0,,,,,
magnet,magnet,96.4,DR2,1,magnet_01_og.jpg,1,,,,,,
mailbox,mailbox,100,DR2,1,mailbox_01_og.jpg,1,,,,,,
match,match,100,DR2,1,match_02_og.jpg,1,,,,,,
medal,medal,100,DR2,1,medal_02_og.jpg,1,,,,,,
mirror,mirror,100,DR2,1,mirror_02_og.jpg,1,03 also exists,,,,,
mistletoe,mistletoe,60.7,DR2,1,mistetoe_02_og.jpg,1,,,,,,
mixer,mixer,96.4285714,DR2,1,mixer_01_og.jpg,1,,,,,,
moose,moose,100,DR2,1,moose_01_og.jpg,1,,,,,,
mop,mop,100,DR2,1,mop_01_og.jpg,1,,,,,,
mosquito,mosquito,89.3,DR2,1,mosquito_01_og.jpg,1,,,,,,
motorcycle,motorcycle,98.4,DR2,1,motorcycle_02_og.jpg,1,,,,,,
mouse,mouse,100,DR2,1,mouse_01_og.jpg,1,,,,,,
needle,needle,100,DR2,1,needle_02_og.jpg,1,,,,,,
onion,onion,100,DR2,1,onion_02_og.jpg,1,,,,,,
ostrich,ostrich,97.4,DR2,1,ostrich_01_og.jpg,1,,,,,,
paint,paint,97.4,DR2,1,paint_01_og.jpg,1,,,,,,
pan,pan,90.9090909,DR2,1,pan_01_og.jpg,1,02 also exists,,,,,
panda,panda,96.4,DR2,1,panda_02_og.jpg,1,,,,,,
pants,pants,90.9,DR2,1,pants_01_og.jpg,1,,,,,,
paper,paper,72.7,DR2,1,paper_02_og.jpg,1,,,,,,
paperclip,paperclip,100,DR2,1,paperclip_02_og.jpg,1,,,,,,
parachute,parachute,100,DR2,1,parachute_02_og.jpg,1,,,,,,
parrot,parrot,78.6,DR2,1,parrot_02_og.jpg,1,,,,,,
peach,peach,100,DR2,1,peach_02_og.jpg,1,,,,,,
peacock,peacock,100,DR2,1,peacock_01_og.jpg,1,03 also exists,,,,,
peanut,peanut,97.1,DR2,1,peanut_01_og.jpg,1,,,,,,
peas,peas,85.7142857,DR2,1,peas_02_og.jpg,1,,,,,,
pelican,pelican,92.3,DR2,1,pelican_02_og.jpg,1,,,,,,
pencilsharpener,pencilsharpener,100,DR2,1,pencilsharpener_02_og.jpg,1,,,,,,
picture,picture,68.2,DR2,1,picture_02_og.jpg,1,,,,,,
piggybank,piggybank,87.2,DR2,1,piggybank_01_og.jpg,1,,,,,,
pitcher,pitcher,95.4545455,DR2,1,pitcher_01_og.jpg,1,,,,,,
pitchfork,pitchfork,88.6,DR2,1,pitchfork_01_og.jpg,1,,,,,,
pizza,pizza,97.6190476,DR2,1,pizza_02_og.jpg,1,,,,,,
pliers,pliers,91.5,DR2,1,pliers_01_og.jpg,1,,,,,,
policeman,policeman,96.4285714,DR2,1,policeman_01_og.jpg,1,,,,,,
pool,pool,100,DR2,1,pool_01_og.jpg,1,,,,,,
popcorn,popcorn,100,DR2,1,popcorn_02_og.jpg,1,,,,,,
popsicle,popsicle,95.3,DR2,1,popsicle_01_og.jpg,1,,,,,,
porcupine,porcupine,97.4,DR2,1,porcupine_01_og.jpg,1,,,,,,
pot,pot,100,DR2,1,pot_01_og.jpg,1,,,,,,
present,present,65.9,DR2,1,present_01_og.jpg,1,,,,,,
priest,priest,92.9,DR2,1,priest_01_og.jpg,1,,,,,,
purse,purse,71.4,DR2,1,purse_02_og.jpg,1,,,,,,
puzzle,puzzle,89.2857143,DR2,1,puzzle_01_og.jpg,1,,,,,,
raccoon,raccoon,97.9,DR2,1,raccoon_01_og.jpg,1,,,,,,
radio,radio,100,DR2,1,radio_02_og.jpg,1,,,,,,
radish,radish,93,DR2,1,radish_01_og.jpg,1,,,,,,
railroadtracks,railroadtracks,86.6666667,DR2,1,railroadtracks_01_og.jpg,1,,,,,,
razor,razor,100,DR2,1,razor_01_og.jpg,1,,,,,,
refrigerator,refrigerator,100,DR2,1,refrigerator_01_og.jpg,1,,,,,,
rhinoceros,rhinoceros,100,DR2,1,rhinoceros_02_og.jpg,1,,,,,,
road,road,85.7142857,DR2,1,road_02_og.jpg,1,,,,,,
rocket,rocket,86.3636364,DR2,1,rocket_01_og.jpg,1,,,,,,
rockingchair,rockingchair,90.6976744,DR2,1,rockingchair_01_og.jpg,1,,,,,,
rollerskate,rollerskate,94.4,DR2,1,rollerskate_01_og.jpg,1,,,,,,
rollingpin,rollingpin,94.9,DR2,1,rollingpin_01_og.jpg,1,,,,,,
roof,roof,90.9,DR2,1,roof_02_og.jpg,1,,,,,,
rooster,rooster,97.6,DR2,1,rooster_01_og.jpg,1,,,,,,
rug,rug,100,DR2,1,rug_01_og.jpg,1,,,,,,
safe,safe,100,DR2,1,safe_01_og.jpg,1,,,,,,
safetypin,safetypin,90.7,DR2,1,safetypin_01_og.jpg,1,,,,,,
sailboat,sailboat,85.7,DR2,1,sailboat_02_og.jpg,1,,,,,,
salsa,salsa,78.6,DR2,1,salsa_02_og.jpg,1,,,,,,
salt,salt,100,DR2,1,salt_01_og.jpg,1,,,,,,
seahorse,seahorse,96.4,DR2,1,seahorse_02_og.jpg,1,,,,,,
seesaw,seesaw,89.2857143,DR2,1,seesaw_02_og.jpg,1,,,,,,
sewingmachine,sewingmachine,100,DR2,1,sewingmachine_02_og.jpg,1,,,,,,
shark,shark,100,DR2,1,shark_01_og.jpg,1,,,,,,
shower,shower,96.7741935,DR2,1,shower_01_og.jpg,1,,,,,,
sink,sink,97.6190476,DR2,1,sink_01_og.jpg,1,,,,,,
skateboard,skateboard,100,DR2,1,skateboard_01_og.jpg,1,,,,,,
skunk,skunk,100,DR2,1,skunk_01_og.jpg,1,,,,,,
sled,sled,96.8,DR2,1,sled_01_og.jpg,1,,,,,,
slide,slide,95.5,DR2,1,slide_02_og.jpg,1,,,,,,
slingshot,slingshot,100,DR2,1,slingshot_01_og.jpg,1,,,,,,
slipper,slipper,95.6521739,DR2,1,slipper_02_og.jpg,1,,,,,,
soldier,soldier,75,DR2,1,soldier_01_og.jpg,1,,,,,,
spaghetti,spaghetti,96.6,DR2,1,spaghetti_02_og.jpg,1,,,,,,
spatula,spatula,100,DR2,1,spatula_04_og.jpg,1,,,,,,
stairs,stairs,99.9,DR2,1,stairs_02_og.jpg,1,,,,,,
statue,statue,93.3,DR2,1,statue_02_og.jpg,1,,,,,,
steeringwheel,steeringwheel,95.5,DR2,1,steeringwheel_01_og.jpg,1,,,,,,
stocking,stocking,100,DR2,1,stocking_02_og.jpg,1,,,,,,
stool,stool,96,DR2,1,stool_02_og.jpg,1,,,,,,
stoplight,stoplight,93.3333333,DR2,1,stoplight_02_og.jpg,1,,,,,,
stove,stove,95.4545455,DR2,1,stove_01_og.jpg,1,,,,,,
stroller,stroller,96.7741935,DR2,1,stroller_01_og.jpg,1,,,,,,
submarine,submarine,100,DR2,1,submarine_02_og.jpg,1,,,,,,
suitcase,suitcase,97.0588235,DR2,1,suitcase_01_og.jpg,1,,,,,,
swan,swan,100,DR2,1,swan_01_og.jpg,1,,,,,,
sweater,sweater,92.9,DR2,1,sweater_02_og.jpg,1,,,,,,
tank,tank,95.1,DR2,1,tank_02_og.jpg,1,,,,,,
tape,tape,72.7272727,DR2,1,tape_01_og.jpg,1,,,,,,
taperecorder,taperecorder,84.6153846,DR2,1,taperecorder_02_og.jpg,1,,,,,,
teapot,teapot,93.3,DR2,1,teapot_01_og.jpg,1,,,,,,
teepee,teepee,100,DR2,1,teepee_01_og.jpg,1,,,,,,
telescope,telescope,100,DR2,1,telescope_01_og.jpg,1,,,,,,
tennisracket,tennisracket,94.2857143,DR2,1,tennisracket_01_og.jpg,1,,,,,,
thermos,thermos,78,DR2,1,thermos_01_og.jpg,1,,,,,,
thimble,thimble,100,DR2,1,thimble_02_og.jpg,1,,,,,,
tie,tie,100,DR2,1,tie_02_og.jpg,1,,,,,,
tire,tire,88.1,DR2,1,tire_02_og.jpg,1,,,,,,
tomato,tomato,100,DR2,1,tomato_01_og.jpg,1,,,,,,
toothbrush,toothbrush,100,DR2,1,toothbrush_01_og.jpg,1,,,,,,
trashcan,trashcan,64.3,DR2,1,trashcan_02_og.jpg,1,,,,,,
tripod,tripod,100,DR2,1,tripod_02_og.jpg,1,,,,,,
trophy,trophy,100,DR2,1,trophy_01_og.jpg,1,,,,,,
truck,truck,95.4545455,DR2,1,truck_01_og.jpg,1,,,,,,
turtle,turtle,95.2380952,DR2,1,turtle_01_og.jpg,1,,,,,,
tv,tv,100,DR2,1,tv_03_og.png,1,monitor and tv were both classified as tv?,,,,,
tweezers,tweezers,97.6,DR2,1,tweezers_02_og.jpg,1,,,,,,
umbrella,umbrella,100,DR2,1,umbrella_01_og.jpg,1,,,,,,
unicorn,unicorn,97.6,DR2,1,unicorn_02_og.jpg,1,,,,,,
unicycle,unicycle,94.4,DR2,1,unicycle_02_og.jpg,1,,,,,,
vacuum,vacuum,94.1176471,DR2,1,vacuum_01_og.jpg,1,,,,,,
waffle,waffle,100,DR2,1,waffle_01_og.jpg,1,,,,,,
waiter,waiter,97.1428571,DR2,1,waiter_01_og.jpg,1,,,,,,
wallet,wallet,97.6190476,DR2,1,wallet_01_og.jpg,1,,,,,,
walrus,walrus,97.4,DR2,1,walrus_01_og.jpg,1,,,,,,
washingmachine,washingmachine,80,DR2,1,washingmachine_02_og.jpg,1,,,,,,
watch,watch,95.4545455,DR2,1,watch_01_og.jpg,1,,,,,,
wateringcan,wateringcan,94.7368421,DR2,1,wateringcan_02_og.jpg,1,,,,,,
wheelchair,wheelchair,98.1,DR2,1,wheelchair_01_og.jpg,1,,,,,,
windmill,windmill,100,DR2,1,windmill_02_og.jpg,1,,,,,,
wine,wine,70.7,DR2,1,wine_01_og.jpg,1,,,,,,
wolf,wolf,95.5,DR2,1,wolf_02_og.jpg,1,,,,,,
worm,worm,86.3636364,DR2,1,worm_02_og.jpg,1,,,,,,
yoyo,yoyo,100,DR2,1,yoyo_01_og.jpg,1,,,,,,