"stimuli","origin","n","percent","source","agreement"
"airport","aircraft",29,0.90625,NA,NA
"airport","airplane",22,0.6875,"dr2",95.4545455
"airport","airport",30,0.9375,NA,NA
"airport","bag",29,0.90625,NA,NA
"airport","balloon",24,0.75,"boss",87
"airport","blimp",11,0.34375,"dr2",91.3
"airport","bus",22,0.6875,"mm",76
"airport","cart",13,0.40625,"mm",75
"airport","couple",13,0.40625,NA,NA
"airport","elephant",17,0.53125,"brodeur",95
"airport","fire",26,0.8125,NA,NA
"airport","flag",15,0.46875,"brodeur",71
"airport","helicopter",18,0.5625,"brodeur",90
"airport","hose",12,0.375,NA,NA
"airport","jet",13,0.40625,NA,NA
"airport","line",14,0.4375,NA,NA
"airport","man",16,0.5,NA,NA
"airport","people",30,0.9375,NA,NA
"airport","rocket",12,0.375,"dr2",86.3636364
"airport","saucer",11,0.34375,NA,NA
"airport","sky",13,0.40625,NA,NA
"airport","smoke",14,0.4375,NA,NA
"airport","tower",13,0.40625,"mm",78
"airport","truck",21,0.65625,"dr2",95.4545455
"airport","waldo",11,0.34375,NA,NA
"airport","watch",12,0.375,"dr2",95.4545455
"airport","water",13,0.40625,NA,NA
"airport","wing",11,0.34375,NA,NA
"arrival_1","bed",11,0.34375,"brodeur",81
"arrival_1","bird",26,0.8125,"dr2",100
"arrival_1","boot",21,0.65625,"boss",82
"arrival_1","bowl",18,0.5625,"boss",85
"arrival_1","breakfast",12,0.375,NA,NA
"arrival_1","clock",25,0.78125,"boss",92
"arrival_1","cloth",14,0.4375,NA,NA
"arrival_1","cup",21,0.65625,"mm",82
"arrival_1","dragon",15,0.46875,NA,NA
"arrival_1","eye",17,0.53125,"brodeur",76
"arrival_1","family",23,0.71875,NA,NA
"arrival_1","girl",26,0.8125,NA,NA
"arrival_1","hand",28,0.875,"brodeur",81
"arrival_1","hat",27,0.84375,"dr2",100
"arrival_1","head",15,0.46875,NA,NA
"arrival_1","hook",11,0.34375,NA,NA
"arrival_1","kitchen",13,0.40625,NA,NA
"arrival_1","luggage",23,0.71875,NA,NA
"arrival_1","man",21,0.65625,NA,NA
"arrival_1","origami",17,0.53125,NA,NA
"arrival_1","paper",21,0.65625,"dr2",72.7
"arrival_1","people",18,0.5625,NA,NA
"arrival_1","person",11,0.34375,NA,NA
"arrival_1","photo",11,0.34375,NA,NA
"arrival_1","picture",26,0.8125,NA,NA
"arrival_1","pot",22,0.6875,"dr2",100
"arrival_1","shadow",20,0.625,NA,NA
"arrival_1","ship",15,0.46875,"mm",74
"arrival_1","shoulder",15,0.46875,NA,NA
"arrival_1","smoke",11,0.34375,NA,NA
"arrival_1","soup",15,0.46875,NA,NA
"arrival_1","spoon",20,0.625,"boss",92
"arrival_1","station",15,0.46875,NA,NA
"arrival_1","street",13,0.40625,NA,NA
"arrival_1","string",13,0.40625,NA,NA
"arrival_1","table",18,0.5625,"brodeur",81
"arrival_1","tail",17,0.53125,NA,NA
"arrival_1","tea",20,0.625,NA,NA
"arrival_1","teapot",21,0.65625,"dr2",93.3
"arrival_1","train",27,0.84375,"mm",93
"arrival_1","trunk",11,0.34375,NA,NA
"arrival_1","wall",19,0.59375,NA,NA
"arrival_1","woman",19,0.59375,NA,NA
"arrival_2","arm",17,0.53125,"mm",96
"arrival_2","baby",18,0.5625,NA,NA
"arrival_2","baggage",27,0.84375,NA,NA
"arrival_2","bird",27,0.84375,"dr2",100
"arrival_2","boat",24,0.75,"mm",86
"arrival_2","book",19,0.59375,"boss",90
"arrival_2","city",20,0.625,"dr2",74.1
"arrival_2","gate",14,0.4375,"brodeur",71
"arrival_2","guy",26,0.8125,NA,NA
"arrival_2","hand",26,0.8125,"brodeur",81
"arrival_2","harbor",13,0.40625,NA,NA
"arrival_2","hat",18,0.5625,"dr2",100
"arrival_2","head",15,0.46875,NA,NA
"arrival_2","image",16,0.5,NA,NA
"arrival_2","lady",25,0.78125,NA,NA
"arrival_2","megaphone",15,0.46875,NA,NA
"arrival_2","one",15,0.46875,NA,NA
"arrival_2","origami",13,0.40625,NA,NA
"arrival_2","page",25,0.78125,NA,NA
"arrival_2","paper",14,0.4375,"dr2",72.7
"arrival_2","people",28,0.875,NA,NA
"arrival_2","person",11,0.34375,NA,NA
"arrival_2","scene",11,0.34375,NA,NA
"arrival_2","shoulder",17,0.53125,NA,NA
"arrival_2","sky",18,0.5625,NA,NA
"arrival_2","statue",22,0.6875,"dr2",93.3
"arrival_2","tail",11,0.34375,NA,NA
"arrival_2","teapot",11,0.34375,"dr2",93.3
"arrival_2","water",14,0.4375,NA,NA
"arrival_3","accordion",16,0.5,"brodeur, mm",97
"arrival_3","animal",16,0.5,NA,NA
"arrival_3","arm",13,0.40625,"mm",96
"arrival_3","arrow",14,0.4375,"mm",94
"arrival_3","barber",19,0.59375,NA,NA
"arrival_3","basket",17,0.53125,"boss",81
"arrival_3","bed",22,0.6875,"brodeur",81
"arrival_3","bird",20,0.625,"dr2",100
"arrival_3","book",27,0.84375,"boss",90
"arrival_3","boy",19,0.59375,NA,NA
"arrival_3","cart",22,0.6875,"mm",75
"arrival_3","cat",26,0.8125,"brodeur",88
"arrival_3","clarinet",16,0.5,NA,NA
"arrival_3","clock",20,0.625,"boss",92
"arrival_3","egg",27,0.84375,"dr2",100
"arrival_3","fiddle",16,0.5,NA,NA
"arrival_3","floor",21,0.65625,"dr2",100
"arrival_3","gentleman",29,0.90625,NA,NA
"arrival_3","girl",29,0.90625,NA,NA
"arrival_3","hand",20,0.625,"brodeur",81
"arrival_3","hat",28,0.875,"dr2",100
"arrival_3","head",18,0.5625,NA,NA
"arrival_3","instrument",20,0.625,NA,NA
"arrival_3","light",18,0.5625,NA,NA
"arrival_3","map",14,0.4375,NA,NA
"arrival_3","people",22,0.6875,NA,NA
"arrival_3","person",12,0.375,NA,NA
"arrival_3","picture",21,0.65625,NA,NA
"arrival_3","road",22,0.6875,"dr2",85.7142857
"arrival_3","sign",13,0.40625,NA,NA
"arrival_3","snail",18,0.5625,NA,NA
"arrival_3","suitcase",26,0.8125,"dr2",97.0588235
"arrival_3","time",18,0.5625,NA,NA
"arrival_3","violin",17,0.53125,"boss",97
"arrival_4","arm",15,0.46875,"mm",96
"arrival_4","bag",12,0.375,NA,NA
"arrival_4","basket",24,0.75,"boss",81
"arrival_4","bench",15,0.46875,"brodeur",76
"arrival_4","billboard",13,0.40625,NA,NA
"arrival_4","bird",17,0.53125,"dr2",100
"arrival_4","boat",26,0.8125,"mm",86
"arrival_4","book",28,0.875,"boss",90
"arrival_4","bowl",13,0.40625,"boss",85
"arrival_4","box",13,0.40625,"dr2",95.4545455
"arrival_4","boy",27,0.84375,NA,NA
"arrival_4","bridge",13,0.40625,"brodeur",90
"arrival_4","building",22,0.6875,NA,NA
"arrival_4","cat",23,0.71875,"brodeur",88
"arrival_4","chimney",16,0.5,"brodeur",86
"arrival_4","city",26,0.8125,"dr2",74.1
"arrival_4","coal",16,0.5,NA,NA
"arrival_4","cone",12,0.375,NA,NA
"arrival_4","conversation",11,0.34375,NA,NA
"arrival_4","door",22,0.6875,NA,NA
"arrival_4","drawer",26,0.8125,"dr2",82.1
"arrival_4","ear",12,0.375,"mm",99
"arrival_4","face",15,0.46875,NA,NA
"arrival_4","female",24,0.75,NA,NA
"arrival_4","fire",15,0.46875,NA,NA
"arrival_4","fish",22,0.6875,"brodeur",90
"arrival_4","food",20,0.625,NA,NA
"arrival_4","fruit",15,0.46875,NA,NA
"arrival_4","furnace",15,0.46875,NA,NA
"arrival_4","gentleman",28,0.875,NA,NA
"arrival_4","girl",21,0.65625,NA,NA
"arrival_4","glass",11,0.34375,NA,NA
"arrival_4","ground",13,0.40625,NA,NA
"arrival_4","hat",28,0.875,"dr2",100
"arrival_4","head",12,0.375,NA,NA
"arrival_4","horn",13,0.40625,NA,NA
"arrival_4","house",15,0.46875,"mm",93
"arrival_4","ladder",14,0.4375,"dr2",100
"arrival_4","lady",24,0.75,NA,NA
"arrival_4","lever",13,0.40625,NA,NA
"arrival_4","lot",23,0.71875,NA,NA
"arrival_4","map",28,0.875,NA,NA
"arrival_4","megaphone",13,0.40625,NA,NA
"arrival_4","money",23,0.71875,NA,NA
"arrival_4","number",13,0.40625,NA,NA
"arrival_4","page",16,0.5,NA,NA
"arrival_4","paper",17,0.53125,"dr2",72.7
"arrival_4","people",28,0.875,NA,NA
"arrival_4","pet",15,0.46875,NA,NA
"arrival_4","phone",14,0.4375,NA,NA
"arrival_4","picture",26,0.8125,NA,NA
"arrival_4","pocket",23,0.71875,NA,NA
"arrival_4","ship",17,0.53125,"mm",74
"arrival_4","shoe",17,0.53125,"boss",77
"arrival_4","shovel",26,0.8125,"mm",96
"arrival_4","shower",15,0.46875,"dr2",96.7741935
"arrival_4","sky",24,0.75,NA,NA
"arrival_4","smoke",14,0.4375,NA,NA
"arrival_4","snake",16,0.5,"mm",92
"arrival_4","statue",16,0.5,"dr2",93.3
"arrival_4","street",21,0.65625,NA,NA
"arrival_4","tail",26,0.8125,NA,NA
"arrival_4","teepee",11,0.34375,"dr2",100
"arrival_4","tentacle",12,0.375,NA,NA
"arrival_4","ticket",28,0.875,NA,NA
"arrival_4","top",19,0.59375,NA,NA
"arrival_4","train",28,0.875,"mm",93
"arrival_4","vest",17,0.53125,NA,NA
"arrival_4","wall",17,0.53125,NA,NA
"arrival_5","accordion",16,0.5,"brodeur, mm",97
"arrival_5","banjo",16,0.5,"brodeur",95
"arrival_5","basket",20,0.625,"boss",81
"arrival_5","bed",13,0.40625,"brodeur",81
"arrival_5","bird",21,0.65625,"dr2",100
"arrival_5","boat",22,0.6875,"mm",86
"arrival_5","bowl",19,0.59375,"boss",85
"arrival_5","boy",27,0.84375,NA,NA
"arrival_5","cart",12,0.375,"mm",75
"arrival_5","cat",23,0.71875,"brodeur",88
"arrival_5","chef",13,0.40625,NA,NA
"arrival_5","city",18,0.5625,"dr2",74.1
"arrival_5","fellow",27,0.84375,NA,NA
"arrival_5","female",25,0.78125,NA,NA
"arrival_5","fish",21,0.65625,"brodeur",90
"arrival_5","flute",14,0.4375,NA,NA
"arrival_5","food",22,0.6875,NA,NA
"arrival_5","fruit",16,0.5,NA,NA
"arrival_5","gentleman",27,0.84375,NA,NA
"arrival_5","glass",13,0.40625,NA,NA
"arrival_5","hand",21,0.65625,"brodeur",81
"arrival_5","hat",25,0.78125,"dr2",100
"arrival_5","house",16,0.5,"mm",93
"arrival_5","illustration",19,0.59375,NA,NA
"arrival_5","jacket",13,0.40625,"dr2",72.7272727
"arrival_5","ladder",16,0.5,"dr2",100
"arrival_5","lamps",11,0.34375,NA,NA
"arrival_5","origami",19,0.59375,NA,NA
"arrival_5","owl",15,0.46875,"brodeur",100
"arrival_5","paper",21,0.65625,"dr2",72.7
"arrival_5","people",26,0.8125,NA,NA
"arrival_5","pet",17,0.53125,NA,NA
"arrival_5","plate",13,0.40625,"boss",92
"arrival_5","pot",14,0.4375,"dr2",100
"arrival_5","rope",16,0.5,"boss",86
"arrival_5","shirt",16,0.5,"mm",99
"arrival_5","shop",12,0.375,NA,NA
"arrival_5","street",17,0.53125,NA,NA
"arrival_5","table",22,0.6875,"brodeur",81
"arrival_5","tail",12,0.375,NA,NA
"arrival_5","top",11,0.34375,NA,NA
"arrival_5","wall",13,0.40625,NA,NA
"arrival_5","water",16,0.5,NA,NA
"arrival_5","window",13,0.40625,"brodeur",82
"arrival_5","wine",11,0.34375,"dr2",70.7
"arrival_6","animal",17,0.53125,NA,NA
"arrival_6","balloon",14,0.4375,"boss",87
"arrival_6","basket",13,0.40625,"boss",81
"arrival_6","bed",21,0.65625,"brodeur",81
"arrival_6","bird",25,0.78125,"dr2",100
"arrival_6","boot",21,0.65625,"boss",82
"arrival_6","bowl",20,0.625,"boss",85
"arrival_6","boy",25,0.78125,NA,NA
"arrival_6","child",23,0.71875,NA,NA
"arrival_6","city",11,0.34375,"dr2",74.1
"arrival_6","coffee",17,0.53125,NA,NA
"arrival_6","coin",19,0.59375,NA,NA
"arrival_6","cup",24,0.75,"mm",82
"arrival_6","desk",14,0.4375,NA,NA
"arrival_6","dish",13,0.40625,NA,NA
"arrival_6","envelope",26,0.8125,"boss",100
"arrival_6","floor",14,0.4375,"dr2",100
"arrival_6","flower",24,0.75,"brodeur, brodeur",89
"arrival_6","food",13,0.40625,NA,NA
"arrival_6","ground",21,0.65625,NA,NA
"arrival_6","hand",21,0.65625,"brodeur",81
"arrival_6","hat",25,0.78125,"dr2",100
"arrival_6","hole",12,0.375,NA,NA
"arrival_6","image",26,0.8125,NA,NA
"arrival_6","ink",15,0.46875,NA,NA
"arrival_6","ladder",23,0.71875,"dr2",100
"arrival_6","lamp",11,0.34375,"boss",92
"arrival_6","leaf",22,0.6875,"boss",97
"arrival_6","letter",24,0.75,NA,NA
"arrival_6","mailbox",16,0.5,"brodeur, dr2",100
"arrival_6","man",26,0.8125,NA,NA
"arrival_6","mirror",11,0.34375,"dr2",100
"arrival_6","money",23,0.71875,NA,NA
"arrival_6","mouse",11,0.34375,"dr2",100
"arrival_6","newspaper",14,0.4375,NA,NA
"arrival_6","origami",18,0.5625,NA,NA
"arrival_6","page",21,0.65625,NA,NA
"arrival_6","pen",14,0.4375,"boss",90
"arrival_6","people",12,0.375,NA,NA
"arrival_6","person",13,0.40625,NA,NA
"arrival_6","petal",11,0.34375,NA,NA
"arrival_6","pot",20,0.625,"dr2",100
"arrival_6","seed",11,0.34375,NA,NA
"arrival_6","shape",21,0.65625,NA,NA
"arrival_6","sky",16,0.5,NA,NA
"arrival_6","snow",17,0.53125,NA,NA
"arrival_6","stamp",22,0.6875,NA,NA
"arrival_6","table",20,0.625,"brodeur",81
"arrival_6","tail",14,0.4375,NA,NA
"arrival_6","time",14,0.4375,NA,NA
"arrival_6","tree",15,0.46875,"brodeur",95
"arrival_6","window",24,0.75,"brodeur",82
"arrival_6","woman",23,0.71875,NA,NA
"being_a_pirate","beach",11,0.34375,NA,NA
"being_a_pirate","boat",28,0.875,"mm",86
"being_a_pirate","boats",28,0.875,NA,NA
"being_a_pirate","cannon",21,0.65625,"mm",98
"being_a_pirate","chest",11,0.34375,"dr2, dr2",85.7
"being_a_pirate","couple",11,0.34375,NA,NA
"being_a_pirate","crossbone",13,0.40625,NA,NA
"being_a_pirate","flag",22,0.6875,"brodeur",71
"being_a_pirate","image",11,0.34375,NA,NA
"being_a_pirate","land",11,0.34375,NA,NA
"being_a_pirate","lot",18,0.5625,NA,NA
"being_a_pirate","mast",12,0.375,NA,NA
"being_a_pirate","ocean",26,0.8125,NA,NA
"being_a_pirate","octopus",19,0.59375,NA,NA
"being_a_pirate","palm",17,0.53125,NA,NA
"being_a_pirate","pirate",28,0.875,NA,NA
"being_a_pirate","scene",13,0.40625,NA,NA
"being_a_pirate","tree",18,0.5625,"brodeur",95
"being_a_pirate","water",24,0.75,NA,NA
"birthday_party_fun","alligator",16,0.5,NA,NA
"birthday_party_fun","balloon",13,0.40625,"boss",87
"birthday_party_fun","bat",15,0.46875,"mm",96
"birthday_party_fun","box",23,0.71875,"dr2",95.4545455
"birthday_party_fun","cake",12,0.375,NA,NA
"birthday_party_fun","castle",19,0.59375,"dr2",100
"birthday_party_fun","celebration",27,0.84375,NA,NA
"birthday_party_fun","child",17,0.53125,NA,NA
"birthday_party_fun","clown",19,0.59375,NA,NA
"birthday_party_fun","food",20,0.625,NA,NA
"birthday_party_fun","gentleman",14,0.4375,NA,NA
"birthday_party_fun","gift",16,0.5,NA,NA
"birthday_party_fun","girl",11,0.34375,NA,NA
"birthday_party_fun","gun",13,0.40625,"mm",90
"birthday_party_fun","house",13,0.40625,"mm",93
"birthday_party_fun","lantern",11,0.34375,NA,NA
"birthday_party_fun","lion",14,0.4375,"brodeur",88
"birthday_party_fun","lot",21,0.65625,NA,NA
"birthday_party_fun","one",11,0.34375,NA,NA
"birthday_party_fun","penguin",16,0.5,"mm",99
"birthday_party_fun","people",26,0.8125,NA,NA
"birthday_party_fun","person",11,0.34375,NA,NA
"birthday_party_fun","pinata",18,0.5625,NA,NA
"birthday_party_fun","pool",25,0.78125,"dr2",100
"birthday_party_fun","robot",11,0.34375,NA,NA
"birthday_party_fun","side",13,0.40625,NA,NA
"birthday_party_fun","table",23,0.71875,"brodeur",81
"birthday_party_fun","tree",15,0.46875,"brodeur",95
"birthday_party_fun","war",17,0.53125,NA,NA
"birthday_party_fun","water",18,0.5625,NA,NA
"birthday_party_fun","witch",17,0.53125,NA,NA
"by_the_lake","ball",14,0.4375,"mm",89
"by_the_lake","boat",15,0.46875,"mm",86
"by_the_lake","building",14,0.4375,NA,NA
"by_the_lake","cabin",16,0.5,NA,NA
"by_the_lake","canoe",11,0.34375,"dr2",95.2
"by_the_lake","castle",20,0.625,"dr2",100
"by_the_lake","couple",11,0.34375,NA,NA
"by_the_lake","deck",14,0.4375,NA,NA
"by_the_lake","dock",13,0.40625,NA,NA
"by_the_lake","dog",15,0.46875,NA,NA
"by_the_lake","dragon",14,0.4375,NA,NA
"by_the_lake","float",14,0.4375,NA,NA
"by_the_lake","hand",12,0.375,"brodeur",81
"by_the_lake","kid",14,0.4375,NA,NA
"by_the_lake","lake",25,0.78125,NA,NA
"by_the_lake","lot",21,0.65625,NA,NA
"by_the_lake","man",14,0.4375,NA,NA
"by_the_lake","net",13,0.40625,NA,NA
"by_the_lake","ocean",26,0.8125,NA,NA
"by_the_lake","people",29,0.90625,NA,NA
"by_the_lake","pyramid",16,0.5,"mm",84
"by_the_lake","sand",16,0.5,NA,NA
"by_the_lake","sandcastle",19,0.59375,"brodeur",95
"by_the_lake","tube",11,0.34375,NA,NA
"by_the_lake","umbrella",12,0.375,"boss, dr2",100
"by_the_lake","volleyball",18,0.5625,"brodeur",76
"deep_sea_divers","arrow",13,0.40625,"mm",94
"deep_sea_divers","chest",11,0.34375,"dr2, dr2",85.7
"deep_sea_divers","diver",13,0.40625,NA,NA
"deep_sea_divers","face",13,0.40625,NA,NA
"deep_sea_divers","fellow",14,0.4375,NA,NA
"deep_sea_divers","fish",26,0.8125,"brodeur",90
"deep_sea_divers","fishnet",16,0.5,NA,NA
"deep_sea_divers","lot",22,0.6875,NA,NA
"deep_sea_divers","mermaid",24,0.75,NA,NA
"deep_sea_divers","net",16,0.5,NA,NA
"deep_sea_divers","octopi",14,0.4375,NA,NA
"deep_sea_divers","octopus",11,0.34375,NA,NA
"deep_sea_divers","people",26,0.8125,NA,NA
"deep_sea_divers","person",12,0.375,NA,NA
"deep_sea_divers","rock",20,0.625,NA,NA
"deep_sea_divers","school",12,0.375,NA,NA
"deep_sea_divers","sea",19,0.59375,"mm",93
"deep_sea_divers","shark",13,0.40625,"dr2",100
"deep_sea_divers","top",16,0.5,NA,NA
"deep_sea_divers","water",25,0.78125,NA,NA
"dinosaurs_spacemen_and_ghouls","astronaut",20,0.625,NA,NA
"dinosaurs_spacemen_and_ghouls","boat",22,0.6875,"mm",86
"dinosaurs_spacemen_and_ghouls","cafeteria",16,0.5,NA,NA
"dinosaurs_spacemen_and_ghouls","camera",15,0.46875,"boss",82
"dinosaurs_spacemen_and_ghouls","caveman",24,0.75,NA,NA
"dinosaurs_spacemen_and_ghouls","costume",12,0.375,NA,NA
"dinosaurs_spacemen_and_ghouls","dino",27,0.84375,NA,NA
"dinosaurs_spacemen_and_ghouls","dinosaur",27,0.84375,NA,NA
"dinosaurs_spacemen_and_ghouls","door",12,0.375,NA,NA
"dinosaurs_spacemen_and_ghouls","food",15,0.46875,NA,NA
"dinosaurs_spacemen_and_ghouls","ghost",17,0.53125,NA,NA
"dinosaurs_spacemen_and_ghouls","hand",14,0.4375,"brodeur",81
"dinosaurs_spacemen_and_ghouls","light",23,0.71875,NA,NA
"dinosaurs_spacemen_and_ghouls","lot",18,0.5625,NA,NA
"dinosaurs_spacemen_and_ghouls","mummy",17,0.53125,"brodeur",86
"dinosaurs_spacemen_and_ghouls","painting",16,0.5,"brodeur",71
"dinosaurs_spacemen_and_ghouls","people",26,0.8125,NA,NA
"dinosaurs_spacemen_and_ghouls","picture",16,0.5,NA,NA
"dinosaurs_spacemen_and_ghouls","pie",11,0.34375,"mm",73
"dinosaurs_spacemen_and_ghouls","rocket",17,0.53125,"dr2",86.3636364
"dinosaurs_spacemen_and_ghouls","saucer",12,0.375,NA,NA
"dinosaurs_spacemen_and_ghouls","shirt",14,0.4375,"mm",99
"dinosaurs_spacemen_and_ghouls","space",22,0.6875,NA,NA
"dinosaurs_spacemen_and_ghouls","spacecraft",19,0.59375,NA,NA
"dinosaurs_spacemen_and_ghouls","tree",15,0.46875,"brodeur",95
"dinosaurs_spacemen_and_ghouls","volcano",21,0.65625,"mm",99
"escape_from_the_zoo","bear",25,0.78125,"dr2",100
"escape_from_the_zoo","bird",20,0.625,"dr2",100
"escape_from_the_zoo","cafe",25,0.78125,NA,NA
"escape_from_the_zoo","child",11,0.34375,NA,NA
"escape_from_the_zoo","children",11,0.34375,NA,NA
"escape_from_the_zoo","cone",12,0.375,NA,NA
"escape_from_the_zoo","cream",20,0.625,NA,NA
"escape_from_the_zoo","crebe",17,0.53125,NA,NA
"escape_from_the_zoo","dog",19,0.59375,NA,NA
"escape_from_the_zoo","elephant",19,0.59375,"brodeur",95
"escape_from_the_zoo","flamingo",20,0.625,"brodeur",87
"escape_from_the_zoo","gentleman",19,0.59375,NA,NA
"escape_from_the_zoo","giraffe",24,0.75,"brodeur, dr2",100
"escape_from_the_zoo","gorilla",19,0.59375,"dr2",85.7
"escape_from_the_zoo","ice",28,0.875,NA,NA
"escape_from_the_zoo","kangaroo",11,0.34375,"dr2",98.5507246
"escape_from_the_zoo","kid",11,0.34375,NA,NA
"escape_from_the_zoo","lion",23,0.71875,"brodeur",88
"escape_from_the_zoo","lions",14,0.4375,NA,NA
"escape_from_the_zoo","lot",15,0.46875,NA,NA
"escape_from_the_zoo","monkey",12,0.375,"brodeur",73
"escape_from_the_zoo","net",11,0.34375,NA,NA
"escape_from_the_zoo","peacock",14,0.4375,"dr2",100
"escape_from_the_zoo","penguin",20,0.625,"mm",99
"escape_from_the_zoo","people",27,0.84375,NA,NA
"escape_from_the_zoo","shop",24,0.75,NA,NA
"escape_from_the_zoo","snake",13,0.40625,"mm",92
"escape_from_the_zoo","top",17,0.53125,NA,NA
"escape_from_the_zoo","tree",19,0.59375,"brodeur",95
"escape_from_the_zoo","water",14,0.4375,NA,NA
"escape_from_the_zoo","zebras",16,0.5,NA,NA
"escape_from_the_zoo","zoo",28,0.875,NA,NA
"exhibit_12","art",11,0.34375,NA,NA
"exhibit_12","artwork",29,0.90625,NA,NA
"exhibit_12","clown",16,0.5,NA,NA
"exhibit_12","floor",15,0.46875,"dr2",100
"exhibit_12","gentleman",17,0.53125,NA,NA
"exhibit_12","horse",12,0.375,"brodeur",100
"exhibit_12","human",29,0.90625,NA,NA
"exhibit_12","ladder",22,0.6875,"dr2",100
"exhibit_12","lot",22,0.6875,NA,NA
"exhibit_12","museum",13,0.40625,NA,NA
"exhibit_12","officer",13,0.40625,NA,NA
"exhibit_12","photograph",24,0.75,NA,NA
"exhibit_12","wall",26,0.8125,NA,NA
"exhibit_12","woman",12,0.375,NA,NA
"flowerman","adult",24,0.75,NA,NA
"flowerman","apartment",13,0.40625,NA,NA
"flowerman","art",16,0.5,NA,NA
"flowerman","artist",18,0.5625,NA,NA
"flowerman","awning",11,0.34375,NA,NA
"flowerman","bag",16,0.5,NA,NA
"flowerman","bait",21,0.65625,NA,NA
"flowerman","balcony",14,0.4375,"dr2",85.7142857
"flowerman","bar",23,0.71875,NA,NA
"flowerman","blossom",26,0.8125,NA,NA
"flowerman","blouse",13,0.40625,NA,NA
"flowerman","boy",21,0.65625,NA,NA
"flowerman","brick",12,0.375,"boss",100
"flowerman","bridge",24,0.75,"brodeur",90
"flowerman","building",27,0.84375,NA,NA
"flowerman","cafe",20,0.625,NA,NA
"flowerman","car",25,0.78125,"mm",93
"flowerman","cart",15,0.46875,"mm",75
"flowerman","cat",12,0.375,"brodeur",88
"flowerman","child",11,0.34375,NA,NA
"flowerman","chimney",14,0.4375,"brodeur",86
"flowerman","clock",12,0.375,"boss",92
"flowerman","clown",11,0.34375,NA,NA
"flowerman","coat",17,0.53125,"mm",96
"flowerman","color",25,0.78125,NA,NA
"flowerman","corner",16,0.5,NA,NA
"flowerman","cottage",27,0.84375,NA,NA
"flowerman","daisie",26,0.8125,NA,NA
"flowerman","daisy",26,0.8125,"mm",95
"flowerman","dog",22,0.6875,NA,NA
"flowerman","door",20,0.625,NA,NA
"flowerman","drawing",23,0.71875,NA,NA
"flowerman","edge",11,0.34375,NA,NA
"flowerman","face",12,0.375,NA,NA
"flowerman","family",13,0.40625,NA,NA
"flowerman","fellow",27,0.84375,NA,NA
"flowerman","female",25,0.78125,NA,NA
"flowerman","fence",12,0.375,"dr2",100
"flowerman","floor",13,0.40625,"dr2",100
"flowerman","flower",26,0.8125,"brodeur, brodeur",89
"flowerman","fountain",23,0.71875,"dr2",100
"flowerman","gas",23,0.71875,NA,NA
"flowerman","girl",26,0.8125,NA,NA
"flowerman","grass",22,0.6875,NA,NA
"flowerman","hair",20,0.625,NA,NA
"flowerman","hand",19,0.59375,"brodeur",81
"flowerman","hat",23,0.71875,"dr2",100
"flowerman","house",27,0.84375,"mm",93
"flowerman","lady",12,0.375,NA,NA
"flowerman","lawnmower",17,0.53125,"brodeur",98
"flowerman","leg",14,0.4375,NA,NA
"flowerman","light",23,0.71875,NA,NA
"flowerman","lot",23,0.71875,NA,NA
"flowerman","milk",19,0.59375,NA,NA
"flowerman","milkman",15,0.46875,NA,NA
"flowerman","moped",18,0.5625,NA,NA
"flowerman","one",17,0.53125,NA,NA
"flowerman","page",13,0.40625,NA,NA
"flowerman","path",17,0.53125,NA,NA
"flowerman","people",27,0.84375,NA,NA
"flowerman","person",24,0.75,NA,NA
"flowerman","photo",23,0.71875,NA,NA
"flowerman","roof",25,0.78125,"dr2",90.9
"flowerman","rooftop",12,0.375,NA,NA
"flowerman","room",11,0.34375,NA,NA
"flowerman","scooter",15,0.46875,"brodeur",90
"flowerman","shaker",11,0.34375,NA,NA
"flowerman","shirt",13,0.40625,"mm",99
"flowerman","shutter",24,0.75,NA,NA
"flowerman","sidewalk",14,0.4375,NA,NA
"flowerman","sign",23,0.71875,NA,NA
"flowerman","skirt",12,0.375,"mm",99
"flowerman","sky",18,0.5625,NA,NA
"flowerman","smoke",13,0.40625,NA,NA
"flowerman","stair",14,0.4375,NA,NA
"flowerman","street",26,0.8125,NA,NA
"flowerman","telescope",16,0.5,"dr2",100
"flowerman","tent",11,0.34375,"brodeur",90
"flowerman","top",19,0.59375,NA,NA
"flowerman","towel",11,0.34375,NA,NA
"flowerman","tree",25,0.78125,"brodeur",95
"flowerman","truck",22,0.6875,"dr2",95.4545455
"flowerman","water",20,0.625,NA,NA
"flowerman","wheel",16,0.5,"boss",82
"flowerman","wheelchair",15,0.46875,"dr2",98.1
"journey","airboat",28,0.875,NA,NA
"journey","aircraft",20,0.625,NA,NA
"journey","apartment",22,0.6875,NA,NA
"journey","arm",13,0.40625,"mm",96
"journey","background",12,0.375,NA,NA
"journey","ball",15,0.46875,"mm",89
"journey","balloon",27,0.84375,"boss",87
"journey","basket",11,0.34375,"boss",81
"journey","bed",21,0.65625,"brodeur",81
"journey","bedroom",12,0.375,NA,NA
"journey","bicycle",23,0.71875,"dr2",94.9152542
"journey","boat",21,0.65625,"mm",86
"journey","book",13,0.40625,"boss",90
"journey","boy",26,0.8125,NA,NA
"journey","bridge",17,0.53125,"brodeur",90
"journey","building",20,0.625,NA,NA
"journey","cage",28,0.875,NA,NA
"journey","carpet",27,0.84375,NA,NA
"journey","castle",23,0.71875,"dr2",100
"journey","cat",27,0.84375,"brodeur",88
"journey","chair",12,0.375,"brodeur",88
"journey","circle",26,0.8125,NA,NA
"journey","city",20,0.625,"dr2",74.1
"journey","cloud",16,0.5,"brodeur",95
"journey","clouds",11,0.34375,NA,NA
"journey","computer",28,0.875,NA,NA
"journey","couch",23,0.71875,"dr2",100
"journey","couple",12,0.375,NA,NA
"journey","crayon",13,0.40625,"boss",82
"journey","dock",19,0.59375,NA,NA
"journey","dome",13,0.40625,NA,NA
"journey","door",28,0.875,NA,NA
"journey","doorway",14,0.4375,NA,NA
"journey","dragon",13,0.40625,NA,NA
"journey","edge",19,0.59375,NA,NA
"journey","fire",11,0.34375,NA,NA
"journey","floor",23,0.71875,"dr2",100
"journey","forest",23,0.71875,NA,NA
"journey","girl",24,0.75,NA,NA
"journey","gold",11,0.34375,NA,NA
"journey","ground",11,0.34375,NA,NA
"journey","hand",23,0.71875,"brodeur",81
"journey","head",11,0.34375,NA,NA
"journey","home",21,0.65625,NA,NA
"journey","hydrant",11,0.34375,NA,NA
"journey","iphone",23,0.71875,NA,NA
"journey","kitchen",24,0.75,NA,NA
"journey","kite",24,0.75,"brodeur",98
"journey","ladder",20,0.625,"dr2",100
"journey","lady",14,0.4375,NA,NA
"journey","lamp",12,0.375,"boss",92
"journey","land",13,0.40625,NA,NA
"journey","lantern",22,0.6875,NA,NA
"journey","light",26,0.8125,NA,NA
"journey","machine",13,0.40625,NA,NA
"journey","mailbox",24,0.75,"brodeur, dr2",100
"journey","man",19,0.59375,NA,NA
"journey","map",11,0.34375,NA,NA
"journey","marker",11,0.34375,"boss",82
"journey","moat",14,0.4375,NA,NA
"journey","mom",14,0.4375,NA,NA
"journey","net",16,0.5,NA,NA
"journey","night",18,0.5625,NA,NA
"journey","paddle",11,0.34375,NA,NA
"journey","page",15,0.46875,NA,NA
"journey","palm",25,0.78125,NA,NA
"journey","papers",16,0.5,NA,NA
"journey","people",21,0.65625,NA,NA
"journey","person",14,0.4375,NA,NA
"journey","picture",20,0.625,NA,NA
"journey","propeller",11,0.34375,NA,NA
"journey","rectangle",15,0.46875,NA,NA
"journey","river",15,0.46875,NA,NA
"journey","riverboat",20,0.625,NA,NA
"journey","room",26,0.8125,NA,NA
"journey","scooter",24,0.75,"brodeur",90
"journey","shoulder",18,0.5625,NA,NA
"journey","sky",24,0.75,NA,NA
"journey","star",18,0.5625,NA,NA
"journey","step",17,0.53125,NA,NA
"journey","street",21,0.65625,NA,NA
"journey","string",11,0.34375,NA,NA
"journey","tail",12,0.375,NA,NA
"journey","tower",15,0.46875,"mm",78
"journey","towers",11,0.34375,NA,NA
"journey","tree",28,0.875,"brodeur",95
"journey","wall",26,0.8125,NA,NA
"journey","water",25,0.78125,NA,NA
"journey","waterfall",23,0.71875,"brodeur",95
"journey","wheel",19,0.59375,"boss",82
"journey","window",12,0.375,"brodeur",82
"journey","world",12,0.375,NA,NA
"make_a_splash","bikini",12,0.375,NA,NA
"make_a_splash","bridge",12,0.375,"brodeur",90
"make_a_splash","dragon",20,0.625,NA,NA
"make_a_splash","elephant",20,0.625,"brodeur",95
"make_a_splash","float",21,0.65625,NA,NA
"make_a_splash","gun",14,0.4375,"mm",90
"make_a_splash","kid",21,0.65625,NA,NA
"make_a_splash","lake",14,0.4375,NA,NA
"make_a_splash","lifeguard",19,0.59375,NA,NA
"make_a_splash","lot",21,0.65625,NA,NA
"make_a_splash","park",24,0.75,NA,NA
"make_a_splash","penguin",11,0.34375,"mm",99
"make_a_splash","people",28,0.875,NA,NA
"make_a_splash","pool",15,0.46875,"dr2",100
"make_a_splash","rainbow",11,0.34375,NA,NA
"make_a_splash","serpent",14,0.4375,NA,NA
"make_a_splash","serpents",13,0.40625,NA,NA
"make_a_splash","ship",21,0.65625,"mm",74
"make_a_splash","slide",28,0.875,"dr2",95.5
"make_a_splash","water",28,0.875,NA,NA
"picture_this","adult",18,0.5625,NA,NA
"picture_this","bear",12,0.375,"dr2",100
"picture_this","cactus",13,0.40625,"brodeur",93
"picture_this","cap",15,0.46875,"mm",96
"picture_this","caveman",19,0.59375,NA,NA
"picture_this","dog",23,0.71875,NA,NA
"picture_this","dragon",15,0.46875,NA,NA
"picture_this","drawing",28,0.875,NA,NA
"picture_this","face",13,0.40625,NA,NA
"picture_this","fellow",27,0.84375,NA,NA
"picture_this","fellows",26,0.8125,NA,NA
"picture_this","fish",18,0.5625,"brodeur",90
"picture_this","frame",12,0.375,NA,NA
"picture_this","hand",24,0.75,"brodeur",81
"picture_this","hat",15,0.46875,"dr2",100
"picture_this","head",22,0.6875,NA,NA
"picture_this","human",17,0.53125,NA,NA
"picture_this","lady",12,0.375,NA,NA
"picture_this","lot",13,0.40625,NA,NA
"picture_this","palm",19,0.59375,NA,NA
"picture_this","people",23,0.71875,NA,NA
"picture_this","photo",24,0.75,NA,NA
"picture_this","shirt",14,0.4375,"mm",99
"picture_this","tree",23,0.71875,"brodeur",95
"picture_this","wrestler",15,0.46875,NA,NA
"quest","aqueduct",13,0.40625,NA,NA
"quest","balloon",11,0.34375,"boss",87
"quest","belt",16,0.5,"boss",95
"quest","bench",20,0.625,"brodeur",76
"quest","bird",28,0.875,"dr2",100
"quest","boy",29,0.90625,NA,NA
"quest","bridge",29,0.90625,"brodeur",90
"quest","cage",16,0.5,NA,NA
"quest","castle",25,0.78125,"dr2",100
"quest","child",18,0.5625,NA,NA
"quest","circle",23,0.71875,NA,NA
"quest","city",26,0.8125,"dr2",74.1
"quest","confier",26,0.8125,NA,NA
"quest","conifer",26,0.8125,NA,NA
"quest","crayon",17,0.53125,"boss",82
"quest","creature",12,0.375,NA,NA
"quest","crown",29,0.90625,"brodeur",88
"quest","door",29,0.90625,NA,NA
"quest","doorway",17,0.53125,NA,NA
"quest","dragonfly",22,0.6875,"brodeur",76
"quest","fire",19,0.59375,NA,NA
"quest","fish",17,0.53125,"brodeur",90
"quest","flipper",19,0.59375,NA,NA
"quest","foot",12,0.375,NA,NA
"quest","gaslamp",26,0.8125,NA,NA
"quest","gear",12,0.375,NA,NA
"quest","girl",23,0.71875,NA,NA
"quest","ground",17,0.53125,NA,NA
"quest","guard",19,0.59375,NA,NA
"quest","hand",23,0.71875,"brodeur",81
"quest","head",19,0.59375,NA,NA
"quest","helmet",14,0.4375,"dr2",100
"quest","island",19,0.59375,"mm",84
"quest","key",28,0.875,"boss",97
"quest","kid",17,0.53125,NA,NA
"quest","king",26,0.8125,NA,NA
"quest","land",16,0.5,NA,NA
"quest","lot",19,0.59375,NA,NA
"quest","magic",12,0.375,NA,NA
"quest","man",20,0.625,NA,NA
"quest","map",28,0.875,NA,NA
"quest","moat",13,0.40625,NA,NA
"quest","momument",25,0.78125,NA,NA
"quest","monument",25,0.78125,NA,NA
"quest","mountain",26,0.8125,"mm",83
"quest","orange",13,0.40625,"boss",100
"quest","page",20,0.625,NA,NA
"quest","palm",23,0.71875,NA,NA
"quest","park",24,0.75,NA,NA
"quest","people",25,0.78125,NA,NA
"quest","person",12,0.375,NA,NA
"quest","picture",20,0.625,NA,NA
"quest","purple",23,0.71875,NA,NA
"quest","pyramid",12,0.375,"mm",84
"quest","rain",19,0.59375,NA,NA
"quest","rainbow",29,0.90625,NA,NA
"quest","rock",25,0.78125,NA,NA
"quest","rope",22,0.6875,"boss",86
"quest","scene",14,0.4375,NA,NA
"quest","scuba",13,0.40625,NA,NA
"quest","sea",15,0.46875,"mm",93
"quest","seahorse",19,0.59375,"dr2",96.4
"quest","seat",11,0.34375,NA,NA
"quest","ship",14,0.4375,"mm",74
"quest","shoulder",20,0.625,NA,NA
"quest","sky",22,0.6875,NA,NA
"quest","soldier",17,0.53125,"dr2",75
"quest","spear",17,0.53125,"brodeur",75
"quest","swing",25,0.78125,"brodeur",98
"quest","tail",12,0.375,NA,NA
"quest","tank",14,0.4375,"dr2",95.1
"quest","temple",15,0.46875,NA,NA
"quest","tentacle",14,0.4375,NA,NA
"quest","time",13,0.40625,NA,NA
"quest","tower",17,0.53125,"mm",78
"quest","underwater",14,0.4375,NA,NA
"quest","water",29,0.90625,NA,NA
"quest","waterfall",18,0.5625,"brodeur",95
"quest","wheel",15,0.46875,"boss",82
"quest","wing",18,0.5625,NA,NA
"quest","world",11,0.34375,NA,NA
"return","arm",20,0.625,"mm",96
"return","balloon",14,0.4375,"boss",87
"return","bed",15,0.46875,"brodeur",81
"return","bedroom",19,0.59375,NA,NA
"return","bird",29,0.90625,"dr2",100
"return","board",11,0.34375,NA,NA
"return","boat",28,0.875,"mm",86
"return","box",21,0.65625,"dr2",95.4545455
"return","boy",26,0.8125,NA,NA
"return","bridge",19,0.59375,"brodeur",90
"return","brook",18,0.5625,NA,NA
"return","butterfly",14,0.4375,"mm",99
"return","cage",27,0.84375,NA,NA
"return","castle",26,0.8125,"dr2",100
"return","cat",15,0.46875,"brodeur",88
"return","cave",28,0.875,NA,NA
"return","chair",15,0.46875,"brodeur",88
"return","crayon",20,0.625,"boss",82
"return","crown",24,0.75,"brodeur",88
"return","desk",12,0.375,NA,NA
"return","dock",23,0.71875,NA,NA
"return","door",29,0.90625,NA,NA
"return","doorway",13,0.40625,NA,NA
"return","dragon",20,0.625,NA,NA
"return","dragonfly",11,0.34375,"brodeur",76
"return","draw",13,0.40625,NA,NA
"return","drawing",22,0.6875,NA,NA
"return","eye",13,0.40625,"brodeur",76
"return","feather",20,0.625,"boss",100
"return","fellow",25,0.78125,NA,NA
"return","fish",18,0.5625,"brodeur",90
"return","forest",22,0.6875,NA,NA
"return","gentleman",25,0.78125,NA,NA
"return","girl",21,0.65625,NA,NA
"return","guard",12,0.375,NA,NA
"return","guy",14,0.4375,NA,NA
"return","hand",25,0.78125,"brodeur",81
"return","head",22,0.6875,NA,NA
"return","horse",14,0.4375,"brodeur",100
"return","house",22,0.6875,"mm",93
"return","king",26,0.8125,NA,NA
"return","kitchen",19,0.59375,NA,NA
"return","kite",29,0.90625,"brodeur",98
"return","lamp",11,0.34375,"boss",92
"return","lantern",23,0.71875,NA,NA
"return","light",26,0.8125,NA,NA
"return","lot",18,0.5625,NA,NA
"return","marker",11,0.34375,"boss",82
"return","moon",15,0.46875,"mm",95
"return","periscope",13,0.40625,NA,NA
"return","picture",25,0.78125,NA,NA
"return","plant",12,0.375,"boss",84
"return","river",14,0.4375,NA,NA
"return","rock",14,0.4375,NA,NA
"return","ship",12,0.375,"mm",74
"return","sink",12,0.375,"dr2",97.6190476
"return","sky",19,0.59375,NA,NA
"return","soldier",13,0.40625,"dr2",75
"return","stair",20,0.625,NA,NA
"return","submarine",28,0.875,"dr2",100
"return","sword",27,0.84375,"mm",97
"return","table",15,0.46875,"brodeur",81
"return","tail",22,0.6875,NA,NA
"return","throne",12,0.375,NA,NA
"return","tree",24,0.75,"brodeur",95
"return","wall",29,0.90625,NA,NA
"return","wing",21,0.65625,NA,NA
"unfriendly_giants","belt",17,0.53125,"boss",95
"unfriendly_giants","board",11,0.34375,NA,NA
"unfriendly_giants","castle",20,0.625,"dr2",100
"unfriendly_giants","chess",24,0.75,NA,NA
"unfriendly_giants","female",19,0.59375,NA,NA
"unfriendly_giants","flower",18,0.5625,"brodeur, brodeur",89
"unfriendly_giants","gentleman",16,0.5,NA,NA
"unfriendly_giants","giant",28,0.875,NA,NA
"unfriendly_giants","giants",14,0.4375,NA,NA
"unfriendly_giants","ground",11,0.34375,NA,NA
"unfriendly_giants","hammer",12,0.375,"boss",100
"unfriendly_giants","hat",11,0.34375,"dr2",100
"unfriendly_giants","head",15,0.46875,NA,NA
"unfriendly_giants","home",22,0.6875,NA,NA
"unfriendly_giants","people",26,0.8125,NA,NA
"unfriendly_giants","picture",12,0.375,NA,NA
"unfriendly_giants","rope",18,0.5625,"boss",86
"unfriendly_giants","straw",20,0.625,"boss",83
"unfriendly_giants","tree",24,0.75,"brodeur",95
"unfriendly_giants","water",20,0.625,NA,NA
"unfriendly_giants","windmill",24,0.75,"brodeur, dr2",100
"wanderer","airplane",23,0.71875,"dr2",95.4545455
"wanderer","anchor",15,0.46875,"brodeur",93
"wanderer","animal",21,0.65625,NA,NA
"wanderer","arch",13,0.40625,NA,NA
"wanderer","arm",16,0.5,"mm",96
"wanderer","ball",11,0.34375,"mm",89
"wanderer","bird",28,0.875,"dr2",100
"wanderer","boat",28,0.875,"mm",86
"wanderer","bottle",17,0.53125,"dr2",90.9090909
"wanderer","boy",13,0.40625,NA,NA
"wanderer","branch",11,0.34375,NA,NA
"wanderer","bridge",19,0.59375,"brodeur",90
"wanderer","building",23,0.71875,NA,NA
"wanderer","buoy",20,0.625,NA,NA
"wanderer","can",11,0.34375,NA,NA
"wanderer","cave",16,0.5,NA,NA
"wanderer","city",24,0.75,"dr2",74.1
"wanderer","claw",14,0.4375,NA,NA
"wanderer","cloud",15,0.46875,"brodeur",95
"wanderer","coral",18,0.5625,NA,NA
"wanderer","costume",14,0.4375,NA,NA
"wanderer","couple",23,0.71875,NA,NA
"wanderer","crane",25,0.78125,NA,NA
"wanderer","deer",12,0.375,"dr2",100
"wanderer","diver",22,0.6875,NA,NA
"wanderer","dock",17,0.53125,NA,NA
"wanderer","eel",15,0.46875,NA,NA
"wanderer","elephant",21,0.65625,"brodeur",95
"wanderer","face",13,0.40625,NA,NA
"wanderer","fin",18,0.5625,NA,NA
"wanderer","fins",15,0.46875,NA,NA
"wanderer","fish",28,0.875,"brodeur",90
"wanderer","fishing",27,0.84375,NA,NA
"wanderer","flag",13,0.40625,"brodeur",71
"wanderer","flower",13,0.40625,"brodeur, brodeur",89
"wanderer","folk",28,0.875,NA,NA
"wanderer","foot",17,0.53125,NA,NA
"wanderer","gentleman",24,0.75,NA,NA
"wanderer","guy",24,0.75,NA,NA
"wanderer","hand",25,0.78125,"brodeur",81
"wanderer","hat",23,0.71875,"dr2",100
"wanderer","head",25,0.78125,NA,NA
"wanderer","helmet",14,0.4375,"dr2",100
"wanderer","hole",20,0.625,NA,NA
"wanderer","horn",24,0.75,NA,NA
"wanderer","house",21,0.65625,"mm",93
"wanderer","human",28,0.875,NA,NA
"wanderer","humankind",28,0.875,NA,NA
"wanderer","ice",17,0.53125,NA,NA
"wanderer","iceberg",21,0.65625,"mm",81
"wanderer","island",14,0.4375,"mm",84
"wanderer","jellyfish",24,0.75,"brodeur",95
"wanderer","kite",22,0.6875,"brodeur",98
"wanderer","land",19,0.59375,NA,NA
"wanderer","leg",19,0.59375,NA,NA
"wanderer","light",27,0.84375,NA,NA
"wanderer","lighthouse",27,0.84375,"dr2",100
"wanderer","lightning",11,0.34375,NA,NA
"wanderer","lion",12,0.375,"brodeur",88
"wanderer","lobster",23,0.71875,"dr2",100
"wanderer","manta",13,0.40625,NA,NA
"wanderer","moon",25,0.78125,"mm",95
"wanderer","mouth",16,0.5,"mm",76
"wanderer","net",20,0.625,NA,NA
"wanderer","nose",15,0.46875,"brodeur",88
"wanderer","ocean",22,0.6875,NA,NA
"wanderer","oceanscape",27,0.84375,NA,NA
"wanderer","page",18,0.5625,NA,NA
"wanderer","paper",27,0.84375,"dr2",72.7
"wanderer","pearl",11,0.34375,NA,NA
"wanderer","picture",20,0.625,NA,NA
"wanderer","pier",14,0.4375,NA,NA
"wanderer","pipe",16,0.5,"brodeur",83
"wanderer","plant",19,0.59375,"boss",84
"wanderer","pole",15,0.46875,NA,NA
"wanderer","propeller",16,0.5,NA,NA
"wanderer","reef",16,0.5,NA,NA
"wanderer","river",11,0.34375,NA,NA
"wanderer","rock",11,0.34375,NA,NA
"wanderer","rocket",15,0.46875,"dr2",86.3636364
"wanderer","roof",11,0.34375,"dr2",90.9
"wanderer","root",14,0.4375,NA,NA
"wanderer","rope",11,0.34375,"boss",86
"wanderer","sail",23,0.71875,NA,NA
"wanderer","sailboat",22,0.6875,"dr2",85.7
"wanderer","school",22,0.6875,NA,NA
"wanderer","scuba",13,0.40625,NA,NA
"wanderer","sea",27,0.84375,"mm",93
"wanderer","seagull",12,0.375,"mm",83
"wanderer","seahorse",28,0.875,"dr2",96.4
"wanderer","seal",21,0.65625,"brodeur",88
"wanderer","shape",14,0.4375,NA,NA
"wanderer","shell",13,0.40625,NA,NA
"wanderer","ship",26,0.8125,"mm",74
"wanderer","shirt",15,0.46875,"mm",99
"wanderer","shower",13,0.40625,"dr2",96.7741935
"wanderer","sky",27,0.84375,NA,NA
"wanderer","smoke",22,0.6875,NA,NA
"wanderer","snake",17,0.53125,"mm",92
"wanderer","squid",11,0.34375,"brodeur",88
"wanderer","stair",15,0.46875,NA,NA
"wanderer","star",24,0.75,NA,NA
"wanderer","step",16,0.5,NA,NA
"wanderer","storm",14,0.4375,NA,NA
"wanderer","street",16,0.5,NA,NA
"wanderer","stripe",12,0.375,NA,NA
"wanderer","submarine",26,0.8125,"dr2",100
"wanderer","suit",17,0.53125,NA,NA
"wanderer","sun",14,0.4375,"mm",75
"wanderer","swordfish",12,0.375,"brodeur",83
"wanderer","tail",17,0.53125,NA,NA
"wanderer","tank",12,0.375,"dr2",95.1
"wanderer","tentacle",20,0.625,NA,NA
"wanderer","tooth",12,0.375,NA,NA
"wanderer","tree",27,0.84375,"brodeur",95
"wanderer","tunnel",17,0.53125,NA,NA
"wanderer","turtle",27,0.84375,"dr2",95.2380952
"wanderer","water",28,0.875,NA,NA
"wanderer","wave",28,0.875,"mm",89
"wanderer","whale",28,0.875,NA,NA
"wanderer","wheel",11,0.34375,"boss",82
"wanderer","window",16,0.5,"brodeur",82
"wanderer","wing",16,0.5,NA,NA
"wanderer","zebra",13,0.40625,"mm",99
"wild_west","artwork",23,0.71875,NA,NA
"wild_west","bag",14,0.4375,NA,NA
"wild_west","bank",26,0.8125,NA,NA
"wild_west","bison",12,0.375,NA,NA
"wild_west","buggy",26,0.8125,NA,NA
"wild_west","building",18,0.5625,NA,NA
"wild_west","cowboy",23,0.71875,NA,NA
"wild_west","gentleman",19,0.59375,NA,NA
"wild_west","gun",11,0.34375,"mm",90
"wild_west","hand",12,0.375,"brodeur",81
"wild_west","hat",14,0.4375,"dr2",100
"wild_west","horse",26,0.8125,"brodeur",100
"wild_west","hotel",29,0.90625,NA,NA
"wild_west","jail",27,0.84375,NA,NA
"wild_west","ladder",12,0.375,"dr2",100
"wild_west","locomotive",28,0.875,NA,NA
"wild_west","lot",22,0.6875,NA,NA
"wild_west","page",12,0.375,NA,NA
"wild_west","people",30,0.9375,NA,NA
"wild_west","photo",22,0.6875,NA,NA
"wild_west","postage",15,0.46875,NA,NA
"wild_west","roof",17,0.53125,"dr2",90.9
"wild_west","saloon",30,0.9375,NA,NA
"wild_west","shirt",16,0.5,"mm",99
"wild_west","shop",16,0.5,NA,NA
"wild_west","stable",13,0.40625,NA,NA
"wild_west","street",13,0.40625,NA,NA
"wild_west","sunset",17,0.53125,NA,NA
"wild_west","top",16,0.5,NA,NA
"journey","firehydrant",11,34.375,"dr2",100
"wanderer","fishingpole",17,53.125,"dr2",94.2857143
"escape_from_the_zoo","hotdog",18,56.25,"brodeur",74
"escape_from_the_zoo","icecreamcone",12,37.5,"dr2",90
"flowerman","lawnmower",15,46.875,"brodeur",98
"being_a_pirate","palmtree",17,53.125,"mm",97
"journey","palmtree",25,78.125,"mm",97
"picture_this","palmtree",19,59.375,"mm",97
"quest","palmtree",24,75,"mm",97
"wanderer","paperairplane",21,65.625,NA,NA
"escape_from_the_zoo","polarbear",25,78.125,"brodeur",90
