"","stimuli","lemma","n","percent","id","source","agreement"
"1","airport","airport",30,93.75,1,NA,NA
"2","airport","people",30,93.75,2,NA,NA
"3","airport","plane",29,90.625,3,NA,NA
"4","airport","luggage",27,84.375,4,NA,NA
"5","airport","fire",26,81.25,5,NA,NA
"6","airport","balloon",24,75,6,"boss",87
"7","airport","airplane",22,68.75,7,"dr2",95.4545455
"8","airport","bus",22,68.75,8,"mm",76
"9","airport","truck",21,65.625,9,"dr2",95.4545455
"10","airport","helicopter",18,56.25,10,"brodeur",90
"11","airport","elephant",17,53.125,11,"brodeur",95
"12","airport","man",16,50,12,NA,NA
"13","airport","flag",15,46.875,13,"brodeur",71
"14","airport","baggage",14,43.75,14,NA,NA
"15","airport","line",14,43.75,15,NA,NA
"16","airport","smoke",14,43.75,16,NA,NA
"17","airport","cart",13,40.625,17,"mm",75
"18","airport","couple",13,40.625,18,NA,NA
"19","airport","jet",13,40.625,19,NA,NA
"20","airport","sky",13,40.625,20,NA,NA
"21","airport","tower",13,40.625,21,"mm",78
"22","airport","water",13,40.625,22,NA,NA
"23","airport","hose",12,37.5,23,NA,NA
"24","airport","rocket",12,37.5,24,"dr2",86.3636364
"25","airport","watch",12,37.5,25,"dr2",95.4545455
"26","airport","blimp",11,34.375,26,"dr2",91.3
"27","airport","waldo",11,34.375,27,NA,NA
"28","airport","wing",11,34.375,28,NA,NA
"29","airport","attendant",10,31.25,29,NA,NA
"30","airport","card",10,31.25,30,NA,NA
"31","airport","stair",10,31.25,31,NA,NA
"32","airport","tarmac",10,31.25,32,NA,NA
"33","arrival_1","hand",28,87.5,33,"brodeur",81
"34","arrival_1","hat",27,84.375,34,"dr2",100
"35","arrival_1","train",27,84.375,35,"mm",93
"36","arrival_1","bird",26,81.25,36,"dr2",100
"37","arrival_1","girl",26,81.25,37,NA,NA
"38","arrival_1","picture",26,81.25,38,NA,NA
"39","arrival_1","clock",25,78.125,39,"boss",92
"40","arrival_1","child",23,71.875,40,NA,NA
"41","arrival_1","family",23,71.875,41,NA,NA
"42","arrival_1","suitcase",23,71.875,42,"dr2",97.0588235
"43","arrival_1","pot",22,68.75,43,"dr2",100
"44","arrival_1","boot",21,65.625,44,"boss",82
"45","arrival_1","cup",21,65.625,45,"mm",82
"46","arrival_1","man",21,65.625,46,NA,NA
"47","arrival_1","paper",21,65.625,47,"dr2",72.7
"48","arrival_1","teapot",21,65.625,48,"dr2",93.3
"49","arrival_1","shadow",20,62.5,49,NA,NA
"50","arrival_1","spoon",20,62.5,50,"boss",92
"51","arrival_1","tea",20,62.5,51,NA,NA
"52","arrival_1","wall",19,59.375,52,NA,NA
"53","arrival_1","woman",19,59.375,53,NA,NA
"54","arrival_1","bowl",18,56.25,54,"boss",85
"55","arrival_1","people",18,56.25,55,NA,NA
"56","arrival_1","table",18,56.25,56,"brodeur",81
"57","arrival_1","eye",17,53.125,57,"brodeur",76
"58","arrival_1","origami",17,53.125,58,NA,NA
"59","arrival_1","tail",17,53.125,59,NA,NA
"60","arrival_1","dragon",15,46.875,60,NA,NA
"61","arrival_1","head",15,46.875,61,NA,NA
"62","arrival_1","ship",15,46.875,62,"mm",74
"63","arrival_1","shoulder",15,46.875,63,NA,NA
"64","arrival_1","soup",15,46.875,64,NA,NA
"65","arrival_1","station",15,46.875,65,NA,NA
"66","arrival_1","cloth",14,43.75,66,NA,NA
"67","arrival_1","kitchen",13,40.625,67,NA,NA
"68","arrival_1","street",13,40.625,68,NA,NA
"69","arrival_1","string",13,40.625,69,NA,NA
"70","arrival_1","breakfast",12,37.5,70,NA,NA
"71","arrival_1","bed",11,34.375,71,"brodeur",81
"72","arrival_1","hook",11,34.375,72,NA,NA
"73","arrival_1","person",11,34.375,73,NA,NA
"74","arrival_1","photo",11,34.375,74,NA,NA
"75","arrival_1","smoke",11,34.375,75,NA,NA
"76","arrival_1","steam",11,34.375,76,NA,NA
"77","arrival_1","trunk",11,34.375,77,NA,NA
"78","arrival_1","belt",10,31.25,78,"boss",95
"79","arrival_1","coat",10,31.25,79,"mm",96
"80","arrival_1","scarf",10,31.25,80,"boss",95
"81","arrival_2","boat",28,87.5,81,"mm",86
"82","arrival_2","people",28,87.5,82,NA,NA
"83","arrival_2","bird",27,84.375,83,"dr2",100
"84","arrival_2","hand",26,81.25,84,"brodeur",81
"85","arrival_2","man",26,81.25,85,NA,NA
"86","arrival_2","page",25,78.125,86,NA,NA
"87","arrival_2","woman",25,78.125,87,NA,NA
"88","arrival_2","ship",23,71.875,88,"mm",74
"89","arrival_2","statue",22,68.75,89,"dr2",93.3
"90","arrival_2","suitcase",22,68.75,90,"dr2",97.0588235
"91","arrival_2","city",20,62.5,91,"dr2",74.1
"92","arrival_2","book",19,59.375,92,"boss",90
"93","arrival_2","baby",18,56.25,93,NA,NA
"94","arrival_2","hat",18,56.25,94,"dr2",100
"95","arrival_2","sky",18,56.25,95,NA,NA
"96","arrival_2","arm",17,53.125,96,"mm",96
"97","arrival_2","shoulder",17,53.125,97,NA,NA
"98","arrival_2","picture",16,50,98,NA,NA
"99","arrival_2","head",15,46.875,99,NA,NA
"100","arrival_2","megaphone",15,46.875,100,NA,NA
"101","arrival_2","one",15,46.875,101,NA,NA
"102","arrival_2","gate",14,43.75,102,"brodeur",71
"103","arrival_2","paper",14,43.75,103,"dr2",72.7
"104","arrival_2","water",14,43.75,104,NA,NA
"105","arrival_2","harbor",13,40.625,105,NA,NA
"106","arrival_2","origami",13,40.625,106,NA,NA
"107","arrival_2","luggage",12,37.5,107,NA,NA
"108","arrival_2","person",11,34.375,108,NA,NA
"109","arrival_2","scene",11,34.375,109,NA,NA
"110","arrival_2","tail",11,34.375,110,NA,NA
"111","arrival_2","teapot",11,34.375,111,"dr2",93.3
"112","arrival_2","child",10,31.25,112,NA,NA
"113","arrival_2","deck",10,31.25,113,NA,NA
"114","arrival_3","man",29,90.625,114,NA,NA
"115","arrival_3","hat",28,87.5,115,"dr2",100
"116","arrival_3","book",27,84.375,116,"boss",90
"117","arrival_3","egg",27,84.375,117,"dr2",100
"118","arrival_3","cat",26,81.25,118,"brodeur",88
"119","arrival_3","suitcase",26,81.25,119,"dr2",97.0588235
"120","arrival_3","woman",26,81.25,120,NA,NA
"121","arrival_3","bed",22,68.75,121,"brodeur",81
"122","arrival_3","people",22,68.75,122,NA,NA
"123","arrival_3","street",22,68.75,123,NA,NA
"124","arrival_3","ground",21,65.625,124,NA,NA
"125","arrival_3","newspaper",21,65.625,125,NA,NA
"126","arrival_3","picture",21,65.625,126,NA,NA
"127","arrival_3","bird",20,62.5,127,"dr2",100
"128","arrival_3","cart",20,62.5,128,"mm",75
"129","arrival_3","hand",20,62.5,129,"brodeur",81
"130","arrival_3","barber",19,59.375,130,NA,NA
"131","arrival_3","boy",19,59.375,131,NA,NA
"132","arrival_3","head",18,56.25,132,NA,NA
"133","arrival_3","light",18,56.25,133,NA,NA
"134","arrival_3","snail",18,56.25,134,NA,NA
"135","arrival_3","time",18,56.25,135,NA,NA
"136","arrival_3","basket",17,53.125,136,"boss",81
"137","arrival_3","clock",17,53.125,137,"boss",92
"138","arrival_3","violin",17,53.125,138,"boss",97
"139","arrival_3","watch",17,53.125,139,"dr2",95.4545455
"140","arrival_3","animal",16,50,140,NA,NA
"141","arrival_3","instrument",16,50,141,NA,NA
"142","arrival_3","accordion",14,43.75,142,"brodeur, mm",97
"143","arrival_3","arrow",14,43.75,143,"mm",94
"144","arrival_3","map",14,43.75,144,NA,NA
"145","arrival_3","arm",13,40.625,145,"mm",96
"146","arrival_3","sign",13,40.625,146,NA,NA
"147","arrival_3","person",12,37.5,147,NA,NA
"148","arrival_3","rabbit",10,31.25,148,"brodeur",88
"149","arrival_3","shoulder",10,31.25,149,NA,NA
"150","arrival_3","wind",10,31.25,150,NA,NA
"151","arrival_3","window",10,31.25,151,"brodeur",82
"152","arrival_4","ear",12,37.5,152,"mm",99
"153","arrival_4","book",28,87.5,153,"boss",90
"154","arrival_4","hat",28,87.5,154,"dr2",100
"155","arrival_4","map",28,87.5,155,NA,NA
"156","arrival_4","people",28,87.5,156,NA,NA
"157","arrival_4","ticket",28,87.5,157,NA,NA
"158","arrival_4","train",28,87.5,158,"mm",93
"159","arrival_4","boy",27,84.375,159,NA,NA
"160","arrival_4","boat",26,81.25,160,"mm",86
"161","arrival_4","city",26,81.25,161,"dr2",74.1
"162","arrival_4","drawer",26,81.25,162,"dr2",82.1
"163","arrival_4","man",26,81.25,163,NA,NA
"164","arrival_4","picture",26,81.25,164,NA,NA
"165","arrival_4","shovel",26,81.25,165,"mm",96
"166","arrival_4","tail",26,81.25,166,NA,NA
"167","arrival_4","basket",24,75,167,"boss",81
"168","arrival_4","sky",24,75,168,NA,NA
"169","arrival_4","woman",24,75,169,NA,NA
"170","arrival_4","cat",23,71.875,170,"brodeur",88
"171","arrival_4","hand",23,71.875,171,"brodeur",81
"172","arrival_4","lot",23,71.875,172,NA,NA
"173","arrival_4","money",23,71.875,173,NA,NA
"174","arrival_4","pocket",23,71.875,174,NA,NA
"175","arrival_4","building",22,68.75,175,NA,NA
"176","arrival_4","door",22,68.75,176,NA,NA
"177","arrival_4","fish",22,68.75,177,"brodeur",90
"178","arrival_4","girl",21,65.625,178,NA,NA
"179","arrival_4","street",21,65.625,179,NA,NA
"180","arrival_4","bread",20,62.5,180,NA,NA
"181","arrival_4","food",20,62.5,181,NA,NA
"182","arrival_4","top",19,59.375,182,NA,NA
"183","arrival_4","bird",17,53.125,183,"dr2",100
"184","arrival_4","paper",17,53.125,184,"dr2",72.7
"185","arrival_4","phone",17,53.125,185,NA,NA
"186","arrival_4","ship",17,53.125,186,"mm",74
"187","arrival_4","shoe",17,53.125,187,"boss",77
"188","arrival_4","vest",17,53.125,188,NA,NA
"189","arrival_4","wall",17,53.125,189,NA,NA
"190","arrival_4","chimney",16,50,190,"brodeur",86
"191","arrival_4","coal",16,50,191,NA,NA
"192","arrival_4","page",16,50,192,NA,NA
"193","arrival_4","snake",16,50,193,"mm",92
"194","arrival_4","statue",16,50,194,"dr2",93.3
"195","arrival_4","arm",15,46.875,195,"mm",96
"196","arrival_4","bench",15,46.875,196,"brodeur",76
"197","arrival_4","face",15,46.875,197,NA,NA
"198","arrival_4","fire",15,46.875,198,NA,NA
"199","arrival_4","fruit",15,46.875,199,NA,NA
"200","arrival_4","furnace",15,46.875,200,NA,NA
"201","arrival_4","house",15,46.875,201,"mm",93
"202","arrival_4","pet",15,46.875,202,NA,NA
"203","arrival_4","shower",15,46.875,203,"dr2",96.7741935
"204","arrival_4","ladder",14,43.75,204,"dr2",100
"205","arrival_4","smoke",14,43.75,205,NA,NA
"206","arrival_4","telephone",14,43.75,206,NA,NA
"207","arrival_4","billboard",13,40.625,207,NA,NA
"208","arrival_4","bowl",13,40.625,208,"boss",85
"209","arrival_4","box",13,40.625,209,"dr2",95.4545455
"210","arrival_4","bridge",13,40.625,210,"brodeur",90
"211","arrival_4","ground",13,40.625,211,NA,NA
"212","arrival_4","horn",13,40.625,212,NA,NA
"213","arrival_4","lever",13,40.625,213,NA,NA
"214","arrival_4","megaphone",13,40.625,214,NA,NA
"215","arrival_4","number",13,40.625,215,NA,NA
"216","arrival_4","bag",12,37.5,216,NA,NA
"217","arrival_4","cone",12,37.5,217,NA,NA
"218","arrival_4","head",12,37.5,218,NA,NA
"219","arrival_4","tentacle",12,37.5,219,NA,NA
"220","arrival_4","conversation",11,34.375,220,NA,NA
"221","arrival_4","glass",11,34.375,221,NA,NA
"222","arrival_4","teepee",11,34.375,222,"dr2",100
"223","arrival_4","car",10,31.25,223,"mm",93
"224","arrival_4","conductor",10,31.25,224,NA,NA
"225","arrival_4","eye",10,31.25,225,"brodeur",76
"226","arrival_4","foot",10,31.25,226,NA,NA
"227","arrival_4","loaf",10,31.25,227,NA,NA
"228","arrival_4","mouth",10,31.25,228,"mm",76
"229","arrival_4","vegetable",10,31.25,229,NA,NA
"230","arrival_5","boy",28,87.5,230,NA,NA
"231","arrival_5","man",27,84.375,231,NA,NA
"232","arrival_5","people",27,84.375,232,NA,NA
"233","arrival_5","hat",26,81.25,233,"dr2",100
"234","arrival_5","woman",26,81.25,234,NA,NA
"235","arrival_5","cat",24,75,235,"brodeur",88
"236","arrival_5","boat",23,71.875,236,"mm",86
"237","arrival_5","building",23,71.875,237,NA,NA
"238","arrival_5","food",23,71.875,238,NA,NA
"239","arrival_5","fish",22,68.75,239,"brodeur",90
"240","arrival_5","paper",22,68.75,240,"dr2",72.7
"241","arrival_5","table",22,68.75,241,"brodeur",81
"242","arrival_5","basket",21,65.625,242,"boss",81
"243","arrival_5","bird",21,65.625,243,"dr2",100
"244","arrival_5","hand",21,65.625,244,"brodeur",81
"245","arrival_5","picture",20,62.5,245,NA,NA
"246","arrival_5","bowl",19,59.375,246,"boss",85
"247","arrival_5","origami",19,59.375,247,NA,NA
"248","arrival_5","city",18,56.25,248,"dr2",74.1
"249","arrival_5","pet",18,56.25,249,NA,NA
"250","arrival_5","ladder",17,53.125,250,"dr2",100
"251","arrival_5","street",17,53.125,251,NA,NA
"252","arrival_5","accordion",16,50,252,"brodeur, mm",97
"253","arrival_5","banjo",16,50,253,"brodeur",95
"254","arrival_5","fruit",16,50,254,NA,NA
"255","arrival_5","house",16,50,255,"mm",93
"256","arrival_5","rope",16,50,256,"boss",86
"257","arrival_5","shirt",16,50,257,"mm",99
"258","arrival_5","water",16,50,258,NA,NA
"259","arrival_5","owl",15,46.875,259,"brodeur",100
"260","arrival_5","door",14,43.75,260,NA,NA
"261","arrival_5","flute",14,43.75,261,NA,NA
"262","arrival_5","pot",14,43.75,262,"dr2",100
"263","arrival_5","wall",14,43.75,263,NA,NA
"264","arrival_5","bed",13,40.625,264,"brodeur",81
"265","arrival_5","chef",13,40.625,265,NA,NA
"266","arrival_5","glass",13,40.625,266,NA,NA
"267","arrival_5","jacket",13,40.625,267,"dr2",72.7272727
"268","arrival_5","plate",13,40.625,268,"boss",92
"269","arrival_5","window",13,40.625,269,"brodeur",82
"270","arrival_5","cart",12,37.5,270,"mm",75
"271","arrival_5","tail",12,37.5,271,NA,NA
"272","arrival_5","vegetable",12,37.5,272,NA,NA
"273","arrival_5","light",11,34.375,273,NA,NA
"274","arrival_5","stair",11,34.375,274,NA,NA
"275","arrival_5","statue",11,34.375,275,"dr2",93.3
"276","arrival_5","top",11,34.375,276,NA,NA
"277","arrival_5","wine",11,34.375,277,"dr2",70.7
"278","arrival_5","counter",10,31.25,278,NA,NA
"279","arrival_5","eye",10,31.25,279,"brodeur",76
"280","arrival_6","envelope",26,81.25,280,"boss",100
"281","arrival_6","man",26,81.25,281,NA,NA
"282","arrival_6","bird",25,78.125,282,"dr2",100
"283","arrival_6","hat",25,78.125,283,"dr2",100
"284","arrival_6","cup",24,75,284,"mm",82
"285","arrival_6","flower",24,75,285,"brodeur, brodeur",89
"286","arrival_6","letter",24,75,286,NA,NA
"287","arrival_6","window",24,75,287,"brodeur",82
"288","arrival_6","ladder",23,71.875,288,"dr2",100
"289","arrival_6","money",23,71.875,289,NA,NA
"290","arrival_6","picture",23,71.875,290,NA,NA
"291","arrival_6","woman",23,71.875,291,NA,NA
"292","arrival_6","leaf",22,68.75,292,"boss",97
"293","arrival_6","stamp",22,68.75,293,NA,NA
"294","arrival_6","bed",21,65.625,294,"brodeur",81
"295","arrival_6","boot",21,65.625,295,"boss",82
"296","arrival_6","building",21,65.625,296,NA,NA
"297","arrival_6","girl",21,65.625,297,NA,NA
"298","arrival_6","ground",21,65.625,298,NA,NA
"299","arrival_6","hand",21,65.625,299,"brodeur",81
"300","arrival_6","paper",21,65.625,300,"dr2",72.7
"301","arrival_6","shape",21,65.625,301,NA,NA
"302","arrival_6","bowl",20,62.5,302,"boss",85
"303","arrival_6","pot",20,62.5,303,"dr2",100
"304","arrival_6","table",20,62.5,304,"brodeur",81
"305","arrival_6","child",19,59.375,305,NA,NA
"306","arrival_6","coin",19,59.375,306,NA,NA
"307","arrival_6","drawing",19,59.375,307,NA,NA
"308","arrival_6","origami",18,56.25,308,NA,NA
"309","arrival_6","animal",17,53.125,309,NA,NA
"310","arrival_6","coffee",17,53.125,310,NA,NA
"311","arrival_6","snow",17,53.125,311,NA,NA
"312","arrival_6","mailbox",16,50,312,"brodeur, dr2",100
"313","arrival_6","sky",16,50,313,NA,NA
"314","arrival_6","stair",15,46.875,314,NA,NA
"315","arrival_6","tree",15,46.875,315,"brodeur",95
"316","arrival_6","balloon",14,43.75,316,"boss",87
"317","arrival_6","desk",14,43.75,317,NA,NA
"318","arrival_6","floor",14,43.75,318,"dr2",100
"319","arrival_6","newspaper",14,43.75,319,NA,NA
"320","arrival_6","pen",14,43.75,320,"boss",90
"321","arrival_6","tail",14,43.75,321,NA,NA
"322","arrival_6","time",14,43.75,322,NA,NA
"323","arrival_6","basket",13,40.625,323,"boss",81
"324","arrival_6","dish",13,40.625,324,NA,NA
"325","arrival_6","food",13,40.625,325,NA,NA
"326","arrival_6","person",13,40.625,326,NA,NA
"327","arrival_6","hole",12,37.5,327,NA,NA
"328","arrival_6","lamp",12,37.5,328,"boss",92
"329","arrival_6","people",12,37.5,329,NA,NA
"330","arrival_6","boat",11,34.375,330,"mm",86
"331","arrival_6","city",11,34.375,331,"dr2",74.1
"332","arrival_6","light",11,34.375,332,NA,NA
"333","arrival_6","mirror",11,34.375,333,"dr2",100
"334","arrival_6","mouse",11,34.375,334,"dr2",100
"335","arrival_6","petal",11,34.375,335,NA,NA
"336","arrival_6","seed",11,34.375,336,NA,NA
"337","arrival_6","baby",10,31.25,337,NA,NA
"338","arrival_6","couple",10,31.25,338,NA,NA
"339","arrival_6","finger",10,31.25,339,"mm",90
"340","arrival_6","frame",10,31.25,340,NA,NA
"341","arrival_6","head",10,31.25,341,NA,NA
"342","arrival_6","hook",10,31.25,342,NA,NA
"343","arrival_6","machine",10,31.25,343,NA,NA
"344","arrival_6","page",10,31.25,344,NA,NA
"345","arrival_6","stem",10,31.25,345,NA,NA
"346","being_a_pirate","pirate",28,87.5,346,NA,NA
"347","being_a_pirate","ship",28,87.5,347,"mm",74
"348","being_a_pirate","people",26,81.25,348,NA,NA
"349","being_a_pirate","water",24,75,349,NA,NA
"350","being_a_pirate","flag",22,68.75,350,"brodeur",71
"351","being_a_pirate","cannon",20,62.5,351,"mm",98
"352","being_a_pirate","tree",18,56.25,352,"brodeur",95
"353","being_a_pirate","lot",18,56.25,353,NA,NA
"354","being_a_pirate","octopus",17,53.125,354,NA,NA
"355","being_a_pirate","palm",17,53.125,355,NA,NA
"356","being_a_pirate","skull",13,40.625,356,NA,NA
"357","being_a_pirate","crossbone",12,37.5,357,NA,NA
"358","being_a_pirate","mast",12,37.5,358,NA,NA
"359","being_a_pirate","sea",12,37.5,359,"mm",93
"360","being_a_pirate","beach",11,34.375,360,NA,NA
"361","being_a_pirate","couple",11,34.375,361,NA,NA
"362","being_a_pirate","land",11,34.375,362,NA,NA
"363","being_a_pirate","picture",11,34.375,363,NA,NA
"364","being_a_pirate","shore",11,34.375,364,NA,NA
"365","being_a_pirate","treasure",11,34.375,365,NA,NA
"366","being_a_pirate","man",10,31.25,366,NA,NA
"367","being_a_pirate","row",10,31.25,367,NA,NA
"368","being_a_pirate","sail",10,31.25,368,NA,NA
"369","being_a_pirate","scene",13,40.625,369,NA,NA
"370","being_a_pirate","boat",27,84.375,370,"mm",86
"371","birthday_party_fun","animal",10,31.25,371,NA,NA
"372","birthday_party_fun","backyard",10,31.25,372,NA,NA
"373","birthday_party_fun","balloon",13,40.625,373,"boss",87
"374","birthday_party_fun","bat",15,46.875,374,"mm",96
"375","birthday_party_fun","bunny",11,34.375,375,NA,NA
"376","birthday_party_fun","cake",24,75,376,NA,NA
"377","birthday_party_fun","castle",19,59.375,377,"dr2",100
"378","birthday_party_fun","child",10,31.25,378,NA,NA
"379","birthday_party_fun","clown",19,59.375,379,NA,NA
"380","birthday_party_fun","costume",25,78.125,380,NA,NA
"381","birthday_party_fun","cupcake",10,31.25,381,"brodeur",95
"382","birthday_party_fun","elephant",10,31.25,382,"brodeur",95
"383","birthday_party_fun","fence",17,53.125,383,"dr2",100
"384","birthday_party_fun","food",20,62.5,384,NA,NA
"385","birthday_party_fun","gift",10,31.25,385,NA,NA
"386","birthday_party_fun","girl",11,34.375,386,NA,NA
"387","birthday_party_fun","gun",13,40.625,387,"mm",90
"388","birthday_party_fun","house",13,40.625,388,"mm",93
"389","birthday_party_fun","kid",17,53.125,389,NA,NA
"390","birthday_party_fun","lantern",11,34.375,390,NA,NA
"391","birthday_party_fun","lion",14,43.75,391,"brodeur",88
"392","birthday_party_fun","lot",21,65.625,392,NA,NA
"393","birthday_party_fun","one",11,34.375,393,NA,NA
"394","birthday_party_fun","party",27,84.375,394,NA,NA
"395","birthday_party_fun","penguin",16,50,395,"mm",99
"396","birthday_party_fun","people",26,81.25,396,NA,NA
"397","birthday_party_fun","person",11,34.375,397,NA,NA
"398","birthday_party_fun","pinata",18,56.25,398,NA,NA
"399","birthday_party_fun","pirate",10,31.25,399,NA,NA
"400","birthday_party_fun","pool",25,78.125,400,"dr2",100
"401","birthday_party_fun","present",16,50,401,NA,NA
"402","birthday_party_fun","robot",11,34.375,402,NA,NA
"403","birthday_party_fun","side",13,40.625,403,NA,NA
"404","birthday_party_fun","table",23,71.875,404,"brodeur",81
"405","birthday_party_fun","tree",15,46.875,405,"brodeur",95
"406","birthday_party_fun","war",17,53.125,406,NA,NA
"407","birthday_party_fun","water",18,56.25,407,NA,NA
"408","birthday_party_fun","witch",17,53.125,408,NA,NA
"409","by_the_lake","people",29,90.625,409,NA,NA
"410","by_the_lake","boat",26,81.25,410,"mm",86
"411","by_the_lake","water",26,81.25,411,NA,NA
"412","by_the_lake","lake",25,78.125,412,NA,NA
"413","by_the_lake","beach",21,65.625,413,NA,NA
"414","by_the_lake","sandcastle",19,59.375,414,"brodeur",95
"415","by_the_lake","volleyball",18,56.25,415,"brodeur",76
"416","by_the_lake","pyramid",16,50,416,"mm",84
"417","by_the_lake","sand",16,50,417,NA,NA
"418","by_the_lake","dog",15,46.875,418,NA,NA
"419","by_the_lake","ball",14,43.75,419,"mm",89
"420","by_the_lake","building",14,43.75,420,NA,NA
"421","by_the_lake","castle",14,43.75,421,"dr2",100
"422","by_the_lake","dragon",14,43.75,422,NA,NA
"423","by_the_lake","house",14,43.75,423,"mm",93
"424","by_the_lake","kid",14,43.75,424,NA,NA
"425","by_the_lake","man",14,43.75,425,NA,NA
"426","by_the_lake","cabin",13,40.625,426,NA,NA
"427","by_the_lake","dock",13,40.625,427,NA,NA
"428","by_the_lake","net",13,40.625,428,NA,NA
"429","by_the_lake","raft",13,40.625,429,NA,NA
"430","by_the_lake","guitar",12,37.5,430,"brodeur",71
"431","by_the_lake","hand",12,37.5,431,"brodeur",81
"432","by_the_lake","umbrella",12,37.5,432,"boss, dr2",100
"433","by_the_lake","couple",11,34.375,433,NA,NA
"434","by_the_lake","kayak",11,34.375,434,NA,NA
"435","by_the_lake","sailboat",11,34.375,435,"dr2",85.7
"436","by_the_lake","tube",11,34.375,436,NA,NA
"437","by_the_lake","kite",10,31.25,437,"brodeur",98
"438","by_the_lake","kites",10,31.25,438,NA,NA
"439","by_the_lake","mountain",10,31.25,439,"mm",83
"440","by_the_lake","paddle",10,31.25,440,NA,NA
"441","by_the_lake","penguin",10,31.25,441,"mm",99
"442","by_the_lake","person",10,31.25,442,NA,NA
"443","by_the_lake","picture",10,31.25,443,NA,NA
"444","deep_sea_divers","arrow",13,40.625,444,"mm",94
"445","deep_sea_divers","boat",25,78.125,445,"mm",86
"446","deep_sea_divers","chest",11,34.375,446,"dr2, dr2",85.7
"447","deep_sea_divers","diver",13,40.625,447,NA,NA
"448","deep_sea_divers","face",13,40.625,448,NA,NA
"449","deep_sea_divers","fish",26,81.25,449,"brodeur",90
"450","deep_sea_divers","hand",10,31.25,450,"brodeur",81
"451","deep_sea_divers","lot",22,68.75,451,NA,NA
"452","deep_sea_divers","man",12,37.5,452,NA,NA
"453","deep_sea_divers","mermaid",24,75,453,NA,NA
"454","deep_sea_divers","net",16,50,454,NA,NA
"455","deep_sea_divers","octopus",11,34.375,455,NA,NA
"456","deep_sea_divers","people",26,81.25,456,NA,NA
"457","deep_sea_divers","person",12,37.5,457,NA,NA
"458","deep_sea_divers","rock",20,62.5,458,NA,NA
"459","deep_sea_divers","school",12,37.5,459,NA,NA
"460","deep_sea_divers","sea",19,59.375,460,"mm",93
"461","deep_sea_divers","shark",13,40.625,461,"dr2",100
"462","deep_sea_divers","top",16,50,462,NA,NA
"463","deep_sea_divers","water",25,78.125,463,NA,NA
"464","dinosaurs_spacemen_and_ghouls","dinosaur",27,84.375,464,NA,NA
"465","dinosaurs_spacemen_and_ghouls","people",26,81.25,465,NA,NA
"466","dinosaurs_spacemen_and_ghouls","caveman",24,75,466,NA,NA
"467","dinosaurs_spacemen_and_ghouls","light",23,71.875,467,NA,NA
"468","dinosaurs_spacemen_and_ghouls","space",22,68.75,468,NA,NA
"469","dinosaurs_spacemen_and_ghouls","volcano",21,65.625,469,"mm",99
"470","dinosaurs_spacemen_and_ghouls","spaceman",20,62.5,470,NA,NA
"471","dinosaurs_spacemen_and_ghouls","lot",18,56.25,471,NA,NA
"472","dinosaurs_spacemen_and_ghouls","mummy",17,53.125,472,"brodeur",86
"473","dinosaurs_spacemen_and_ghouls","spaceship",17,53.125,473,NA,NA
"474","dinosaurs_spacemen_and_ghouls","cafeteria",16,50,474,NA,NA
"475","dinosaurs_spacemen_and_ghouls","picture",16,50,475,NA,NA
"476","dinosaurs_spacemen_and_ghouls","camera",15,46.875,476,"boss",82
"477","dinosaurs_spacemen_and_ghouls","food",15,46.875,477,NA,NA
"478","dinosaurs_spacemen_and_ghouls","tree",15,46.875,478,"brodeur",95
"479","dinosaurs_spacemen_and_ghouls","alien",14,43.75,479,NA,NA
"480","dinosaurs_spacemen_and_ghouls","ghoul",14,43.75,480,NA,NA
"481","dinosaurs_spacemen_and_ghouls","hand",14,43.75,481,"brodeur",81
"482","dinosaurs_spacemen_and_ghouls","top",14,43.75,482,NA,NA
"483","dinosaurs_spacemen_and_ghouls","costume",12,37.5,483,NA,NA
"484","dinosaurs_spacemen_and_ghouls","door",12,37.5,484,NA,NA
"485","dinosaurs_spacemen_and_ghouls","saucer",12,37.5,485,NA,NA
"486","dinosaurs_spacemen_and_ghouls","pie",11,34.375,486,"mm",73
"487","dinosaurs_spacemen_and_ghouls","astronaut",10,31.25,487,NA,NA
"488","dinosaurs_spacemen_and_ghouls","makeup",10,31.25,488,NA,NA
"489","dinosaurs_spacemen_and_ghouls","one",10,31.25,489,NA,NA
"490","dinosaurs_spacemen_and_ghouls","rocket",10,31.25,490,"dr2",86.3636364
"491","dinosaurs_spacemen_and_ghouls","ship",10,31.25,491,"mm",74
"492","dinosaurs_spacemen_and_ghouls","table",10,31.25,492,"brodeur",81
"493","escape_from_the_zoo","antelope",10,31.25,493,NA,NA
"494","escape_from_the_zoo","bear",25,78.125,494,"dr2",100
"495","escape_from_the_zoo","bird",20,62.5,495,"dr2",100
"496","escape_from_the_zoo","cafe",25,78.125,496,NA,NA
"497","escape_from_the_zoo","cone",12,37.5,497,NA,NA
"498","escape_from_the_zoo","cream",20,62.5,498,NA,NA
"499","escape_from_the_zoo","crebe",17,53.125,499,NA,NA
"500","escape_from_the_zoo","dog",19,59.375,500,NA,NA
"501","escape_from_the_zoo","elephant",19,59.375,501,"brodeur",95
"502","escape_from_the_zoo","flamingo",20,62.5,502,"brodeur",87
"503","escape_from_the_zoo","giraffe",24,75,503,"brodeur, dr2",100
"504","escape_from_the_zoo","gorilla",19,59.375,504,"dr2",85.7
"505","escape_from_the_zoo","ice",28,87.5,505,NA,NA
"506","escape_from_the_zoo","kangaroo",11,34.375,506,"dr2",98.5507246
"507","escape_from_the_zoo","kid",11,34.375,507,NA,NA
"508","escape_from_the_zoo","lion",23,71.875,508,"brodeur",88
"509","escape_from_the_zoo","lions",14,43.75,509,NA,NA
"510","escape_from_the_zoo","lot",15,46.875,510,NA,NA
"511","escape_from_the_zoo","man",11,34.375,511,NA,NA
"512","escape_from_the_zoo","monkey",10,31.25,512,"brodeur",73
"513","escape_from_the_zoo","net",11,34.375,513,NA,NA
"514","escape_from_the_zoo","parrot",10,31.25,514,"dr2",78.6
"515","escape_from_the_zoo","peacock",14,43.75,515,"dr2",100
"516","escape_from_the_zoo","penguin",20,62.5,516,"mm",99
"517","escape_from_the_zoo","people",27,84.375,517,NA,NA
"518","escape_from_the_zoo","shop",24,75,518,NA,NA
"519","escape_from_the_zoo","snake",13,40.625,519,"mm",92
"520","escape_from_the_zoo","top",17,53.125,520,NA,NA
"521","escape_from_the_zoo","tree",19,59.375,521,"brodeur",95
"522","escape_from_the_zoo","water",14,43.75,522,NA,NA
"523","escape_from_the_zoo","zebras",16,50,523,NA,NA
"524","escape_from_the_zoo","zoo",28,87.5,524,NA,NA
"525","exhibit_12","people",29,90.625,525,NA,NA
"526","exhibit_12","wall",26,81.25,526,NA,NA
"527","exhibit_12","portrait",24,75,527,NA,NA
"528","exhibit_12","picture",23,71.875,528,NA,NA
"529","exhibit_12","ladder",22,68.75,529,"dr2",100
"530","exhibit_12","lot",22,68.75,530,NA,NA
"531","exhibit_12","clown",16,50,531,NA,NA
"532","exhibit_12","man",16,50,532,NA,NA
"533","exhibit_12","floor",15,46.875,533,"dr2",100
"534","exhibit_12","stair",15,46.875,534,NA,NA
"535","exhibit_12","museum",13,40.625,535,NA,NA
"536","exhibit_12","horse",12,37.5,536,"brodeur",100
"537","exhibit_12","woman",12,37.5,537,NA,NA
"538","exhibit_12","art",11,34.375,538,NA,NA
"539","exhibit_12","costume",10,31.25,539,NA,NA
"540","exhibit_12","couple",10,31.25,540,NA,NA
"541","exhibit_12","frame",10,31.25,541,NA,NA
"542","exhibit_12","king",10,31.25,542,NA,NA
"543","exhibit_12","painting",10,31.25,543,"brodeur",71
"544","exhibit_12","shark",10,31.25,544,"dr2",100
"545","exhibit_12","scene",10,31.25,545,NA,NA
"546","flowerman","apartment",13,40.625,546,NA,NA
"547","flowerman","artist",15,46.875,547,NA,NA
"548","flowerman","awning",11,34.375,548,NA,NA
"549","flowerman","bag",16,50,549,NA,NA
"550","flowerman","bait",21,65.625,550,NA,NA
"551","flowerman","balcony",14,43.75,551,"dr2",85.7142857
"552","flowerman","bar",23,71.875,552,NA,NA
"553","flowerman","boy",21,65.625,553,NA,NA
"554","flowerman","brick",12,37.5,554,"boss",100
"555","flowerman","bridge",24,75,555,"brodeur",90
"556","flowerman","building",22,68.75,556,NA,NA
"557","flowerman","cafe",20,62.5,557,NA,NA
"558","flowerman","car",25,78.125,558,"mm",93
"559","flowerman","cart",15,46.875,559,"mm",75
"560","flowerman","cat",12,37.5,560,"brodeur",88
"561","flowerman","child",17,53.125,561,NA,NA
"562","flowerman","chimney",14,43.75,562,"brodeur",86
"563","flowerman","clock",12,37.5,563,"boss",92
"564","flowerman","clown",11,34.375,564,NA,NA
"565","flowerman","coat",11,34.375,565,"mm",96
"566","flowerman","corner",16,50,566,NA,NA
"567","flowerman","dog",22,68.75,567,NA,NA
"568","flowerman","door",20,62.5,568,NA,NA
"569","flowerman","edge",11,34.375,569,NA,NA
"570","flowerman","face",12,37.5,570,NA,NA
"571","flowerman","family",13,40.625,571,NA,NA
"572","flowerman","fence",12,37.5,572,"dr2",100
"573","flowerman","fire",13,40.625,573,NA,NA
"574","flowerman","floor",13,40.625,574,"dr2",100
"575","flowerman","flower",26,81.25,575,"brodeur, brodeur",89
"576","flowerman","fountain",23,71.875,576,"dr2",100
"577","flowerman","gas",23,71.875,577,NA,NA
"578","flowerman","gentleman",10,31.25,578,NA,NA
"579","flowerman","girl",26,81.25,579,NA,NA
"580","flowerman","glass",10,31.25,580,NA,NA
"581","flowerman","grass",14,43.75,581,NA,NA
"582","flowerman","guy",15,46.875,582,NA,NA
"583","flowerman","hair",20,62.5,583,NA,NA
"584","flowerman","hand",19,59.375,584,"brodeur",81
"585","flowerman","hat",23,71.875,585,"dr2",100
"586","flowerman","horse",10,31.25,586,"brodeur",100
"587","flowerman","house",27,84.375,587,"mm",93
"588","flowerman","hydrant",10,31.25,588,NA,NA
"589","flowerman","kid",11,34.375,589,NA,NA
"590","flowerman","ladder",10,31.25,590,"dr2",100
"591","flowerman","lady",12,37.5,591,NA,NA
"592","flowerman","lawn",14,43.75,592,NA,NA
"593","flowerman","leg",14,43.75,593,NA,NA
"594","flowerman","light",23,71.875,594,NA,NA
"595","flowerman","lot",23,71.875,595,NA,NA
"596","flowerman","man",27,84.375,596,NA,NA
"597","flowerman","milk",19,59.375,597,NA,NA
"598","flowerman","milkman",15,46.875,598,NA,NA
"599","flowerman","motorcycle",16,50,599,"dr2",98.4
"600","flowerman","mower",15,46.875,600,NA,NA
"601","flowerman","one",17,53.125,601,NA,NA
"602","flowerman","page",13,40.625,602,NA,NA
"603","flowerman","painting",13,40.625,603,"brodeur",71
"604","flowerman","people",27,84.375,604,NA,NA
"605","flowerman","person",24,75,605,NA,NA
"606","flowerman","picture",23,71.875,606,NA,NA
"607","flowerman","roof",25,78.125,607,"dr2",90.9
"608","flowerman","rooftop",12,37.5,608,NA,NA
"609","flowerman","room",11,34.375,609,NA,NA
"610","flowerman","scooter",15,46.875,610,"brodeur",90
"611","flowerman","shaker",11,34.375,611,NA,NA
"612","flowerman","shirt",13,40.625,612,"mm",99
"613","flowerman","shop",22,68.75,613,NA,NA
"614","flowerman","shutter",24,75,614,NA,NA
"615","flowerman","sidewalk",14,43.75,615,NA,NA
"616","flowerman","sign",23,71.875,616,NA,NA
"617","flowerman","skirt",12,37.5,617,"mm",99
"618","flowerman","sky",18,56.25,618,NA,NA
"619","flowerman","smoke",13,40.625,619,NA,NA
"620","flowerman","step",12,37.5,620,NA,NA
"621","flowerman","stone",10,31.25,621,NA,NA
"622","flowerman","street",26,81.25,622,NA,NA
"623","flowerman","telescope",16,50,623,"dr2",100
"624","flowerman","tent",11,34.375,624,"brodeur",90
"625","flowerman","tie",10,31.25,625,"dr2",100
"626","flowerman","top",19,59.375,626,NA,NA
"627","flowerman","towel",11,34.375,627,NA,NA
"628","flowerman","tree",25,78.125,628,"brodeur",95
"629","flowerman","truck",22,68.75,629,"dr2",95.4545455
"630","flowerman","umbrella",10,31.25,630,"boss, dr2",100
"631","flowerman","water",20,62.5,631,NA,NA
"632","flowerman","wheel",16,50,632,"boss",82
"633","flowerman","wheelchair",15,46.875,633,"dr2",98.1
"634","flowerman","woman",23,71.875,634,NA,NA
"635","flowerman","yard",16,50,635,NA,NA
"636","journey","bird",28,87.5,636,"dr2",100
"637","journey","boat",28,87.5,637,"mm",86
"638","journey","cage",28,87.5,638,NA,NA
"639","journey","computer",28,87.5,639,NA,NA
"640","journey","door",28,87.5,640,NA,NA
"641","journey","tree",28,87.5,641,"brodeur",95
"642","journey","balloon",27,84.375,642,"boss",87
"643","journey","carpet",27,84.375,643,NA,NA
"644","journey","cat",27,84.375,644,"brodeur",88
"645","journey","boy",26,81.25,645,NA,NA
"646","journey","circle",26,81.25,646,NA,NA
"647","journey","light",26,81.25,647,NA,NA
"648","journey","room",26,81.25,648,NA,NA
"649","journey","wall",26,81.25,649,NA,NA
"650","journey","palm",25,78.125,650,NA,NA
"651","journey","water",25,78.125,651,NA,NA
"652","journey","girl",24,75,652,NA,NA
"653","journey","kitchen",24,75,653,NA,NA
"654","journey","kite",24,75,654,"brodeur",98
"655","journey","mailbox",24,75,655,"brodeur, dr2",100
"656","journey","scooter",24,75,656,"brodeur",90
"657","journey","sky",24,75,657,NA,NA
"658","journey","bicycle",23,71.875,658,"dr2",94.9152542
"659","journey","castle",23,71.875,659,"dr2",100
"660","journey","couch",23,71.875,660,"dr2",100
"661","journey","floor",23,71.875,661,"dr2",100
"662","journey","forest",23,71.875,662,NA,NA
"663","journey","hand",23,71.875,663,"brodeur",81
"664","journey","waterfall",23,71.875,664,"brodeur",95
"665","journey","lantern",22,68.75,665,NA,NA
"666","journey","bed",21,65.625,666,"brodeur",81
"667","journey","house",21,65.625,667,"mm",93
"668","journey","people",21,65.625,668,NA,NA
"669","journey","street",21,65.625,669,NA,NA
"670","journey","building",20,62.5,670,NA,NA
"671","journey","city",20,62.5,671,"dr2",74.1
"672","journey","guard",20,62.5,672,NA,NA
"673","journey","ladder",20,62.5,673,"dr2",100
"674","journey","phone",20,62.5,674,NA,NA
"675","journey","picture",20,62.5,675,NA,NA
"676","journey","dock",19,59.375,676,NA,NA
"677","journey","edge",19,59.375,677,NA,NA
"678","journey","man",19,59.375,678,NA,NA
"679","journey","wheel",19,59.375,679,"boss",82
"680","journey","night",18,56.25,680,NA,NA
"681","journey","shoulder",18,56.25,681,NA,NA
"682","journey","star",18,56.25,682,NA,NA
"683","journey","bridge",17,53.125,683,"brodeur",90
"684","journey","step",17,53.125,684,NA,NA
"685","journey","child",16,50,685,NA,NA
"686","journey","cloud",16,50,686,"brodeur",95
"687","journey","net",16,50,687,NA,NA
"688","journey","papers",16,50,688,NA,NA
"689","journey","ball",15,46.875,689,"mm",89
"690","journey","page",15,46.875,690,NA,NA
"691","journey","rectangle",15,46.875,691,NA,NA
"692","journey","river",15,46.875,692,NA,NA
"693","journey","ship",15,46.875,693,"mm",74
"694","journey","stream",15,46.875,694,NA,NA
"695","journey","tower",15,46.875,695,"mm",78
"696","journey","doorway",14,43.75,696,NA,NA
"697","journey","moat",14,43.75,697,NA,NA
"698","journey","person",14,43.75,698,NA,NA
"699","journey","woman",14,43.75,699,NA,NA
"700","journey","arm",13,40.625,700,"mm",96
"701","journey","book",13,40.625,701,"boss",90
"702","journey","crayon",13,40.625,702,"boss",82
"703","journey","dome",13,40.625,703,NA,NA
"704","journey","dragon",13,40.625,704,NA,NA
"705","journey","land",13,40.625,705,NA,NA
"706","journey","machine",13,40.625,706,NA,NA
"707","journey","mom",13,40.625,707,NA,NA
"708","journey","background",12,37.5,708,NA,NA
"709","journey","bedroom",12,37.5,709,NA,NA
"710","journey","chair",12,37.5,710,"brodeur",88
"711","journey","couple",12,37.5,711,NA,NA
"712","journey","lamp",12,37.5,712,"boss",92
"713","journey","tail",12,37.5,713,NA,NA
"714","journey","window",12,37.5,714,"brodeur",82
"715","journey","world",12,37.5,715,NA,NA
"716","journey","basket",11,34.375,716,"boss",81
"717","journey","clouds",11,34.375,717,NA,NA
"718","journey","fire",11,34.375,718,NA,NA
"719","journey","gold",11,34.375,719,NA,NA
"720","journey","ground",11,34.375,720,NA,NA
"721","journey","head",11,34.375,721,NA,NA
"722","journey","hydrant",11,34.375,722,NA,NA
"723","journey","map",11,34.375,723,NA,NA
"724","journey","marker",11,34.375,724,"boss",82
"725","journey","paddle",11,34.375,725,NA,NA
"726","journey","propeller",11,34.375,726,NA,NA
"727","journey","string",11,34.375,727,NA,NA
"728","journey","towers",11,34.375,728,NA,NA
"729","journey","cook",10,31.25,729,NA,NA
"730","journey","dresser",10,31.25,730,"dr2",78.5714286
"731","journey","kid",10,31.25,731,NA,NA
"732","journey","mountain",10,31.25,732,"mm",83
"733","journey","stove",10,31.25,733,"dr2",95.4545455
"734","make_a_splash","people",28,87.5,734,NA,NA
"735","make_a_splash","slide",28,87.5,735,"dr2",95.5
"736","make_a_splash","water",28,87.5,736,NA,NA
"737","make_a_splash","park",24,75,737,NA,NA
"738","make_a_splash","kid",21,65.625,738,NA,NA
"739","make_a_splash","ship",21,65.625,739,"mm",74
"740","make_a_splash","lot",21,65.625,740,NA,NA
"741","make_a_splash","dragon",20,62.5,741,NA,NA
"742","make_a_splash","elephant",20,62.5,742,"brodeur",95
"743","make_a_splash","lifeguard",19,59.375,743,NA,NA
"744","make_a_splash","pool",15,46.875,744,"dr2",100
"745","make_a_splash","tube",15,46.875,745,NA,NA
"746","make_a_splash","gun",14,43.75,746,"mm",90
"747","make_a_splash","river",14,43.75,747,NA,NA
"748","make_a_splash","snake",13,40.625,748,"mm",92
"749","make_a_splash","bridge",12,37.5,749,"brodeur",90
"750","make_a_splash","penguin",11,34.375,750,"mm",99
"751","make_a_splash","rainbow",11,34.375,751,NA,NA
"752","make_a_splash","mushroom",10,31.25,752,"boss",100
"753","make_a_splash","scene",10,31.25,753,NA,NA
"754","picture_this","bear",12,37.5,754,"dr2",100
"755","picture_this","cactus",13,40.625,755,"brodeur",93
"756","picture_this","caveman",19,59.375,756,NA,NA
"757","picture_this","dog",23,71.875,757,NA,NA
"758","picture_this","dragon",15,46.875,758,NA,NA
"759","picture_this","face",13,40.625,759,NA,NA
"760","picture_this","fish",19,59.375,760,"brodeur",90
"761","picture_this","frame",12,37.5,761,NA,NA
"762","picture_this","guy",14,43.75,762,NA,NA
"763","picture_this","hand",24,75,763,"brodeur",81
"764","picture_this","hat",15,46.875,764,"dr2",100
"765","picture_this","head",22,68.75,765,NA,NA
"766","picture_this","lot",13,40.625,766,NA,NA
"767","picture_this","man",23,71.875,767,NA,NA
"768","picture_this","palm",19,59.375,768,NA,NA
"769","picture_this","people",24,75,769,NA,NA
"770","picture_this","picture",24,75,770,NA,NA
"771","picture_this","portrait",16,50,771,NA,NA
"772","picture_this","sword",10,31.25,772,"mm",97
"773","picture_this","top",14,43.75,773,NA,NA
"774","picture_this","tree",23,71.875,774,"brodeur",95
"775","picture_this","water",10,31.25,775,NA,NA
"776","picture_this","woman",12,37.5,776,NA,NA
"777","picture_this","wrestler",15,46.875,777,NA,NA
"778","quest","rhinoceros",27,84.375,778,"dr2",100
"779","quest","boy",29,90.625,779,NA,NA
"780","quest","bridge",29,90.625,780,"brodeur",90
"781","quest","crown",29,90.625,781,"brodeur",88
"782","quest","door",29,90.625,782,NA,NA
"783","quest","rainbow",29,90.625,783,NA,NA
"784","quest","water",29,90.625,784,NA,NA
"785","quest","bird",28,87.5,785,"dr2",100
"786","quest","boat",28,87.5,786,"mm",86
"787","quest","key",28,87.5,787,"boss",97
"788","quest","map",28,87.5,788,NA,NA
"789","quest","city",26,81.25,789,"dr2",74.1
"790","quest","king",26,81.25,790,NA,NA
"791","quest","light",26,81.25,791,NA,NA
"792","quest","mountain",26,81.25,792,"mm",83
"793","quest","tree",26,81.25,793,"brodeur",95
"794","quest","castle",25,78.125,794,"dr2",100
"795","quest","people",25,78.125,795,NA,NA
"796","quest","rock",25,78.125,796,NA,NA
"797","quest","statue",25,78.125,797,"dr2",93.3
"798","quest","swing",25,78.125,798,"brodeur",98
"799","quest","park",24,75,799,NA,NA
"800","quest","circle",23,71.875,800,NA,NA
"801","quest","girl",23,71.875,801,NA,NA
"802","quest","hand",23,71.875,802,"brodeur",81
"803","quest","palm",23,71.875,803,NA,NA
"804","quest","purple",23,71.875,804,NA,NA
"805","quest","dragonfly",22,68.75,805,"brodeur",76
"806","quest","rope",22,68.75,806,"boss",86
"807","quest","sky",22,68.75,807,NA,NA
"808","quest","building",21,65.625,808,NA,NA
"809","quest","bench",20,62.5,809,"brodeur",76
"810","quest","man",20,62.5,810,NA,NA
"811","quest","octopus",20,62.5,811,NA,NA
"812","quest","paper",20,62.5,812,"dr2",72.7
"813","quest","picture",20,62.5,813,NA,NA
"814","quest","shoulder",20,62.5,814,NA,NA
"815","quest","fire",19,59.375,815,NA,NA
"816","quest","flipper",19,59.375,816,NA,NA
"817","quest","guard",19,59.375,817,NA,NA
"818","quest","head",19,59.375,818,NA,NA
"819","quest","island",19,59.375,819,"mm",84
"820","quest","rain",19,59.375,820,NA,NA
"821","quest","seahorse",19,59.375,821,"dr2",96.4
"822","quest","lot",19,59.375,822,NA,NA
"823","quest","child",18,56.25,823,NA,NA
"824","quest","waterfall",18,56.25,824,"brodeur",95
"825","quest","wing",18,56.25,825,NA,NA
"826","quest","bicycle",17,53.125,826,"dr2",94.9152542
"827","quest","crayon",17,53.125,827,"boss",82
"828","quest","doorway",17,53.125,828,NA,NA
"829","quest","fish",17,53.125,829,"brodeur",90
"830","quest","ground",17,53.125,830,NA,NA
"831","quest","kid",17,53.125,831,NA,NA
"832","quest","soldier",17,53.125,832,"dr2",75
"833","quest","spear",17,53.125,833,"brodeur",75
"834","quest","tower",17,53.125,834,"mm",78
"835","quest","belt",16,50,835,"boss",95
"836","quest","cage",16,50,836,NA,NA
"837","quest","land",16,50,837,NA,NA
"838","quest","page",15,46.875,838,NA,NA
"839","quest","sea",15,46.875,839,"mm",93
"840","quest","temple",15,46.875,840,NA,NA
"841","quest","wheel",15,46.875,841,"boss",82
"842","quest","helmet",14,43.75,842,"dr2",100
"843","quest","ship",14,43.75,843,"mm",74
"844","quest","tank",14,43.75,844,"dr2",95.1
"845","quest","tentacle",14,43.75,845,NA,NA
"846","quest","underwater",14,43.75,846,NA,NA
"847","quest","archway",13,40.625,847,NA,NA
"848","quest","moat",13,40.625,848,NA,NA
"849","quest","orange",13,40.625,849,"boss",100
"850","quest","scuba",13,40.625,850,NA,NA
"851","quest","time",13,40.625,851,NA,NA
"852","quest","foot",12,37.5,852,NA,NA
"853","quest","gear",12,37.5,853,NA,NA
"854","quest","person",12,37.5,854,NA,NA
"855","quest","pyramid",12,37.5,855,"mm",84
"856","quest","tail",12,37.5,856,NA,NA
"857","quest","creature",12,37.5,857,NA,NA
"858","quest","magic",12,37.5,858,NA,NA
"859","quest","balloon",11,34.375,859,"boss",87
"860","quest","seat",11,34.375,860,NA,NA
"861","quest","world",11,34.375,861,NA,NA
"862","quest","buddha",10,31.25,862,NA,NA
"863","quest","box",10,31.25,863,"dr2",95.4545455
"864","quest","lantern",10,31.25,864,NA,NA
"865","quest","paddle",10,31.25,865,NA,NA
"866","quest","river",10,31.25,866,NA,NA
"867","quest","smoke",10,31.25,867,NA,NA
"868","quest","squid",10,31.25,868,"brodeur",88
"869","quest","scene",14,43.75,869,NA,NA
"870","return","bird",29,90.625,870,"dr2",100
"871","return","door",29,90.625,871,NA,NA
"872","return","kite",29,90.625,872,"brodeur",98
"873","return","wall",29,90.625,873,NA,NA
"874","return","boat",28,87.5,874,"mm",86
"875","return","cave",28,87.5,875,NA,NA
"876","return","submarine",28,87.5,876,"dr2",100
"877","return","cage",27,84.375,877,NA,NA
"878","return","sword",27,84.375,878,"mm",97
"879","return","boy",26,81.25,879,NA,NA
"880","return","castle",26,81.25,880,"dr2",100
"881","return","king",26,81.25,881,NA,NA
"882","return","light",26,81.25,882,NA,NA
"883","return","ball",25,78.125,883,"mm",89
"884","return","hand",25,78.125,884,"brodeur",81
"885","return","man",25,78.125,885,NA,NA
"886","return","picture",25,78.125,886,NA,NA
"887","return","crown",24,75,887,"brodeur",88
"888","return","tree",24,75,888,"brodeur",95
"889","return","dock",23,71.875,889,NA,NA
"890","return","lantern",23,71.875,890,NA,NA
"891","return","drawing",22,68.75,891,NA,NA
"892","return","forest",22,68.75,892,NA,NA
"893","return","head",22,68.75,893,NA,NA
"894","return","house",22,68.75,894,"mm",93
"895","return","tail",22,68.75,895,NA,NA
"896","return","box",21,65.625,896,"dr2",95.4545455
"897","return","girl",21,65.625,897,NA,NA
"898","return","wing",21,65.625,898,NA,NA
"899","return","arm",20,62.5,899,"mm",96
"900","return","crayon",20,62.5,900,"boss",82
"901","return","dragon",20,62.5,901,NA,NA
"902","return","feather",20,62.5,902,"boss",100
"903","return","stair",20,62.5,903,NA,NA
"904","return","bedroom",19,59.375,904,NA,NA
"905","return","bridge",19,59.375,905,"brodeur",90
"906","return","kitchen",19,59.375,906,NA,NA
"907","return","sky",19,59.375,907,NA,NA
"908","return","fish",18,56.25,908,"brodeur",90
"909","return","lot",18,56.25,909,NA,NA
"910","return","bathroom",16,50,910,NA,NA
"911","return","bed",15,46.875,911,"brodeur",81
"912","return","cat",15,46.875,912,"brodeur",88
"913","return","chair",15,46.875,913,"brodeur",88
"914","return","moon",15,46.875,914,"mm",95
"915","return","table",15,46.875,915,"brodeur",81
"916","return","balloon",14,43.75,916,"boss",87
"917","return","butterfly",14,43.75,917,"mm",99
"918","return","guy",14,43.75,918,NA,NA
"919","return","horse",14,43.75,919,"brodeur",100
"920","return","river",14,43.75,920,NA,NA
"921","return","rock",14,43.75,921,NA,NA
"922","return","stream",14,43.75,922,NA,NA
"923","return","doorway",13,40.625,923,NA,NA
"924","return","eye",13,40.625,924,"brodeur",76
"925","return","periscope",13,40.625,925,NA,NA
"926","return","soldier",13,40.625,926,"dr2",75
"927","return","desk",12,37.5,927,NA,NA
"928","return","guard",12,37.5,928,NA,NA
"929","return","plant",12,37.5,929,"boss",84
"930","return","sea",12,37.5,930,"mm",93
"931","return","ship",12,37.5,931,"mm",74
"932","return","sink",12,37.5,932,"dr2",97.6190476
"933","return","throne",12,37.5,933,NA,NA
"934","return","board",11,34.375,934,NA,NA
"935","return","dragonfly",11,34.375,935,"brodeur",76
"936","return","lamp",11,34.375,936,"boss",92
"937","return","marker",11,34.375,937,"boss",82
"938","return","beard",10,31.25,938,NA,NA
"939","unfriendly_giants","giant",28,87.5,939,NA,NA
"940","unfriendly_giants","people",26,81.25,940,NA,NA
"941","unfriendly_giants","chess",24,75,941,NA,NA
"942","unfriendly_giants","tree",24,75,942,"brodeur",95
"943","unfriendly_giants","windmill",24,75,943,"brodeur, dr2",100
"944","unfriendly_giants","castle",20,62.5,944,"dr2",100
"945","unfriendly_giants","straw",20,62.5,945,"boss",83
"946","unfriendly_giants","water",20,62.5,946,NA,NA
"947","unfriendly_giants","house",19,59.375,947,"mm",93
"948","unfriendly_giants","flower",18,56.25,948,"brodeur, brodeur",89
"949","unfriendly_giants","rope",18,56.25,949,"boss",86
"950","unfriendly_giants","belt",17,53.125,950,"boss",95
"951","unfriendly_giants","woman",17,53.125,951,NA,NA
"952","unfriendly_giants","head",15,46.875,952,NA,NA
"953","unfriendly_giants","giants",14,43.75,953,NA,NA
"954","unfriendly_giants","hammer",12,37.5,954,"boss",100
"955","unfriendly_giants","picture",12,37.5,955,NA,NA
"956","unfriendly_giants","board",11,34.375,956,NA,NA
"957","unfriendly_giants","ground",11,34.375,957,NA,NA
"958","unfriendly_giants","hat",11,34.375,958,"dr2",100
"959","unfriendly_giants","man",11,34.375,959,NA,NA
"960","unfriendly_giants","bouquet",10,31.25,960,NA,NA
"961","unfriendly_giants","hand",10,31.25,961,"brodeur",81
"962","wanderer","bird",29,90.625,962,"dr2",100
"963","wanderer","boat",29,90.625,963,"mm",86
"964","wanderer","fish",29,90.625,964,"brodeur",90
"965","wanderer","horse",29,90.625,965,"brodeur",100
"966","wanderer","people",29,90.625,966,NA,NA
"967","wanderer","water",29,90.625,967,NA,NA
"968","wanderer","wave",29,90.625,968,"mm",89
"969","wanderer","whale",29,90.625,969,NA,NA
"970","wanderer","fishing",28,87.5,970,NA,NA
"971","wanderer","light",28,87.5,971,NA,NA
"972","wanderer","paper",28,87.5,972,"dr2",72.7
"973","wanderer","sea",28,87.5,973,"mm",93
"974","wanderer","seahorse",28,87.5,974,"dr2",96.4
"975","wanderer","sky",28,87.5,975,NA,NA
"976","wanderer","tree",28,87.5,976,"brodeur",95
"977","wanderer","eye",27,84.375,977,"brodeur",76
"978","wanderer","lighthouse",27,84.375,978,"dr2",100
"979","wanderer","ship",27,84.375,979,"mm",74
"980","wanderer","turtle",27,84.375,980,"dr2",95.2380952
"981","wanderer","cat",26,81.25,981,"brodeur",88
"982","wanderer","hand",26,81.25,982,"brodeur",81
"983","wanderer","head",26,81.25,983,NA,NA
"984","wanderer","submarine",26,81.25,984,"dr2",100
"985","wanderer","crane",25,78.125,985,NA,NA
"986","wanderer","horn",25,78.125,986,NA,NA
"987","wanderer","man",25,78.125,987,NA,NA
"988","wanderer","moon",25,78.125,988,"mm",95
"989","wanderer","star",25,78.125,989,NA,NA
"990","wanderer","city",24,75,990,"dr2",74.1
"991","wanderer","couple",24,75,991,NA,NA
"992","wanderer","jellyfish",24,75,992,"brodeur",95
"993","wanderer","sail",24,75,993,NA,NA
"994","wanderer","airplane",23,71.875,994,"dr2",95.4545455
"995","wanderer","building",23,71.875,995,NA,NA
"996","wanderer","hat",23,71.875,996,"dr2",100
"997","wanderer","lobster",23,71.875,997,"dr2",100
"998","wanderer","ocean",23,71.875,998,NA,NA
"999","wanderer","person",23,71.875,999,NA,NA
"1000","wanderer","sailboat",23,71.875,1000,"dr2",85.7
"1001","wanderer","school",23,71.875,1001,NA,NA
"1002","wanderer","diver",22,68.75,1002,NA,NA
"1003","wanderer","elephant",22,68.75,1003,"brodeur",95
"1004","wanderer","kite",22,68.75,1004,"brodeur",98
"1005","wanderer","smoke",22,68.75,1005,NA,NA
"1006","wanderer","animal",21,65.625,1006,NA,NA
"1007","wanderer","hole",21,65.625,1007,NA,NA
"1008","wanderer","house",21,65.625,1008,"mm",93
"1009","wanderer","iceberg",21,65.625,1009,"mm",81
"1010","wanderer","picture",21,65.625,1010,NA,NA
"1011","wanderer","seal",21,65.625,1011,"brodeur",88
"1012","wanderer","tentacle",21,65.625,1012,NA,NA
"1013","wanderer","buoy",20,62.5,1013,NA,NA
"1014","wanderer","leg",20,62.5,1014,NA,NA
"1015","wanderer","net",20,62.5,1015,NA,NA
"1016","wanderer","plant",20,62.5,1016,"boss",84
"1017","wanderer","bridge",19,59.375,1017,"brodeur",90
"1018","wanderer","fin",19,59.375,1018,NA,NA
"1019","wanderer","land",19,59.375,1019,NA,NA
"1020","wanderer","page",19,59.375,1020,NA,NA
"1021","wanderer","coral",18,56.25,1021,NA,NA
"1022","wanderer","tail",18,56.25,1022,NA,NA
"1023","wanderer","bottle",17,53.125,1023,"dr2",90.9090909
"1024","wanderer","dock",17,53.125,1024,NA,NA
"1025","wanderer","foot",17,53.125,1025,NA,NA
"1026","wanderer","ice",17,53.125,1026,NA,NA
"1027","wanderer","snake",17,53.125,1027,"mm",92
"1028","wanderer","suit",17,53.125,1028,NA,NA
"1029","wanderer","tunnel",17,53.125,1029,NA,NA
"1030","wanderer","arm",16,50,1030,"mm",96
"1031","wanderer","cave",16,50,1031,NA,NA
"1032","wanderer","cloud",16,50,1032,"brodeur",95
"1033","wanderer","eel",16,50,1033,NA,NA
"1034","wanderer","mouth",16,50,1034,"mm",76
"1035","wanderer","pipe",16,50,1035,"brodeur",83
"1036","wanderer","propeller",16,50,1036,NA,NA
"1037","wanderer","reef",16,50,1037,NA,NA
"1038","wanderer","shirt",16,50,1038,"mm",99
"1039","wanderer","step",16,50,1039,NA,NA
"1040","wanderer","street",16,50,1040,NA,NA
"1041","wanderer","window",16,50,1041,"brodeur",82
"1042","wanderer","wing",16,50,1042,NA,NA
"1043","wanderer","anchor",15,46.875,1043,"brodeur",93
"1044","wanderer","fins",15,46.875,1044,NA,NA
"1045","wanderer","nose",15,46.875,1045,"brodeur",88
"1046","wanderer","pole",15,46.875,1046,NA,NA
"1047","wanderer","rocket",15,46.875,1047,"dr2",86.3636364
"1048","wanderer","stair",15,46.875,1048,NA,NA
"1049","wanderer","storm",15,46.875,1049,NA,NA
"1050","wanderer","sun",15,46.875,1050,"mm",75
"1051","wanderer","claw",14,43.75,1051,NA,NA
"1052","wanderer","costume",14,43.75,1052,NA,NA
"1053","wanderer","dog",14,43.75,1053,NA,NA
"1054","wanderer","flower",14,43.75,1054,"brodeur, brodeur",89
"1055","wanderer","helmet",14,43.75,1055,"dr2",100
"1056","wanderer","island",14,43.75,1056,"mm",84
"1057","wanderer","pier",14,43.75,1057,NA,NA
"1058","wanderer","root",14,43.75,1058,NA,NA
"1059","wanderer","shape",14,43.75,1059,NA,NA
"1060","wanderer","shower",14,43.75,1060,"dr2",96.7741935
"1061","wanderer","arch",13,40.625,1061,NA,NA
"1062","wanderer","boy",13,40.625,1062,NA,NA
"1063","wanderer","face",13,40.625,1063,NA,NA
"1064","wanderer","flag",13,40.625,1064,"brodeur",71
"1065","wanderer","guy",13,40.625,1065,NA,NA
"1066","wanderer","scuba",13,40.625,1066,NA,NA
"1067","wanderer","seagull",13,40.625,1067,"mm",83
"1068","wanderer","shell",13,40.625,1068,NA,NA
"1069","wanderer","stripe",13,40.625,1069,NA,NA
"1070","wanderer","zebra",13,40.625,1070,"mm",99
"1071","wanderer","alligator",12,37.5,1071,NA,NA
"1072","wanderer","deer",12,37.5,1072,"dr2",100
"1073","wanderer","lion",12,37.5,1073,"brodeur",88
"1074","wanderer","swordfish",12,37.5,1074,"brodeur",83
"1075","wanderer","tank",12,37.5,1075,"dr2",95.1
"1076","wanderer","tooth",12,37.5,1076,NA,NA
"1077","wanderer","ball",11,34.375,1077,"mm",89
"1078","wanderer","branch",11,34.375,1078,NA,NA
"1079","wanderer","can",11,34.375,1079,NA,NA
"1080","wanderer","lightning",11,34.375,1080,NA,NA
"1081","wanderer","pearl",11,34.375,1081,NA,NA
"1082","wanderer","river",11,34.375,1082,NA,NA
"1083","wanderer","rock",11,34.375,1083,NA,NA
"1084","wanderer","roof",11,34.375,1084,"dr2",90.9
"1085","wanderer","rope",11,34.375,1085,"boss",86
"1086","wanderer","squid",11,34.375,1086,"brodeur",88
"1087","wanderer","wheel",11,34.375,1087,"boss",82
"1088","wanderer","archway",10,31.25,1088,NA,NA
"1089","wanderer","bat",10,31.25,1089,"mm",96
"1090","wanderer","cape",10,31.25,1090,NA,NA
"1091","wanderer","crab",10,31.25,1091,"brodeur",98
"1092","wanderer","donut",10,31.25,1092,NA,NA
"1093","wanderer","forest",10,31.25,1093,NA,NA
"1094","wanderer","ground",10,31.25,1094,NA,NA
"1095","wanderer","gun",10,31.25,1095,"mm",90
"1096","wanderer","jester",10,31.25,1096,NA,NA
"1097","wanderer","mast",10,31.25,1097,NA,NA
"1098","wanderer","octopus",10,31.25,1098,NA,NA
"1099","wanderer","oil",10,31.25,1099,NA,NA
"1100","wanderer","outfit",10,31.25,1100,NA,NA
"1101","wanderer","rod",10,31.25,1101,NA,NA
"1102","wanderer","scissors",10,31.25,1102,"boss",100
"1103","wanderer","town",10,31.25,1103,NA,NA
"1104","wanderer","trash",10,31.25,1104,NA,NA
"1105","wanderer","vessel",10,31.25,1105,NA,NA
"1106","wild_west","bag",11,34.375,1106,NA,NA
"1107","wild_west","bank",26,81.25,1107,NA,NA
"1108","wild_west","buffalo",12,37.5,1108,NA,NA
"1109","wild_west","building",18,56.25,1109,NA,NA
"1110","wild_west","cowboy",23,71.875,1110,NA,NA
"1111","wild_west","gun",11,34.375,1111,"mm",90
"1112","wild_west","hand",12,37.5,1112,"brodeur",81
"1113","wild_west","hat",14,43.75,1113,"dr2",100
"1114","wild_west","horse",26,81.25,1114,"brodeur",100
"1115","wild_west","hotel",29,90.625,1115,NA,NA
"1116","wild_west","jail",27,84.375,1116,NA,NA
"1117","wild_west","ladder",12,37.5,1117,"dr2",100
"1118","wild_west","lot",22,68.75,1118,NA,NA
"1119","wild_west","man",14,43.75,1119,NA,NA
"1120","wild_west","page",12,37.5,1120,NA,NA
"1121","wild_west","people",30,93.75,1121,NA,NA
"1122","wild_west","picture",20,62.5,1122,NA,NA
"1123","wild_west","roof",17,53.125,1123,"dr2",90.9
"1124","wild_west","saloon",30,93.75,1124,NA,NA
"1125","wild_west","stable",13,40.625,1125,NA,NA
"1126","wild_west","stagecoach",13,40.625,1126,NA,NA
"1127","wild_west","stamp",11,34.375,1127,NA,NA
"1128","wild_west","store",15,46.875,1128,NA,NA
"1129","wild_west","street",13,40.625,1129,NA,NA
"1130","wild_west","sunset",17,53.125,1130,NA,NA
"1131","wild_west","top",16,50,1131,NA,NA
"1132","wild_west","track",10,31.25,1132,NA,NA
"1133","wild_west","train",28,87.5,1133,"mm",93
"1134","wild_west","wagon",17,53.125,1134,NA,NA
