,source,agreement,stimuli,n,percent,lemma_naming,lemma_dis,dist,match
1,boss,94,arrival_1,8,25.80645161,broom,room,0.066666667,NA
2,boss,94,arrival_4,8,25.80645161,broom,room,0.066666667,NA
3,boss,94,arrival_6,14,45.16129032,broom,room,0.066666667,NA
4,boss,94,dinosaurs_spacemen_and_ghouls,18,58.06451613,broom,room,0.066666667,NA
5,boss,94,exhibit_12,8,25.80645161,broom,room,0.066666667,NA
6,boss,94,flowerman,12,38.70967742,broom,room,0.066666667,NA
7,boss,94,journey,27,87.09677419,broom,room,0.066666667,NA
8,boss,94,return,27,87.09677419,broom,room,0.066666667,NA
9,boss,71,wanderer,24,77.41935484,cane,crane,0.066666667,NA
10,boss,92,journey,10,32.25806452,clock,lock,0.066666667,NA
11,boss,77,being_a_pirate,12,38.70967742,shoe,shore,0.066666667,NA
12,boss,77,wanderer,9,29.03225806,shoe,shore,0.066666667,NA
13,boss,78,arrival_3,16,51.61290323,nail,snail,0.066666667,NA
14,boss,100,ancient_rome,8,25.80645161,pear,spear,0.066666667,NA
15,boss,100,journey,8,25.80645161,pear,spear,0.066666667,NA
16,boss,100,quest,17,54.83870968,pear,spear,0.066666667,NA
17,boss,100,wanderer,10,32.25806452,pear,pearl,0.066666667,NA
18,boss,84,flowerman,23,74.19354839,scale,sale,0.066666667,NA
19,boss,100,dinosaurs_spacemen_and_ghouls,8,25.80645161,screw,crew,0.066666667,NA
20,brodeur,88,flowerman,21,67.74193548,chair,hair,0.066666667,NA
21,brodeur,88,picture_this,8,25.80645161,chair,hair,0.066666667,NA
22,brodeur,100,airport,12,38.70967742,horse,hose,0.066666667,NA
23,brodeur,98,by_the_lake,10,32.25806452,kite,kites,0.066666667,1
24,brodeur,88,ancient_rome,27,87.09677419,lion,lions,0.066666667,1
25,brodeur,88,escape_from_the_zoo,14,45.16129032,lion,lions,0.066666667,1
26,brodeur,98,airport,11,35.48387097,swing,wing,0.066666667,NA
27,brodeur,98,arrival_6,9,29.03225806,swing,wing,0.066666667,NA
28,brodeur,98,quest,18,58.06451613,swing,wing,0.066666667,NA
29,brodeur,98,return,20,64.51612903,swing,wing,0.066666667,NA
30,brodeur,98,wanderer,17,54.83870968,swing,wing,0.066666667,NA
31,moreno-martinez,86,arrival_6,8,25.80645161,brain,rain,0.066666667,NA
32,moreno-martinez,86,quest,19,61.29032258,brain,rain,0.066666667,NA
33,moreno-martinez,72,airport,11,35.48387097,chard,card,0.066666667,NA
34,moreno-martinez,93,airport,12,38.70967742,house,hose,0.066666667,NA
35,moreno-martinez,97,wanderer,8,25.80645161,sword,word,0.066666667,NA
36,moreno-martinez,93,arrival_6,8,25.80645161,train,rain,0.066666667,NA
37,moreno-martinez,93,quest,19,61.29032258,train,rain,0.066666667,NA
38,DR2,100,quest,9,29.03225806,bear,beard,0.066666667,NA
39,DR2,100,return,10,32.25806452,bear,beard,0.066666667,NA
40,DR2,100,journey,10,32.25806452,block,lock,0.066666667,NA
41,DR2,100,arrival_1,26,83.87096774,lock,clock,0.066666667,NA
42,DR2,100,arrival_3,17,54.83870968,lock,clock,0.066666667,NA
43,DR2,100,flowerman,12,38.70967742,lock,clock,0.066666667,NA
44,DR2,100,arrival_5,11,35.48387097,medal,meal,0.066666667,NA
45,DR2,95.5,ancient_rome,12,38.70967742,slide,side,0.066666667,NA
46,DR2,95.5,arrival_1,15,48.38709677,slide,side,0.066666667,NA
47,DR2,95.5,arrival_2,9,29.03225806,slide,side,0.066666667,NA
48,DR2,95.5,arrival_3,9,29.03225806,slide,side,0.066666667,NA
49,DR2,95.5,arrival_4,16,51.61290323,slide,side,0.066666667,NA
50,DR2,95.5,arrival_5,14,45.16129032,slide,side,0.066666667,NA
51,DR2,95.5,arrival_6,19,61.29032258,slide,side,0.066666667,NA
52,DR2,95.5,being_a_pirate,15,48.38709677,slide,side,0.066666667,NA
53,DR2,95.5,birthday_party_fun,13,41.93548387,slide,side,0.066666667,NA
54,DR2,95.5,by_the_lake,15,48.38709677,slide,side,0.066666667,NA
55,DR2,95.5,campsite,23,74.19354839,slide,side,0.066666667,NA
56,DR2,95.5,dinosaurs_spacemen_and_ghouls,20,64.51612903,slide,side,0.066666667,NA
57,DR2,95.5,escape_from_the_zoo,11,35.48387097,slide,side,0.066666667,NA
58,DR2,95.5,exhibit_12,10,32.25806452,slide,side,0.066666667,NA
59,DR2,95.5,flowerman,19,61.29032258,slide,side,0.066666667,NA
60,DR2,95.5,journey,24,77.41935484,slide,side,0.066666667,NA
61,DR2,95.5,make_a_splash,19,61.29032258,slide,side,0.066666667,NA
62,DR2,95.5,picture_this,14,45.16129032,slide,side,0.066666667,NA
63,DR2,95.5,quest,23,74.19354839,slide,side,0.066666667,NA
64,DR2,95.5,return,17,54.83870968,slide,side,0.066666667,NA
65,DR2,95.5,unfriendly_giants,11,35.48387097,slide,side,0.066666667,NA
66,DR2,95.5,waldo_1,15,48.38709677,slide,side,0.066666667,NA
67,DR2,95.5,wanderer,24,77.41935484,slide,side,0.066666667,NA
68,DR2,95.5,wild_west,14,45.16129032,slide,side,0.066666667,NA
69,boss,82,arrival_4,9,29.03225806,tshirt,shirt,0.055555556,1
70,boss,82,arrival_5,17,54.83870968,tshirt,shirt,0.055555556,1
71,boss,82,flowerman,14,45.16129032,tshirt,shirt,0.055555556,1
72,boss,82,journey,8,25.80645161,tshirt,shirt,0.055555556,1
73,boss,82,picture_this,9,29.03225806,tshirt,shirt,0.055555556,1
74,boss,82,return,8,25.80645161,tshirt,shirt,0.055555556,1
75,boss,82,wanderer,15,48.38709677,tshirt,shirt,0.055555556,1
76,brodeur,95,journey,12,38.70967742,cloud,clouds,0.055555556,1
77,brodeur,73,arrival_4,23,74.19354839,monkey,money,0.055555556,NA
78,brodeur,73,arrival_5,9,29.03225806,monkey,money,0.055555556,NA
79,brodeur,73,arrival_6,24,77.41935484,monkey,money,0.055555556,NA
80,brodeur,73,wild_west,9,29.03225806,monkey,money,0.055555556,NA
81,brodeur,81,wild_west,13,41.93548387,table,stable,0.055555556,NA
82,moreno-martinez,78,journey,12,38.70967742,tower,towers,0.055555556,1
83,moreno-martinez,78,quest,9,29.03225806,tower,towers,0.055555556,1
84,moreno-martinez,78,return,9,29.03225806,tower,towers,0.055555556,1
85,moreno-martinez,99,escape_from_the_zoo,18,58.06451613,zebra,zebras,0.055555556,1
86,DR2,73.8095238,flowerman,13,41.93548387,bricks,brick,0.055555556,1
87,DR2,73.8095238,wanderer,9,29.03225806,bricks,brick,0.055555556,1
88,DR2,92.9,arrival_4,14,45.16129032,bride,bridge,0.055555556,NA
89,DR2,92.9,campsite,21,67.74193548,bride,bridge,0.055555556,NA
90,DR2,92.9,flowerman,25,80.64516129,bride,bridge,0.055555556,NA
91,DR2,92.9,journey,18,58.06451613,bride,bridge,0.055555556,NA
92,DR2,92.9,make_a_splash,13,41.93548387,bride,bridge,0.055555556,NA
93,DR2,92.9,quest,29,93.5483871,bride,bridge,0.055555556,NA
94,DR2,92.9,return,19,61.29032258,bride,bridge,0.055555556,NA
95,DR2,92.9,wanderer,19,61.29032258,bride,bridge,0.055555556,NA
96,DR2,72.7,journey,18,58.06451613,paper,papers,0.055555556,1
97,DR2,99.9,airport,9,29.03225806,stairs,stair,0.055555556,1
98,DR2,99.9,arrival_4,8,25.80645161,stairs,stair,0.055555556,1
99,DR2,99.9,arrival_5,12,38.70967742,stairs,stair,0.055555556,1
100,DR2,99.9,arrival_6,16,51.61290323,stairs,stair,0.055555556,1
101,DR2,99.9,exhibit_12,15,48.38709677,stairs,stair,0.055555556,1
102,DR2,99.9,return,19,61.29032258,stairs,stair,0.055555556,1
103,DR2,99.9,wanderer,16,51.61290323,stairs,stair,0.055555556,1
104,DR2,97.1428571,airport,13,41.93548387,waiter,water,0.055555556,NA
105,DR2,97.1428571,arrival_2,14,45.16129032,waiter,water,0.055555556,NA
106,DR2,97.1428571,arrival_4,9,29.03225806,waiter,water,0.055555556,NA
107,DR2,97.1428571,arrival_5,18,58.06451613,waiter,water,0.055555556,NA
108,DR2,97.1428571,being_a_pirate,25,80.64516129,waiter,water,0.055555556,NA
109,DR2,97.1428571,birthday_party_fun,20,64.51612903,waiter,water,0.055555556,NA
110,DR2,97.1428571,by_the_lake,27,87.09677419,waiter,water,0.055555556,NA
111,DR2,97.1428571,campsite,16,51.61290323,waiter,water,0.055555556,NA
112,DR2,97.1428571,deep_sea_divers,28,90.32258065,waiter,water,0.055555556,NA
113,DR2,97.1428571,escape_from_the_zoo,15,48.38709677,waiter,water,0.055555556,NA
114,DR2,97.1428571,flowerman,21,67.74193548,waiter,water,0.055555556,NA
115,DR2,97.1428571,journey,26,83.87096774,waiter,water,0.055555556,NA
116,DR2,97.1428571,make_a_splash,28,90.32258065,waiter,water,0.055555556,NA
117,DR2,97.1428571,picture_this,12,38.70967742,waiter,water,0.055555556,NA
118,DR2,97.1428571,quest,29,93.5483871,waiter,water,0.055555556,NA
119,DR2,97.1428571,return,26,83.87096774,waiter,water,0.055555556,NA
120,DR2,97.1428571,unfriendly_giants,21,67.74193548,waiter,water,0.055555556,NA
121,DR2,97.1428571,waldo_1,13,41.93548387,waiter,water,0.055555556,NA
122,DR2,97.1428571,wanderer,28,90.32258065,waiter,water,0.055555556,NA
123,boss,100,arrival_1,16,51.61290323,feather,father,0.047619048,NA
124,boss,100,arrival_4,17,54.83870968,feather,father,0.047619048,NA
125,boss,100,arrival_5,9,29.03225806,feather,father,0.047619048,NA
126,boss,100,arrival_6,12,38.70967742,feather,father,0.047619048,NA
127,boss,100,journey,12,38.70967742,feather,father,0.047619048,NA
128,boss,100,return,13,41.93548387,feather,father,0.047619048,NA
129,DR2,93.3333333,wanderer,8,25.80645161,stoplight,spotlight,0.037037037,NA
130,DR2,100,escape_from_the_zoo,25,80.64516129,rhinoceros,rhinocero,0.033333333,1
131,DR2,100,quest,26,83.87096774,rhinoceros,rhinocero,0.033333333,1
132,DR2,90,escape_from_the_zoo,13,40.625,icecreamcone,icecream cone,0.025641026,1
133,DR2,90,dinosaurs_spacemen_and_ghouls,8,25,icecreamcone,icecream cone,0.025641026,1
134,boss,87,airport,24,77.41935484,balloon,balloon,0,1
135,boss,87,arrival_6,16,51.61290323,balloon,balloon,0,1
136,boss,87,birthday_party_fun,17,54.83870968,balloon,balloon,0,1
137,boss,87,journey,28,90.32258065,balloon,balloon,0,1
138,boss,87,quest,11,35.48387097,balloon,balloon,0,1
139,boss,87,return,13,41.93548387,balloon,balloon,0,1
140,boss,95,arrival_1,10,32.25806452,belt,belt,0,1
141,boss,95,quest,16,51.61290323,belt,belt,0,1
142,boss,95,unfriendly_giants,18,58.06451613,belt,belt,0,1
143,boss,90,arrival_2,19,61.29032258,book,book,0,1
144,boss,90,arrival_3,26,83.87096774,book,book,0,1
145,boss,90,arrival_4,29,93.5483871,book,book,0,1
146,boss,90,journey,13,41.93548387,book,book,0,1
147,boss,90,picture_this,8,25.80645161,book,book,0,1
148,boss,82,arrival_1,22,70.96774194,boot,boot,0,1
149,boss,82,arrival_6,24,77.41935484,boot,boot,0,1
150,boss,85,arrival_1,19,61.29032258,bowl,bowl,0,1
151,boss,85,arrival_2,8,25.80645161,bowl,bowl,0,1
152,boss,85,arrival_4,13,41.93548387,bowl,bowl,0,1
153,boss,85,arrival_5,21,67.74193548,bowl,bowl,0,1
154,boss,85,arrival_6,20,64.51612903,bowl,bowl,0,1
155,boss,100,flowerman,13,41.93548387,brick,brick,0,1
156,boss,100,wanderer,9,29.03225806,brick,brick,0,1
157,boss,82,dinosaurs_spacemen_and_ghouls,16,51.61290323,camera,camera,0,1
158,boss,92,arrival_1,26,83.87096774,clock,clock,0,1
159,boss,92,arrival_3,17,54.83870968,clock,clock,0,1
160,boss,92,flowerman,12,38.70967742,clock,clock,0,1
161,boss,82,journey,14,45.16129032,crayon,crayon,0,1
162,boss,82,quest,17,54.83870968,crayon,crayon,0,1
163,boss,82,return,19,61.29032258,crayon,crayon,0,1
164,boss,100,arrival_6,27,87.09677419,envelope,envelope,0,1
165,boss,100,return,20,64.51612903,feather,feather,0,1
166,boss,100,unfriendly_giants,13,41.93548387,hammer,hammer,0,1
167,boss,97,arrival_4,9,29.03225806,key,key,0,1
168,boss,97,quest,28,90.32258065,key,key,0,1
169,boss,87,ancient_rome,10,32.25806452,knife,knife,0,1
170,boss,92,arrival_6,14,45.16129032,lamp,lamp,0,1
171,boss,92,flowerman,8,25.80645161,lamp,lamp,0,1
172,boss,92,journey,13,41.93548387,lamp,lamp,0,1
173,boss,92,return,10,32.25806452,lamp,lamp,0,1
174,boss,92,wanderer,8,25.80645161,lamp,lamp,0,1
175,boss,97,arrival_6,23,74.19354839,leaf,leaf,0,1
176,boss,74,exhibit_12,18,58.06451613,level,level,0,1
177,boss,74,journey,15,48.38709677,level,level,0,1
178,boss,77,arrival_4,18,58.06451613,shoe,shoe,0,1
179,boss,77,arrival_6,9,29.03225806,shoe,shoe,0,1
180,boss,77,waldo_1,9,29.03225806,shoe,shoe,0,1
181,boss,82,journey,13,41.93548387,marker,marker,0,1
182,boss,82,return,10,32.25806452,marker,marker,0,1
183,boss,100,make_a_splash,9,29.03225806,mushroom,mushroom,0,1
184,boss,100,quest,13,41.93548387,orange,orange,0,1
185,boss,90,arrival_6,15,48.38709677,pen,pen,0,1
186,boss,90,journey,9,29.03225806,pen,pen,0,1
187,boss,90,return,9,29.03225806,pen,pen,0,1
188,boss,84,arrival_6,10,32.25806452,plant,plant,0,1
189,boss,84,return,11,35.48387097,plant,plant,0,1
190,boss,84,waldo_1,19,61.29032258,plant,plant,0,1
191,boss,84,wanderer,18,58.06451613,plant,plant,0,1
192,boss,92,arrival_5,14,45.16129032,plate,plate,0,1
193,boss,100,ancient_rome,10,32.25806452,ring,ring,0,1
194,boss,100,picture_this,9,29.03225806,ring,ring,0,1
195,boss,86,arrival_5,16,51.61290323,rope,rope,0,1
196,boss,86,being_a_pirate,8,25.80645161,rope,rope,0,1
197,boss,86,dinosaurs_spacemen_and_ghouls,9,29.03225806,rope,rope,0,1
198,boss,86,quest,22,70.96774194,rope,rope,0,1
199,boss,86,unfriendly_giants,19,61.29032258,rope,rope,0,1
200,boss,86,wanderer,12,38.70967742,rope,rope,0,1
201,boss,95,arrival_1,10,32.25806452,scarf,scarf,0,1
202,boss,95,flowerman,9,29.03225806,scarf,scarf,0,1
203,boss,100,wanderer,9,29.03225806,scissors,scissors,0,1
204,boss,92,arrival_1,21,67.74193548,spoon,spoon,0,1
205,boss,83,unfriendly_giants,21,67.74193548,straw,straw,0,1
206,boss,81,arrival_3,18,58.06451613,basket,basket,0,1
207,boss,81,arrival_4,26,83.87096774,basket,basket,0,1
208,boss,81,arrival_5,22,70.96774194,basket,basket,0,1
209,boss,81,arrival_6,15,48.38709677,basket,basket,0,1
210,boss,81,journey,12,38.70967742,basket,basket,0,1
211,boss,100,arrival_4,9,29.03225806,strawberry,strawberry,0,1
212,"boss, DR2",100,by_the_lake,11,35.48387097,umbrella,umbrella,0,1
213,"boss, DR2",100,flowerman,10,32.25806452,umbrella,umbrella,0,1
214,"boss, DR2",100,picture_this,9,29.03225806,umbrella,umbrella,0,1
215,"boss, DR2",100,wanderer,8,25.80645161,umbrella,umbrella,0,1
216,boss,84,arrival_4,9,29.03225806,vase,vase,0,1
217,boss,84,arrival_5,8,25.80645161,vase,vase,0,1
218,boss,84,arrival_6,8,25.80645161,vase,vase,0,1
219,boss,97,arrival_3,16,51.61290323,violin,violin,0,1
220,boss,97,waldo_1,8,25.80645161,violin,violin,0,1
221,boss,82,flowerman,18,58.06451613,wheel,wheel,0,1
222,boss,82,journey,20,64.51612903,wheel,wheel,0,1
223,boss,82,quest,15,48.38709677,wheel,wheel,0,1
224,boss,82,wanderer,12,38.70967742,wheel,wheel,0,1
225,"brodeur, moreno-martinez",97,arrival_3,13,41.93548387,accordion,accordion,0,1
226,"brodeur, moreno-martinez",97,arrival_5,18,58.06451613,accordion,accordion,0,1
227,brodeur,71,by_the_lake,11,35.48387097,guitar,guitar,0,1
228,brodeur,71,campsite,11,35.48387097,guitar,guitar,0,1
229,brodeur,95,airport,17,54.83870968,elephant,elephant,0,1
230,brodeur,95,birthday_party_fun,10,32.25806452,elephant,elephant,0,1
231,brodeur,95,escape_from_the_zoo,22,70.96774194,elephant,elephant,0,1
232,brodeur,95,make_a_splash,20,64.51612903,elephant,elephant,0,1
233,brodeur,95,quest,8,25.80645161,elephant,elephant,0,1
234,brodeur,95,wanderer,21,67.74193548,elephant,elephant,0,1
235,brodeur,93,flowerman,9,29.03225806,anchor,anchor,0,1
236,brodeur,93,wanderer,16,51.61290323,anchor,anchor,0,1
237,brodeur,95,arrival_5,8,25.80645161,apron,apron,0,1
238,brodeur,95,arrival_5,18,58.06451613,banjo,banjo,0,1
239,brodeur,81,arrival_1,11,35.48387097,bed,bed,0,1
240,brodeur,81,arrival_3,22,70.96774194,bed,bed,0,1
241,brodeur,81,arrival_5,14,45.16129032,bed,bed,0,1
242,brodeur,81,arrival_6,22,70.96774194,bed,bed,0,1
243,brodeur,81,journey,21,67.74193548,bed,bed,0,1
244,brodeur,81,return,14,45.16129032,bed,bed,0,1
245,brodeur,76,arrival_4,15,48.38709677,bench,bench,0,1
246,brodeur,76,quest,20,64.51612903,bench,bench,0,1
247,brodeur,90,arrival_4,14,45.16129032,bridge,bridge,0,1
248,brodeur,90,campsite,21,67.74193548,bridge,bridge,0,1
249,brodeur,90,flowerman,25,80.64516129,bridge,bridge,0,1
250,brodeur,90,journey,18,58.06451613,bridge,bridge,0,1
251,brodeur,90,make_a_splash,13,41.93548387,bridge,bridge,0,1
252,brodeur,90,quest,29,93.5483871,bridge,bridge,0,1
253,brodeur,90,return,19,61.29032258,bridge,bridge,0,1
254,brodeur,90,wanderer,19,61.29032258,bridge,bridge,0,1
255,brodeur,88,campsite,24,77.41935484,bull,bull,0,1
256,brodeur,93,picture_this,14,45.16129032,cactus,cactus,0,1
257,brodeur,88,arrival_3,25,80.64516129,cat,cat,0,1
258,brodeur,88,arrival_4,24,77.41935484,cat,cat,0,1
259,brodeur,88,arrival_5,26,83.87096774,cat,cat,0,1
260,brodeur,88,flowerman,13,41.93548387,cat,cat,0,1
261,brodeur,88,journey,28,90.32258065,cat,cat,0,1
262,brodeur,88,return,15,48.38709677,cat,cat,0,1
263,brodeur,88,wanderer,25,80.64516129,cat,cat,0,1
264,brodeur,88,arrival_1,8,25.80645161,chair,chair,0,1
265,brodeur,88,arrival_3,8,25.80645161,chair,chair,0,1
266,brodeur,88,flowerman,9,29.03225806,chair,chair,0,1
267,brodeur,88,journey,13,41.93548387,chair,chair,0,1
268,brodeur,88,return,14,45.16129032,chair,chair,0,1
269,brodeur,86,arrival_4,16,51.61290323,chimney,chimney,0,1
270,brodeur,86,arrival_6,10,32.25806452,chimney,chimney,0,1
271,brodeur,86,flowerman,15,48.38709677,chimney,chimney,0,1
272,brodeur,95,flowerman,10,32.25806452,cloud,cloud,0,1
273,brodeur,95,journey,18,58.06451613,cloud,cloud,0,1
274,brodeur,95,wanderer,16,51.61290323,cloud,cloud,0,1
275,brodeur,82,arrival_4,10,32.25806452,shrimp,shrimp,0,1
276,brodeur,98,wanderer,9,29.03225806,crab,crab,0,1
277,brodeur,88,quest,29,93.5483871,crown,crown,0,1
278,brodeur,88,return,23,74.19354839,crown,crown,0,1
279,brodeur,95,birthday_party_fun,11,35.48387097,cupcake,cupcake,0,1
280,brodeur,86,flowerman,8,25.80645161,curtain,curtain,0,1
281,brodeur,82,arrival_1,9,29.03225806,window,window,0,1
282,brodeur,82,arrival_3,10,32.25806452,window,window,0,1
283,brodeur,82,arrival_4,8,25.80645161,window,window,0,1
284,brodeur,82,arrival_5,15,48.38709677,window,window,0,1
285,brodeur,82,arrival_6,25,80.64516129,window,window,0,1
286,brodeur,82,flowerman,27,87.09677419,window,window,0,1
287,brodeur,82,journey,12,38.70967742,window,window,0,1
288,brodeur,82,waldo_1,29,93.5483871,window,window,0,1
289,brodeur,82,wanderer,16,51.61290323,window,window,0,1
290,brodeur,76,quest,22,70.96774194,dragonfly,dragonfly,0,1
291,brodeur,76,return,9,29.03225806,dragonfly,dragonfly,0,1
292,brodeur,98,picture_this,9,29.03225806,camel,camel,0,1
293,brodeur,71,arrival_2,15,48.38709677,gate,gate,0,1
294,brodeur,76,arrival_1,18,58.06451613,eye,eye,0,1
295,brodeur,76,arrival_2,8,25.80645161,eye,eye,0,1
296,brodeur,76,arrival_4,14,45.16129032,eye,eye,0,1
297,brodeur,76,arrival_5,11,35.48387097,eye,eye,0,1
298,brodeur,76,deep_sea_divers,9,29.03225806,eye,eye,0,1
299,brodeur,76,flowerman,10,32.25806452,eye,eye,0,1
300,brodeur,76,picture_this,8,25.80645161,eye,eye,0,1
301,brodeur,76,quest,8,25.80645161,eye,eye,0,1
302,brodeur,76,return,13,41.93548387,eye,eye,0,1
303,brodeur,76,wanderer,26,83.87096774,eye,eye,0,1
304,brodeur,72,wanderer,9,28.125,fishingrod,fishingrod,0,1
305,brodeur,71,airport,16,51.61290323,flag,flag,0,1
306,brodeur,71,being_a_pirate,23,74.19354839,flag,flag,0,1
307,brodeur,71,wanderer,13,41.93548387,flag,flag,0,1
308,"brodeur, DR2",100,escape_from_the_zoo,26,83.87096774,giraffe,giraffe,0,1
309,brodeur,100,arrival_4,8,25.80645161,owl,owl,0,1
310,brodeur,100,arrival_5,16,51.61290323,owl,owl,0,1
311,brodeur,81,ancient_rome,12,38.70967742,hand,hand,0,1
312,brodeur,81,arrival_1,29,93.5483871,hand,hand,0,1
313,brodeur,81,arrival_2,26,83.87096774,hand,hand,0,1
314,brodeur,81,arrival_3,20,64.51612903,hand,hand,0,1
315,brodeur,81,arrival_4,24,77.41935484,hand,hand,0,1
316,brodeur,81,arrival_5,22,70.96774194,hand,hand,0,1
317,brodeur,81,arrival_6,22,70.96774194,hand,hand,0,1
318,brodeur,81,being_a_pirate,8,25.80645161,hand,hand,0,1
319,brodeur,81,birthday_party_fun,9,29.03225806,hand,hand,0,1
320,brodeur,81,by_the_lake,13,41.93548387,hand,hand,0,1
321,brodeur,81,deep_sea_divers,11,35.48387097,hand,hand,0,1
322,brodeur,81,dinosaurs_spacemen_and_ghouls,15,48.38709677,hand,hand,0,1
323,brodeur,81,escape_from_the_zoo,9,29.03225806,hand,hand,0,1
324,brodeur,81,flowerman,20,64.51612903,hand,hand,0,1
325,brodeur,81,journey,24,77.41935484,hand,hand,0,1
326,brodeur,81,picture_this,25,80.64516129,hand,hand,0,1
327,brodeur,81,quest,23,74.19354839,hand,hand,0,1
328,brodeur,81,return,24,77.41935484,hand,hand,0,1
329,brodeur,81,unfriendly_giants,11,35.48387097,hand,hand,0,1
330,brodeur,81,waldo_1,9,29.03225806,hand,hand,0,1
331,brodeur,81,wanderer,24,77.41935484,hand,hand,0,1
332,brodeur,81,wild_west,12,38.70967742,hand,hand,0,1
333,brodeur,90,airport,18,58.06451613,helicopter,helicopter,0,1
334,"brodeur, brodeur",89,arrival_6,25,80.64516129,flower,flower,0,1
335,"brodeur, brodeur",89,campsite,11,35.48387097,flower,flower,0,1
336,"brodeur, brodeur",89,flowerman,28,90.32258065,flower,flower,0,1
337,"brodeur, brodeur",89,unfriendly_giants,18,58.06451613,flower,flower,0,1
338,"brodeur, brodeur",89,wanderer,13,41.93548387,flower,flower,0,1
339,brodeur,100,ancient_rome,27,87.09677419,horse,horse,0,1
340,brodeur,100,exhibit_12,12,38.70967742,horse,horse,0,1
341,brodeur,100,flowerman,11,35.48387097,horse,horse,0,1
342,brodeur,100,return,14,45.16129032,horse,horse,0,1
343,brodeur,100,wanderer,28,90.32258065,horse,horse,0,1
344,brodeur,100,wild_west,26,83.87096774,horse,horse,0,1
345,brodeur,73,campsite,8,25.80645161,trailer,trailer,0,1
346,brodeur,74,escape_from_the_zoo,19,59.375,hotdog,hotdog,0,1
347,brodeur,88,arrival_2,9,29.03225806,rabbit,rabbit,0,1
348,brodeur,88,arrival_3,9,29.03225806,rabbit,rabbit,0,1
349,brodeur,95,wanderer,24,77.41935484,jellyfish,jellyfish,0,1
350,brodeur,98,by_the_lake,12,38.70967742,kite,kite,0,1
351,brodeur,98,journey,24,77.41935484,kite,kite,0,1
352,brodeur,98,return,28,90.32258065,kite,kite,0,1
353,brodeur,98,wanderer,22,70.96774194,kite,kite,0,1
354,brodeur,98,flowerman,16,50,lawnmower,lawnmower,0,1
355,"brodeur, brodeur",89,arrival_6,25,80.64516129,flower,flower,0,1
356,"brodeur, brodeur",89,campsite,11,35.48387097,flower,flower,0,1
357,"brodeur, brodeur",89,flowerman,28,90.32258065,flower,flower,0,1
358,"brodeur, brodeur",89,unfriendly_giants,18,58.06451613,flower,flower,0,1
359,"brodeur, brodeur",89,wanderer,13,41.93548387,flower,flower,0,1
360,brodeur,88,ancient_rome,26,83.87096774,lion,lion,0,1
361,brodeur,88,birthday_party_fun,15,48.38709677,lion,lion,0,1
362,brodeur,88,escape_from_the_zoo,24,77.41935484,lion,lion,0,1
363,brodeur,88,wanderer,10,32.25806452,lion,lion,0,1
364,"brodeur, DR2",100,arrival_6,17,54.83870968,mailbox,mailbox,0,1
365,"brodeur, DR2",100,journey,24,77.41935484,mailbox,mailbox,0,1
366,brodeur,86,dinosaurs_spacemen_and_ghouls,19,61.29032258,mummy,mummy,0,1
367,brodeur,88,airport,8,25.80645161,nose,nose,0,1
368,brodeur,88,deep_sea_divers,9,29.03225806,nose,nose,0,1
369,brodeur,88,wanderer,15,48.38709677,nose,nose,0,1
370,brodeur,71,exhibit_12,10,32.25806452,painting,painting,0,1
371,brodeur,71,flowerman,14,45.16129032,painting,painting,0,1
372,brodeur,90,birthday_party_fun,9,29.03225806,pig,pig,0,1
373,brodeur,87,escape_from_the_zoo,23,74.19354839,flamingo,flamingo,0,1
374,brodeur,83,flowerman,9,29.03225806,pipe,pipe,0,1
375,brodeur,83,return,8,25.80645161,pipe,pipe,0,1
376,brodeur,83,wanderer,17,54.83870968,pipe,pipe,0,1
377,brodeur,74,being_a_pirate,10,31.25,pirateflag,pirateflag,0,1
378,brodeur,90,escape_from_the_zoo,27,84.375,polarbear,polarbear,0,1
379,brodeur,73,escape_from_the_zoo,12,38.70967742,monkey,monkey,0,1
380,brodeur,90,arrival_4,23,74.19354839,fish,fish,0,1
381,brodeur,90,arrival_5,23,74.19354839,fish,fish,0,1
382,brodeur,90,campsite,11,35.48387097,fish,fish,0,1
383,brodeur,90,deep_sea_divers,29,93.5483871,fish,fish,0,1
384,brodeur,90,picture_this,19,61.29032258,fish,fish,0,1
385,brodeur,90,quest,17,54.83870968,fish,fish,0,1
386,brodeur,90,return,18,58.06451613,fish,fish,0,1
387,brodeur,90,wanderer,28,90.32258065,fish,fish,0,1
388,brodeur,95,by_the_lake,19,61.29032258,sandcastle,sandcastle,0,1
389,brodeur,90,flowerman,14,45.16129032,scooter,scooter,0,1
390,brodeur,90,journey,24,77.41935484,scooter,scooter,0,1
391,brodeur,88,wanderer,21,67.74193548,seal,seal,0,1
392,"brodeur, DR2",100,journey,9,29.03225806,skateboard,skateboard,0,1
393,brodeur,75,ancient_rome,8,25.80645161,spear,spear,0,1
394,brodeur,75,journey,8,25.80645161,spear,spear,0,1
395,brodeur,75,quest,17,54.83870968,spear,spear,0,1
396,brodeur,88,quest,10,32.25806452,squid,squid,0,1
397,brodeur,88,wanderer,10,32.25806452,squid,squid,0,1
398,brodeur,100,arrival_5,8,25.80645161,wrench,wrench,0,1
399,brodeur,98,quest,25,80.64516129,swing,swing,0,1
400,brodeur,83,deep_sea_divers,10,32.25806452,swordfish,swordfish,0,1
401,brodeur,83,wanderer,11,35.48387097,swordfish,swordfish,0,1
402,brodeur,81,arrival_1,19,61.29032258,table,table,0,1
403,brodeur,81,arrival_5,24,77.41935484,table,table,0,1
404,brodeur,81,arrival_6,22,70.96774194,table,table,0,1
405,brodeur,81,birthday_party_fun,24,77.41935484,table,table,0,1
406,brodeur,81,by_the_lake,8,25.80645161,table,table,0,1
407,brodeur,81,dinosaurs_spacemen_and_ghouls,11,35.48387097,table,table,0,1
408,brodeur,81,flowerman,8,25.80645161,table,table,0,1
409,brodeur,81,journey,10,32.25806452,table,table,0,1
410,brodeur,81,return,14,45.16129032,table,table,0,1
411,brodeur,81,waldo_1,9,29.03225806,table,table,0,1
412,brodeur,90,campsite,28,90.32258065,tent,tent,0,1
413,brodeur,90,flowerman,12,38.70967742,tent,tent,0,1
414,brodeur,95,arrival_6,17,54.83870968,tree,tree,0,1
415,brodeur,95,being_a_pirate,19,61.29032258,tree,tree,0,1
416,brodeur,95,birthday_party_fun,16,51.61290323,tree,tree,0,1
417,brodeur,95,campsite,8,25.80645161,tree,tree,0,1
418,brodeur,95,dinosaurs_spacemen_and_ghouls,17,54.83870968,tree,tree,0,1
419,brodeur,95,escape_from_the_zoo,21,67.74193548,tree,tree,0,1
420,brodeur,95,flowerman,26,83.87096774,tree,tree,0,1
421,brodeur,95,journey,29,93.5483871,tree,tree,0,1
422,brodeur,95,make_a_splash,10,32.25806452,tree,tree,0,1
423,brodeur,95,picture_this,24,77.41935484,tree,tree,0,1
424,brodeur,95,quest,26,83.87096774,tree,tree,0,1
425,brodeur,95,return,23,74.19354839,tree,tree,0,1
426,brodeur,95,unfriendly_giants,26,83.87096774,tree,tree,0,1
427,brodeur,95,wanderer,26,83.87096774,tree,tree,0,1
428,brodeur,79,waldo_1,14,45.16129032,triangle,triangle,0,1
429,brodeur,76,by_the_lake,19,61.29032258,volleyball,volleyball,0,1
430,brodeur,95,journey,24,77.41935484,waterfall,waterfall,0,1
431,brodeur,95,quest,18,58.06451613,waterfall,waterfall,0,1
432,"brodeur, DR2",100,unfriendly_giants,25,80.64516129,windmill,windmill,0,1
433,moreno-martinez,96,arrival_1,8,25.80645161,arm,arm,0,1
434,moreno-martinez,96,arrival_2,17,54.83870968,arm,arm,0,1
435,moreno-martinez,96,arrival_3,11,35.48387097,arm,arm,0,1
436,moreno-martinez,96,arrival_4,15,48.38709677,arm,arm,0,1
437,moreno-martinez,96,journey,14,45.16129032,arm,arm,0,1
438,moreno-martinez,96,quest,9,29.03225806,arm,arm,0,1
439,moreno-martinez,96,return,19,61.29032258,arm,arm,0,1
440,moreno-martinez,96,wanderer,15,48.38709677,arm,arm,0,1
441,moreno-martinez,94,arrival_3,13,41.93548387,arrow,arrow,0,1
442,moreno-martinez,94,deep_sea_divers,16,51.61290323,arrow,arrow,0,1
443,moreno-martinez,94,waldo_1,10,32.25806452,arrow,arrow,0,1
444,moreno-martinez,89,by_the_lake,13,41.93548387,ball,ball,0,1
445,moreno-martinez,89,flowerman,10,32.25806452,ball,ball,0,1
446,moreno-martinez,89,journey,15,48.38709677,ball,ball,0,1
447,moreno-martinez,89,make_a_splash,10,32.25806452,ball,ball,0,1
448,moreno-martinez,89,return,24,77.41935484,ball,ball,0,1
449,moreno-martinez,89,wanderer,10,32.25806452,ball,ball,0,1
450,moreno-martinez,96,birthday_party_fun,14,45.16129032,bat,bat,0,1
451,moreno-martinez,96,wanderer,10,32.25806452,bat,bat,0,1
452,moreno-martinez,73,arrival_4,8,25.80645161,bit,bit,0,1
453,moreno-martinez,73,arrival_5,8,25.80645161,bit,bit,0,1
454,moreno-martinez,73,arrival_6,9,29.03225806,bit,bit,0,1
455,moreno-martinez,73,flowerman,16,51.61290323,bit,bit,0,1
456,moreno-martinez,73,journey,10,32.25806452,bit,bit,0,1
457,moreno-martinez,73,quest,8,25.80645161,bit,bit,0,1
458,moreno-martinez,73,return,9,29.03225806,bit,bit,0,1
459,moreno-martinez,73,wanderer,15,48.38709677,bit,bit,0,1
460,moreno-martinez,86,arrival_2,28,90.32258065,boat,boat,0,1
461,moreno-martinez,86,arrival_4,27,87.09677419,boat,boat,0,1
462,moreno-martinez,86,arrival_5,25,80.64516129,boat,boat,0,1
463,moreno-martinez,86,arrival_6,12,38.70967742,boat,boat,0,1
464,moreno-martinez,86,being_a_pirate,28,90.32258065,boat,boat,0,1
465,moreno-martinez,86,by_the_lake,26,83.87096774,boat,boat,0,1
466,moreno-martinez,86,campsite,23,74.19354839,boat,boat,0,1
467,moreno-martinez,86,deep_sea_divers,28,90.32258065,boat,boat,0,1
468,moreno-martinez,86,journey,29,93.5483871,boat,boat,0,1
469,moreno-martinez,86,make_a_splash,8,25.80645161,boat,boat,0,1
470,moreno-martinez,86,quest,28,90.32258065,boat,boat,0,1
471,moreno-martinez,86,return,27,87.09677419,boat,boat,0,1
472,moreno-martinez,86,wanderer,28,90.32258065,boat,boat,0,1
473,moreno-martinez,99,arrival_1,10,32.25806452,bow,bow,0,1
474,moreno-martinez,99,flowerman,10,32.25806452,bow,bow,0,1
475,moreno-martinez,99,waldo_1,11,35.48387097,bow,bow,0,1
476,moreno-martinez,76,airport,22,70.96774194,bus,bus,0,1
477,moreno-martinez,99,return,14,45.16129032,butterfly,butterfly,0,1
478,moreno-martinez,98,being_a_pirate,21,67.74193548,cannon,cannon,0,1
479,moreno-martinez,98,make_a_splash,8,25.80645161,cannon,cannon,0,1
480,moreno-martinez,93,arrival_4,10,32.25806452,car,car,0,1
481,moreno-martinez,93,flowerman,26,83.87096774,car,car,0,1
482,moreno-martinez,93,waldo_1,30,96.77419355,car,car,0,1
483,moreno-martinez,75,airport,13,41.93548387,cart,cart,0,1
484,moreno-martinez,75,arrival_3,18,58.06451613,cart,cart,0,1
485,moreno-martinez,75,arrival_5,13,41.93548387,cart,cart,0,1
486,moreno-martinez,75,flowerman,16,51.61290323,cart,cart,0,1
487,moreno-martinez,96,airport,9,29.03225806,coat,coat,0,1
488,moreno-martinez,96,arrival_1,11,35.48387097,coat,coat,0,1
489,moreno-martinez,96,arrival_4,8,25.80645161,coat,coat,0,1
490,moreno-martinez,96,arrival_5,9,29.03225806,coat,coat,0,1
491,moreno-martinez,96,arrival_6,9,29.03225806,coat,coat,0,1
492,moreno-martinez,96,flowerman,12,38.70967742,coat,coat,0,1
493,moreno-martinez,96,journey,8,25.80645161,coat,coat,0,1
494,moreno-martinez,96,wild_west,8,25.80645161,coat,coat,0,1
495,moreno-martinez,82,arrival_1,22,70.96774194,cup,cup,0,1
496,moreno-martinez,82,arrival_2,9,29.03225806,cup,cup,0,1
497,moreno-martinez,82,arrival_5,8,25.80645161,cup,cup,0,1
498,moreno-martinez,82,arrival_6,24,77.41935484,cup,cup,0,1
499,moreno-martinez,93,campsite,11,35.48387097,duck,duck,0,1
500,moreno-martinez,99,arrival_1,10,32.25806452,ear,ear,0,1
501,moreno-martinez,99,arrival_4,12,38.70967742,ear,ear,0,1
502,moreno-martinez,90,arrival_4,9,29.03225806,finger,finger,0,1
503,moreno-martinez,90,arrival_6,11,35.48387097,finger,finger,0,1
504,moreno-martinez,90,picture_this,9,29.03225806,finger,finger,0,1
505,moreno-martinez,90,quest,8,25.80645161,finger,finger,0,1
506,moreno-martinez,90,birthday_party_fun,16,51.61290323,gun,gun,0,1
507,moreno-martinez,90,make_a_splash,15,48.38709677,gun,gun,0,1
508,moreno-martinez,90,wanderer,9,29.03225806,gun,gun,0,1
509,moreno-martinez,90,wild_west,12,38.70967742,gun,gun,0,1
510,moreno-martinez,82,escape_from_the_zoo,8,25.80645161,hippopotamus,hippopotamus,0,1
511,moreno-martinez,82,picture_this,8,25.80645161,hippopotamus,hippopotamus,0,1
512,moreno-martinez,93,arrival_1,9,29.03225806,house,house,0,1
513,moreno-martinez,93,arrival_4,16,51.61290323,house,house,0,1
514,moreno-martinez,93,arrival_5,16,51.61290323,house,house,0,1
515,moreno-martinez,93,arrival_6,9,29.03225806,house,house,0,1
516,moreno-martinez,93,birthday_party_fun,14,45.16129032,house,house,0,1
517,moreno-martinez,93,by_the_lake,13,41.93548387,house,house,0,1
518,moreno-martinez,93,flowerman,28,90.32258065,house,house,0,1
519,moreno-martinez,93,journey,21,67.74193548,house,house,0,1
520,moreno-martinez,93,return,22,70.96774194,house,house,0,1
521,moreno-martinez,93,unfriendly_giants,20,64.51612903,house,house,0,1
522,moreno-martinez,93,waldo_1,9,29.03225806,house,house,0,1
523,moreno-martinez,93,wanderer,22,70.96774194,house,house,0,1
524,moreno-martinez,81,wanderer,19,61.29032258,iceberg,iceberg,0,1
525,moreno-martinez,84,being_a_pirate,8,25.80645161,island,island,0,1
526,moreno-martinez,84,quest,19,61.29032258,island,island,0,1
527,moreno-martinez,84,wanderer,15,48.38709677,island,island,0,1
528,moreno-martinez,95,return,15,48.38709677,moon,moon,0,1
529,moreno-martinez,95,wanderer,24,77.41935484,moon,moon,0,1
530,moreno-martinez,83,by_the_lake,9,29.03225806,mountain,mountain,0,1
531,moreno-martinez,83,journey,13,41.93548387,mountain,mountain,0,1
532,moreno-martinez,83,quest,26,83.87096774,mountain,mountain,0,1
533,moreno-martinez,83,wanderer,8,25.80645161,mountain,mountain,0,1
534,moreno-martinez,76,arrival_4,10,32.25806452,mouth,mouth,0,1
535,moreno-martinez,76,arrival_5,9,29.03225806,mouth,mouth,0,1
536,moreno-martinez,76,arrival_6,10,32.25806452,mouth,mouth,0,1
537,moreno-martinez,76,make_a_splash,9,29.03225806,mouth,mouth,0,1
538,moreno-martinez,76,wanderer,16,51.61290323,mouth,mouth,0,1
539,moreno-martinez,97,journey,25,78.125,palmtree,palmtree,0,1
540,moreno-martinez,97,quest,24,75,palmtree,palmtree,0,1
541,moreno-martinez,97,picture_this,20,62.5,palmtree,palmtree,0,1
542,moreno-martinez,97,being_a_pirate,18,56.25,palmtree,palmtree,0,1
543,moreno-martinez,97,make_a_splash,8,25,palmtree,palmtree,0,1
544,moreno-martinez,99,birthday_party_fun,14,45.16129032,penguin,penguin,0,1
545,moreno-martinez,99,by_the_lake,11,35.48387097,penguin,penguin,0,1
546,moreno-martinez,99,escape_from_the_zoo,20,64.51612903,penguin,penguin,0,1
547,moreno-martinez,99,make_a_splash,12,38.70967742,penguin,penguin,0,1
548,moreno-martinez,73,dinosaurs_spacemen_and_ghouls,12,38.70967742,pie,pie,0,1
549,moreno-martinez,84,ancient_rome,15,48.38709677,pyramid,pyramid,0,1
550,moreno-martinez,84,by_the_lake,17,54.83870968,pyramid,pyramid,0,1
551,moreno-martinez,84,quest,13,41.93548387,pyramid,pyramid,0,1
552,moreno-martinez,93,being_a_pirate,13,41.93548387,sea,sea,0,1
553,moreno-martinez,93,deep_sea_divers,22,70.96774194,sea,sea,0,1
554,moreno-martinez,93,make_a_splash,9,29.03225806,sea,sea,0,1
555,moreno-martinez,93,quest,15,48.38709677,sea,sea,0,1
556,moreno-martinez,93,return,12,38.70967742,sea,sea,0,1
557,moreno-martinez,93,wanderer,27,87.09677419,sea,sea,0,1
558,moreno-martinez,83,wanderer,12,38.70967742,seagull,seagull,0,1
559,moreno-martinez,96,ancient_rome,17,54.83870968,shield,shield,0,1
560,moreno-martinez,74,arrival_1,19,61.29032258,ship,ship,0,1
561,moreno-martinez,74,arrival_2,24,77.41935484,ship,ship,0,1
562,moreno-martinez,74,arrival_4,17,54.83870968,ship,ship,0,1
563,moreno-martinez,74,arrival_6,9,29.03225806,ship,ship,0,1
564,moreno-martinez,74,being_a_pirate,29,93.5483871,ship,ship,0,1
565,moreno-martinez,74,dinosaurs_spacemen_and_ghouls,10,32.25806452,ship,ship,0,1
566,moreno-martinez,74,journey,15,48.38709677,ship,ship,0,1
567,moreno-martinez,74,make_a_splash,23,74.19354839,ship,ship,0,1
568,moreno-martinez,74,quest,14,45.16129032,ship,ship,0,1
569,moreno-martinez,74,return,12,38.70967742,ship,ship,0,1
570,moreno-martinez,74,wanderer,26,83.87096774,ship,ship,0,1
571,moreno-martinez,99,arrival_4,9,29.03225806,shirt,shirt,0,1
572,moreno-martinez,99,arrival_5,17,54.83870968,shirt,shirt,0,1
573,moreno-martinez,99,flowerman,14,45.16129032,shirt,shirt,0,1
574,moreno-martinez,99,journey,8,25.80645161,shirt,shirt,0,1
575,moreno-martinez,99,picture_this,9,29.03225806,shirt,shirt,0,1
576,moreno-martinez,99,return,8,25.80645161,shirt,shirt,0,1
577,moreno-martinez,99,wanderer,15,48.38709677,shirt,shirt,0,1
578,moreno-martinez,96,arrival_4,26,83.87096774,shovel,shovel,0,1
579,moreno-martinez,81,by_the_lake,9,29.03225806,ski,ski,0,1
580,moreno-martinez,99,flowerman,13,41.93548387,skirt,skirt,0,1
581,moreno-martinez,73,arrival_2,9,29.03225806,skyscraper,skyscraper,0,1
582,moreno-martinez,92,arrival_4,17,54.83870968,snake,snake,0,1
583,moreno-martinez,92,escape_from_the_zoo,13,41.93548387,snake,snake,0,1
584,moreno-martinez,92,make_a_splash,12,38.70967742,snake,snake,0,1
585,moreno-martinez,92,wanderer,16,51.61290323,snake,snake,0,1
586,moreno-martinez,75,arrival_1,8,25.80645161,sun,sun,0,1
587,moreno-martinez,75,wanderer,14,45.16129032,sun,sun,0,1
588,moreno-martinez,97,ancient_rome,18,58.06451613,sword,sword,0,1
589,moreno-martinez,97,being_a_pirate,8,25.80645161,sword,sword,0,1
590,moreno-martinez,97,picture_this,10,32.25806452,sword,sword,0,1
591,moreno-martinez,97,return,26,83.87096774,sword,sword,0,1
592,moreno-martinez,99,ancient_rome,12,38.70967742,tiger,tiger,0,1
593,moreno-martinez,92,picture_this,9,29.03225806,tongue,tongue,0,1
594,moreno-martinez,78,airport,13,41.93548387,tower,tower,0,1
595,moreno-martinez,78,arrival_3,9,29.03225806,tower,tower,0,1
596,moreno-martinez,78,journey,16,51.61290323,tower,tower,0,1
597,moreno-martinez,78,quest,17,54.83870968,tower,tower,0,1
598,moreno-martinez,78,wanderer,8,25.80645161,tower,tower,0,1
599,moreno-martinez,93,arrival_1,28,90.32258065,train,train,0,1
600,moreno-martinez,93,arrival_4,29,93.5483871,train,train,0,1
601,moreno-martinez,93,wild_west,28,90.32258065,train,train,0,1
602,moreno-martinez,99,dinosaurs_spacemen_and_ghouls,23,74.19354839,volcano,volcano,0,1
603,moreno-martinez,89,wanderer,28,90.32258065,wave,wave,0,1
604,moreno-martinez,99,birthday_party_fun,8,25.80645161,zebra,zebra,0,1
605,moreno-martinez,99,escape_from_the_zoo,9,29.03225806,zebra,zebra,0,1
606,moreno-martinez,99,wanderer,13,41.93548387,zebra,zebra,0,1
607,DR2,95.4545455,airport,22,70.96774194,airplane,airplane,0,1
608,DR2,95.4545455,wanderer,22,70.96774194,airplane,airplane,0,1
609,DR2,95.1,arrival_3,8,25.80645161,backpack,backpack,0,1
610,DR2,95.1,campsite,12,38.70967742,backpack,backpack,0,1
611,DR2,85.7142857,flowerman,15,48.38709677,balcony,balcony,0,1
612,DR2,100,escape_from_the_zoo,27,87.09677419,bear,bear,0,1
613,DR2,100,picture_this,15,48.38709677,bear,bear,0,1
614,DR2,94.9152542,journey,23,74.19354839,bicycle,bicycle,0,1
615,DR2,94.9152542,quest,17,54.83870968,bicycle,bicycle,0,1
616,DR2,94.9152542,waldo_1,14,45.16129032,bicycle,bicycle,0,1
617,DR2,100,arrival_1,27,87.09677419,bird,bird,0,1
618,DR2,100,arrival_2,27,87.09677419,bird,bird,0,1
619,DR2,100,arrival_3,18,58.06451613,bird,bird,0,1
620,DR2,100,arrival_4,17,54.83870968,bird,bird,0,1
621,DR2,100,arrival_5,23,74.19354839,bird,bird,0,1
622,DR2,100,arrival_6,26,83.87096774,bird,bird,0,1
623,DR2,100,being_a_pirate,8,25.80645161,bird,bird,0,1
624,DR2,100,campsite,8,25.80645161,bird,bird,0,1
625,DR2,100,escape_from_the_zoo,21,67.74193548,bird,bird,0,1
626,DR2,100,journey,29,93.5483871,bird,bird,0,1
627,DR2,100,quest,28,90.32258065,bird,bird,0,1
628,DR2,100,return,28,90.32258065,bird,bird,0,1
629,DR2,100,wanderer,28,90.32258065,bird,bird,0,1
630,DR2,91.3,airport,12,38.70967742,blimp,blimp,0,1
631,DR2,91.3,quest,8,25.80645161,blimp,blimp,0,1
632,DR2,90.9090909,wanderer,18,58.06451613,bottle,bottle,0,1
633,DR2,95.4545455,arrival_4,14,45.16129032,box,box,0,1
634,DR2,95.4545455,arrival_6,10,32.25806452,box,box,0,1
635,DR2,95.4545455,quest,10,32.25806452,box,box,0,1
636,DR2,95.4545455,return,20,64.51612903,box,box,0,1
637,DR2,100,birthday_party_fun,19,61.29032258,castle,castle,0,1
638,DR2,100,by_the_lake,14,45.16129032,castle,castle,0,1
639,DR2,100,journey,23,74.19354839,castle,castle,0,1
640,DR2,100,quest,25,80.64516129,castle,castle,0,1
641,DR2,100,return,25,80.64516129,castle,castle,0,1
642,DR2,100,unfriendly_giants,21,67.74193548,castle,castle,0,1
643,"DR2, DR2",85.7,arrival_4,9,29.03225806,chest,chest,0,1
644,"DR2, DR2",85.7,being_a_pirate,8,25.80645161,chest,chest,0,1
645,"DR2, DR2",85.7,deep_sea_divers,12,38.70967742,chest,chest,0,1
646,"DR2, DR2",85.7,arrival_4,9,29.03225806,chest,chest,0,1
647,"DR2, DR2",85.7,being_a_pirate,8,25.80645161,chest,chest,0,1
648,"DR2, DR2",85.7,deep_sea_divers,12,38.70967742,chest,chest,0,1
649,DR2,74.1,arrival_2,20,64.51612903,city,city,0,1
650,DR2,74.1,arrival_4,27,87.09677419,city,city,0,1
651,DR2,74.1,arrival_5,19,61.29032258,city,city,0,1
652,DR2,74.1,arrival_6,12,38.70967742,city,city,0,1
653,DR2,74.1,flowerman,8,25.80645161,city,city,0,1
654,DR2,74.1,journey,21,67.74193548,city,city,0,1
655,DR2,74.1,quest,26,83.87096774,city,city,0,1
656,DR2,74.1,return,20,64.51612903,city,city,0,1
657,DR2,74.1,waldo_1,13,41.93548387,city,city,0,1
658,DR2,74.1,wanderer,24,77.41935484,city,city,0,1
659,DR2,100,journey,24,77.41935484,couch,couch,0,1
660,DR2,100,wanderer,13,41.93548387,deer,deer,0,1
661,DR2,82.1,arrival_4,27,87.09677419,drawer,drawer,0,1
662,DR2,95.4545455,flowerman,8,25.80645161,dress,dress,0,1
663,DR2,78.5714286,journey,10,32.25806452,dresser,dresser,0,1
664,DR2,100,arrival_3,25,80.64516129,egg,egg,0,1
665,DR2,100,birthday_party_fun,17,54.83870968,fence,fence,0,1
666,DR2,100,flowerman,12,38.70967742,fence,fence,0,1
667,DR2,100,journey,11,34.375,firehydrant,firehydrant,0,1
668,DR2,100,flowerman,10,31.25,firehydrant,firehydrant,0,1
669,DR2,94.2857143,wanderer,17,53.125,fishingpole,fishingpole,0,1
670,DR2,100,arrival_3,8,25.80645161,floor,floor,0,1
671,DR2,100,arrival_6,15,48.38709677,floor,floor,0,1
672,DR2,100,deep_sea_divers,9,29.03225806,floor,floor,0,1
673,DR2,100,exhibit_12,15,48.38709677,floor,floor,0,1
674,DR2,100,flowerman,14,45.16129032,floor,floor,0,1
675,DR2,100,journey,23,74.19354839,floor,floor,0,1
676,DR2,100,return,18,58.06451613,floor,floor,0,1
677,DR2,100,flowerman,24,77.41935484,fountain,fountain,0,1
678,DR2,100,waldo_1,28,90.32258065,fountain,fountain,0,1
679,"brodeur, DR2",100,escape_from_the_zoo,26,83.87096774,giraffe,giraffe,0,1
680,DR2,85.7,escape_from_the_zoo,23,74.19354839,gorilla,gorilla,0,1
681,DR2,100,arrival_1,28,90.32258065,hat,hat,0,1
682,DR2,100,arrival_2,19,61.29032258,hat,hat,0,1
683,DR2,100,arrival_3,27,87.09677419,hat,hat,0,1
684,DR2,100,arrival_4,29,93.5483871,hat,hat,0,1
685,DR2,100,arrival_5,27,87.09677419,hat,hat,0,1
686,DR2,100,arrival_6,27,87.09677419,hat,hat,0,1
687,DR2,100,flowerman,24,77.41935484,hat,hat,0,1
688,DR2,100,journey,9,29.03225806,hat,hat,0,1
689,DR2,100,picture_this,16,51.61290323,hat,hat,0,1
690,DR2,100,unfriendly_giants,12,38.70967742,hat,hat,0,1
691,DR2,100,wanderer,23,74.19354839,hat,hat,0,1
692,DR2,100,wild_west,12,38.70967742,hat,hat,0,1
693,DR2,100,quest,15,48.38709677,helmet,helmet,0,1
694,DR2,100,wanderer,14,45.16129032,helmet,helmet,0,1
695,DR2,72.7272727,arrival_4,9,29.03225806,jacket,jacket,0,1
696,DR2,72.7272727,arrival_5,15,48.38709677,jacket,jacket,0,1
697,DR2,72.7272727,flowerman,8,25.80645161,jacket,jacket,0,1
698,DR2,98.5507246,escape_from_the_zoo,13,41.93548387,kangaroo,kangaroo,0,1
699,DR2,100,arrival_4,15,48.38709677,ladder,ladder,0,1
700,DR2,100,arrival_5,18,58.06451613,ladder,ladder,0,1
701,DR2,100,arrival_6,25,80.64516129,ladder,ladder,0,1
702,DR2,100,exhibit_12,23,74.19354839,ladder,ladder,0,1
703,DR2,100,flowerman,11,35.48387097,ladder,ladder,0,1
704,DR2,100,journey,21,67.74193548,ladder,ladder,0,1
705,DR2,100,waldo_1,17,54.83870968,ladder,ladder,0,1
706,DR2,100,wild_west,12,38.70967742,ladder,ladder,0,1
707,DR2,100,wanderer,27,87.09677419,lighthouse,lighthouse,0,1
708,DR2,71.4,arrival_4,8,25.80645161,lizard,lizard,0,1
709,DR2,100,wanderer,22,70.96774194,lobster,lobster,0,1
710,DR2,100,journey,10,32.25806452,lock,lock,0,1
711,"brodeur, DR2",100,arrival_6,17,54.83870968,mailbox,mailbox,0,1
712,"brodeur, DR2",100,journey,24,77.41935484,mailbox,mailbox,0,1
713,DR2,100,arrival_6,11,35.48387097,mirror,mirror,0,1
714,DR2,100,dinosaurs_spacemen_and_ghouls,10,32.25806452,mirror,mirror,0,1
715,DR2,100,return,9,29.03225806,mirror,mirror,0,1
716,DR2,100,waldo_1,12,38.70967742,mop,mop,0,1
717,DR2,98.4,flowerman,16,51.61290323,motorcycle,motorcycle,0,1
718,DR2,98.4,waldo_1,16,51.61290323,motorcycle,motorcycle,0,1
719,DR2,100,arrival_4,8,25.80645161,mouse,mouse,0,1
720,DR2,100,arrival_6,10,32.25806452,mouse,mouse,0,1
721,DR2,72.7,arrival_1,22,70.96774194,paper,paper,0,1
722,DR2,72.7,arrival_2,14,45.16129032,paper,paper,0,1
723,DR2,72.7,arrival_3,8,25.80645161,paper,paper,0,1
724,DR2,72.7,arrival_4,17,54.83870968,paper,paper,0,1
725,DR2,72.7,arrival_5,24,77.41935484,paper,paper,0,1
726,DR2,72.7,arrival_6,21,67.74193548,paper,paper,0,1
727,DR2,72.7,journey,8,25.80645161,paper,paper,0,1
728,DR2,72.7,quest,20,64.51612903,paper,paper,0,1
729,DR2,72.7,wanderer,27,87.09677419,paper,paper,0,1
730,DR2,78.6,escape_from_the_zoo,11,35.48387097,parrot,parrot,0,1
731,DR2,100,escape_from_the_zoo,17,54.83870968,peacock,peacock,0,1
732,DR2,100,birthday_party_fun,26,83.87096774,pool,pool,0,1
733,DR2,100,make_a_splash,16,51.61290323,pool,pool,0,1
734,DR2,100,arrival_1,23,74.19354839,pot,pot,0,1
735,DR2,100,arrival_4,10,32.25806452,pot,pot,0,1
736,DR2,100,arrival_5,15,48.38709677,pot,pot,0,1
737,DR2,100,arrival_6,21,67.74193548,pot,pot,0,1
738,DR2,100,journey,8,25.80645161,pot,pot,0,1
739,DR2,85.7142857,flowerman,10,32.25806452,road,road,0,1
740,DR2,86.3636364,airport,12,38.70967742,rocket,rocket,0,1
741,DR2,86.3636364,dinosaurs_spacemen_and_ghouls,10,32.25806452,rocket,rocket,0,1
742,DR2,86.3636364,wanderer,15,48.38709677,rocket,rocket,0,1
743,DR2,90.9,flowerman,26,83.87096774,roof,roof,0,1
744,DR2,90.9,quest,9,29.03225806,roof,roof,0,1
745,DR2,90.9,unfriendly_giants,9,29.03225806,roof,roof,0,1
746,DR2,90.9,waldo_1,27,87.09677419,roof,roof,0,1
747,DR2,90.9,wanderer,11,35.48387097,roof,roof,0,1
748,DR2,90.9,wild_west,17,54.83870968,roof,roof,0,1
749,DR2,85.7,by_the_lake,14,45.16129032,sailboat,sailboat,0,1
750,DR2,85.7,wanderer,22,70.96774194,sailboat,sailboat,0,1
751,DR2,96.4,quest,19,61.29032258,seahorse,seahorse,0,1
752,DR2,96.4,wanderer,27,87.09677419,seahorse,seahorse,0,1
753,DR2,100,being_a_pirate,8,25.80645161,shark,shark,0,1
754,DR2,100,campsite,10,32.25806452,shark,shark,0,1
755,DR2,100,deep_sea_divers,14,45.16129032,shark,shark,0,1
756,DR2,100,exhibit_12,10,32.25806452,shark,shark,0,1
757,DR2,96.7741935,arrival_4,15,48.38709677,shower,shower,0,1
758,DR2,96.7741935,wanderer,13,41.93548387,shower,shower,0,1
759,DR2,97.6190476,return,11,35.48387097,sink,sink,0,1
760,"brodeur, DR2",100,journey,9,29.03225806,skateboard,skateboard,0,1
761,DR2,95.5,make_a_splash,28,90.32258065,slide,slide,0,1
762,DR2,75,ancient_rome,9,29.03225806,soldier,soldier,0,1
763,DR2,75,journey,10,32.25806452,soldier,soldier,0,1
764,DR2,75,quest,17,54.83870968,soldier,soldier,0,1
765,DR2,75,return,13,41.93548387,soldier,soldier,0,1
766,DR2,93.3,arrival_2,22,70.96774194,statue,statue,0,1
767,DR2,93.3,arrival_4,16,51.61290323,statue,statue,0,1
768,DR2,93.3,arrival_5,11,35.48387097,statue,statue,0,1
769,DR2,93.3,flowerman,11,35.48387097,statue,statue,0,1
770,DR2,93.3,journey,9,29.03225806,statue,statue,0,1
771,DR2,93.3,quest,25,80.64516129,statue,statue,0,1
772,DR2,93.3,waldo_1,17,54.83870968,statue,statue,0,1
773,DR2,95.4545455,journey,11,35.48387097,stove,stove,0,1
774,DR2,95.4545455,return,9,29.03225806,stove,stove,0,1
775,DR2,100,return,27,87.09677419,submarine,submarine,0,1
776,DR2,100,wanderer,26,83.87096774,submarine,submarine,0,1
777,DR2,97.0588235,airport,8,25.80645161,suitcase,suitcase,0,1
778,DR2,97.0588235,arrival_1,24,77.41935484,suitcase,suitcase,0,1
779,DR2,97.0588235,arrival_2,23,74.19354839,suitcase,suitcase,0,1
780,DR2,97.0588235,arrival_3,25,80.64516129,suitcase,suitcase,0,1
781,DR2,95.1,quest,14,45.16129032,tank,tank,0,1
782,DR2,95.1,wanderer,13,41.93548387,tank,tank,0,1
783,DR2,93.3,arrival_1,22,70.96774194,teapot,teapot,0,1
784,DR2,93.3,arrival_2,11,35.48387097,teapot,teapot,0,1
785,DR2,100,arrival_4,12,38.70967742,teepee,teepee,0,1
786,DR2,100,flowerman,17,54.83870968,telescope,telescope,0,1
787,DR2,100,flowerman,12,38.70967742,tie,tie,0,1
788,DR2,95.4545455,airport,22,70.96774194,truck,truck,0,1
789,DR2,95.4545455,flowerman,23,74.19354839,truck,truck,0,1
790,DR2,95.4545455,waldo_1,23,74.19354839,truck,truck,0,1
791,DR2,95.2380952,wanderer,26,83.87096774,turtle,turtle,0,1
792,"boss, DR2",100,by_the_lake,11,35.48387097,umbrella,umbrella,0,1
793,"boss, DR2",100,flowerman,10,32.25806452,umbrella,umbrella,0,1
794,"boss, DR2",100,picture_this,9,29.03225806,umbrella,umbrella,0,1
795,"boss, DR2",100,wanderer,8,25.80645161,umbrella,umbrella,0,1
796,DR2,97.1428571,waldo_1,9,29.03225806,waiter,waiter,0,1
797,DR2,95.4545455,airport,12,38.70967742,watch,watch,0,1
798,DR2,95.4545455,arrival_3,17,54.83870968,watch,watch,0,1
799,DR2,98.1,flowerman,17,54.83870968,wheelchair,wheelchair,0,1
800,"brodeur, DR2",100,unfriendly_giants,25,80.64516129,windmill,windmill,0,1
801,DR2,70.7,arrival_5,12,38.70967742,wine,wine,0,1
802,boss,72,NA,NA,NA,almonds,NA,NA,NA
803,boss,74,NA,NA,NA,antenna,NA,NA,NA
804,boss,92,NA,NA,NA,ashtray,NA,NA,NA
805,boss,89,NA,NA,NA,avocado,NA,NA,NA
806,boss,87,NA,NA,NA,bagel,NA,NA,NA
807,boss,100,NA,NA,NA,banana,NA,NA,NA
808,boss,87,NA,NA,NA,baseball,NA,NA,NA
809,boss,95,NA,NA,NA,battery,NA,NA,NA
810,boss,84,NA,NA,NA,bib,NA,NA,NA
811,boss,97,NA,NA,NA,binoculars,NA,NA,NA
812,boss,94,NA,NA,NA,blueberry,NA,NA,NA
813,boss,86,NA,NA,NA,bottlecap,NA,NA,NA
814,boss,97,NA,NA,NA,broccoli,NA,NA,NA
815,boss,100,NA,NA,NA,button,NA,NA,NA
816,boss,76,NA,NA,NA,cabbage,NA,NA,NA
817,boss,100,NA,NA,NA,calculator,NA,NA,NA
818,boss,100,NA,NA,NA,candle,NA,NA,NA
819,boss,95,NA,NA,NA,candy,NA,NA,NA
820,boss,97,NA,NA,NA,carrot,NA,NA,NA
821,boss,95,NA,NA,NA,cauliflower,NA,NA,NA
822,boss,92,NA,NA,NA,cd,NA,NA,NA
823,boss,100,NA,NA,NA,celery,NA,NA,NA
824,boss,85,NA,NA,NA,cellphone,NA,NA,NA
825,boss,100,NA,NA,NA,chalk,NA,NA,NA
826,boss,100,NA,NA,NA,cherries,NA,NA,NA
827,boss,95,NA,NA,NA,cigarette,NA,NA,NA
828,boss,79,NA,NA,NA,clipboard,NA,NA,NA
829,boss,89,NA,NA,NA,coconut,NA,NA,NA
830,boss,79,NA,NA,NA,coffeebeans,NA,NA,NA
831,boss,87,NA,NA,NA,comb,NA,NA,NA
832,boss,100,NA,NA,NA,condom,NA,NA,NA
833,boss,71,NA,NA,NA,cookiecutter,NA,NA,NA
834,boss,72,NA,NA,NA,cracker,NA,NA,NA
835,boss,89,NA,NA,NA,croissant,NA,NA,NA
836,boss,86,NA,NA,NA,deodorant,NA,NA,NA
837,boss,97,NA,NA,NA,dice,NA,NA,NA
838,boss,78,NA,NA,NA,doll,NA,NA,NA
839,boss,72,NA,NA,NA,dropper,NA,NA,NA
840,boss,82,NA,NA,NA,dustpan,NA,NA,NA
841,boss,100,NA,NA,NA,earrings,NA,NA,NA
842,boss,92,NA,NA,NA,eraser,NA,NA,NA
843,boss,89,NA,NA,NA,fan,NA,NA,NA
844,boss,75,NA,NA,NA,flashlight,NA,NA,NA
845,boss,90,NA,NA,NA,flyswatter,NA,NA,NA
846,boss,97,NA,NA,NA,fork,NA,NA,NA
847,boss,87,NA,NA,NA,garlic,NA,NA,NA
848,boss,89,NA,NA,NA,ginger,NA,NA,NA
849,boss,78,NA,NA,NA,hanger,NA,NA,NA
850,boss,71,NA,NA,NA,headphones,NA,NA,NA
851,boss,74,NA,NA,NA,icepack,NA,NA,NA
852,boss,92,NA,NA,NA,iron,NA,NA,NA
853,boss,89,NA,NA,NA,keyboard,NA,NA,NA
854,boss,74,NA,NA,NA,laptop,NA,NA,NA
855,"boss, DR2",100,NA,NA,NA,lemon,NA,NA,NA
856,boss,95,NA,NA,NA,lighter,NA,NA,NA
857,boss,81,NA,NA,NA,lime,NA,NA,NA
858,boss,97,NA,NA,NA,lipstick,NA,NA,NA
859,boss,82,NA,NA,NA,magnifyingglass,NA,NA,NA
860,boss,95,NA,NA,NA,measuringcup,NA,NA,NA
861,boss,78,NA,NA,NA,measuringtape,NA,NA,NA
862,boss,97,NA,NA,NA,microscope,NA,NA,NA
863,boss,94,NA,NA,NA,mousetrap,NA,NA,NA
864,boss,86,NA,NA,NA,nailclipper,NA,NA,NA
865,boss,81,NA,NA,NA,nailpolish,NA,NA,NA
866,boss,93,NA,NA,NA,nutcracker,NA,NA,NA
867,boss,89,NA,NA,NA,olive,NA,NA,NA
868,"boss, DR2",100,NA,NA,NA,onion,NA,NA,NA
869,boss,92,NA,NA,NA,paintbrush,NA,NA,NA
870,boss,77,NA,NA,NA,paintroller,NA,NA,NA
871,boss,73,NA,NA,NA,partyhat,NA,NA,NA
872,boss,72,NA,NA,NA,pencilcase,NA,NA,NA
873,boss,71,NA,NA,NA,pictureframe,NA,NA,NA
874,boss,72,NA,NA,NA,pill,NA,NA,NA
875,boss,84,NA,NA,NA,pillow,NA,NA,NA
876,boss,100,NA,NA,NA,pineapple,NA,NA,NA
877,boss,86,NA,NA,NA,plum,NA,NA,NA
878,boss,84,NA,NA,NA,plunger,NA,NA,NA
879,boss,100,NA,NA,NA,potato,NA,NA,NA
880,boss,87,NA,NA,NA,printer,NA,NA,NA
881,boss,76,NA,NA,NA,puzzlepiece,NA,NA,NA
882,boss,72,NA,NA,NA,qtip,NA,NA,NA
883,boss,74,NA,NA,NA,raisins,NA,NA,NA
884,boss,86,NA,NA,NA,rasberry,NA,NA,NA
885,boss,77,NA,NA,NA,ribbon,NA,NA,NA
886,boss,92,NA,NA,NA,rice,NA,NA,NA
887,boss,100,NA,NA,NA,ruler,NA,NA,NA
888,boss,92,NA,NA,NA,sandal,NA,NA,NA
889,boss,89,NA,NA,NA,saw,NA,NA,NA
890,boss,95,NA,NA,NA,screwdriver,NA,NA,NA
891,boss,86,NA,NA,NA,shoelace,NA,NA,NA
892,boss,74,NA,NA,NA,shorts,NA,NA,NA
893,boss,79,NA,NA,NA,soap,NA,NA,NA
894,boss,87,NA,NA,NA,sock,NA,NA,NA
895,boss,87,NA,NA,NA,speaker,NA,NA,NA
896,boss,90,NA,NA,NA,sponge,NA,NA,NA
897,boss,95,NA,NA,NA,stapler,NA,NA,NA
898,boss,81,NA,NA,NA,stapleremover,NA,NA,NA
899,boss,97,NA,NA,NA,staples,NA,NA,NA
900,boss,74,NA,NA,NA,starfish,NA,NA,NA
901,boss,90,NA,NA,NA,sunglasses,NA,NA,NA
902,boss,94,NA,NA,NA,tampon,NA,NA,NA
903,boss,95,NA,NA,NA,teabag,NA,NA,NA
904,boss,72,NA,NA,NA,teddybear,NA,NA,NA
905,boss,95,NA,NA,NA,tennisball,NA,NA,NA
906,boss,97,NA,NA,NA,thermometer,NA,NA,NA
907,boss,91,NA,NA,NA,tile,NA,NA,NA
908,boss,74,NA,NA,NA,toast,NA,NA,NA
909,boss,97,NA,NA,NA,toaster,NA,NA,NA
910,boss,92,NA,NA,NA,toiletpaper,NA,NA,NA
911,"boss, DR2",100,NA,NA,NA,tomato,NA,NA,NA
912,boss,79,NA,NA,NA,tongs,NA,NA,NA
913,"boss, DR2",100,NA,NA,NA,toothbrush,NA,NA,NA
914,boss,81,NA,NA,NA,toothpick,NA,NA,NA
915,boss,72,NA,NA,NA,waterbottle,NA,NA,NA
916,boss,71,NA,NA,NA,whisk,NA,NA,NA
917,boss,79,NA,NA,NA,zucchini,NA,NA,NA
918,brodeur,79,NA,NA,NA,acorn,NA,NA,NA
919,brodeur,79,NA,NA,NA,airhockeytable,NA,NA,NA
920,brodeur,73,NA,NA,NA,antlers,NA,NA,NA
921,brodeur,88,NA,NA,NA,armadillo,NA,NA,NA
922,brodeur,77,NA,NA,NA,bacon,NA,NA,NA
923,brodeur,76,NA,NA,NA,badmintonracket,NA,NA,NA
924,brodeur,71,NA,NA,NA,barn,NA,NA,NA
925,brodeur,81,NA,NA,NA,baseballbat,NA,NA,NA
926,brodeur,95,NA,NA,NA,basketball,NA,NA,NA
927,brodeur,100,NA,NA,NA,beaver,NA,NA,NA
928,brodeur,88,NA,NA,NA,beerbottle,NA,NA,NA
929,brodeur,82,NA,NA,NA,birdfeeder,NA,NA,NA
930,brodeur,93,NA,NA,NA,birdhouse,NA,NA,NA
931,brodeur,93,NA,NA,NA,blender,NA,NA,NA
932,brodeur,78,NA,NA,NA,bluejay,NA,NA,NA
933,brodeur,71,NA,NA,NA,shipinabottle,NA,NA,NA
934,brodeur,100,NA,NA,NA,bowlingball,NA,NA,NA
935,brodeur,100,NA,NA,NA,bowlingpin,NA,NA,NA
936,brodeur,88,NA,NA,NA,bowtie,NA,NA,NA
937,brodeur,76,NA,NA,NA,boxingglove,NA,NA,NA
938,brodeur,86,NA,NA,NA,brownsugar,NA,NA,NA
939,brodeur,93,NA,NA,NA,bullet,NA,NA,NA
940,brodeur,90,NA,NA,NA,bumpercar,NA,NA,NA
941,brodeur,81,NA,NA,NA,keys,NA,NA,NA
942,brodeur,86,NA,NA,NA,calendar,NA,NA,NA
943,brodeur,80,NA,NA,NA,bell,NA,NA,NA
944,brodeur,98,NA,NA,NA,candycane,NA,NA,NA
945,brodeur,93,NA,NA,NA,cashregister,NA,NA,NA
946,brodeur,71,NA,NA,NA,ceilingfan,NA,NA,NA
947,brodeur,77,NA,NA,NA,chainsaw,NA,NA,NA
948,brodeur,77,NA,NA,NA,cheetah,NA,NA,NA
949,brodeur,89,NA,NA,NA,chefshat,NA,NA,NA
950,brodeur,76,NA,NA,NA,christmaslights,NA,NA,NA
951,brodeur,86,NA,NA,NA,christmastree,NA,NA,NA
952,brodeur,90,NA,NA,NA,cigar,NA,NA,NA
953,brodeur,71,NA,NA,NA,coffeemachine,NA,NA,NA
954,brodeur,75,NA,NA,NA,cork,NA,NA,NA
955,brodeur,93,NA,NA,NA,cow,NA,NA,NA
956,brodeur,72,NA,NA,NA,crmebrulee,NA,NA,NA
957,brodeur,88,NA,NA,NA,cross,NA,NA,NA
958,brodeur,83,NA,NA,NA,cruiseship,NA,NA,NA
959,brodeur,88,NA,NA,NA,spider,NA,NA,NA
960,brodeur,71,NA,NA,NA,dalmatian,NA,NA,NA
961,brodeur,100,NA,NA,NA,dartboard,NA,NA,NA
962,brodeur,93,NA,NA,NA,discoball,NA,NA,NA
963,brodeur,95,NA,NA,NA,doughnut,NA,NA,NA
964,brodeur,83,NA,NA,NA,skis,NA,NA,NA
965,brodeur,93,NA,NA,NA,dreamcatcher,NA,NA,NA
966,brodeur,95,NA,NA,NA,drumsticks,NA,NA,NA
967,brodeur,73,NA,NA,NA,ducttape,NA,NA,NA
968,brodeur,95,NA,NA,NA,eiffeltower,NA,NA,NA
969,brodeur,86,NA,NA,NA,elbow,NA,NA,NA
970,brodeur,90,NA,NA,NA,escalator,NA,NA,NA
971,brodeur,95,NA,NA,NA,exitsign,NA,NA,NA
972,brodeur,92,NA,NA,NA,eyepatch,NA,NA,NA
973,brodeur,93,NA,NA,NA,fingerprint,NA,NA,NA
974,brodeur,86,NA,NA,NA,fireplace,NA,NA,NA
975,brodeur,98,NA,NA,NA,football,NA,NA,NA
976,brodeur,79,NA,NA,NA,footballhelmet,NA,NA,NA
977,brodeur,98,NA,NA,NA,fortunecookie,NA,NA,NA
978,brodeur,95,NA,NA,NA,frisbee,NA,NA,NA
979,brodeur,80,NA,NA,NA,musicsheet,NA,NA,NA
980,brodeur,72,NA,NA,NA,gazebo,NA,NA,NA
981,brodeur,98,NA,NA,NA,golfball,NA,NA,NA
982,brodeur,88,NA,NA,NA,granolabar,NA,NA,NA
983,brodeur,98,NA,NA,NA,guitarcase,NA,NA,NA
984,brodeur,100,NA,NA,NA,handcuffs,NA,NA,NA
985,brodeur,81,NA,NA,NA,cymbals,NA,NA,NA
986,brodeur,100,NA,NA,NA,harmonica,NA,NA,NA
987,brodeur,83,NA,NA,NA,hockeypuck,NA,NA,NA
988,brodeur,93,NA,NA,NA,hockeystick,NA,NA,NA
989,brodeur,93,NA,NA,NA,hulahoop,NA,NA,NA
990,brodeur,100,NA,NA,NA,horseshoe,NA,NA,NA
991,brodeur,74,NA,NA,NA,icecube,NA,NA,NA
992,brodeur,79,NA,NA,NA,ipad,NA,NA,NA
993,brodeur,88,NA,NA,NA,jeans,NA,NA,NA
994,brodeur,88,NA,NA,NA,jeep,NA,NA,NA
995,brodeur,98,NA,NA,NA,jellybeans,NA,NA,NA
996,brodeur,98,NA,NA,NA,doghouse,NA,NA,NA
997,brodeur,83,NA,NA,NA,kiwi,NA,NA,NA
998,brodeur,88,NA,NA,NA,knee,NA,NA,NA
999,brodeur,79,NA,NA,NA,kneepad,NA,NA,NA
1000,brodeur,78,NA,NA,NA,brassknuckles,NA,NA,NA
1001,brodeur,93,NA,NA,NA,ladybug,NA,NA,NA
1002,brodeur,82,NA,NA,NA,leafblower,NA,NA,NA
1003,brodeur,90,NA,NA,NA,rake,NA,NA,NA
1004,brodeur,85,NA,NA,NA,licenseplate,NA,NA,NA
1005,brodeur,98,NA,NA,NA,lightswitch,NA,NA,NA
1006,brodeur,98,NA,NA,NA,locker,NA,NA,NA
1007,brodeur,83,NA,NA,NA,lollipop,NA,NA,NA
1008,brodeur,95,NA,NA,NA,compass,NA,NA,NA
1009,brodeur,81,NA,NA,NA,sushi,NA,NA,NA
1010,brodeur,85,NA,NA,NA,marble,NA,NA,NA
1011,brodeur,76,NA,NA,NA,mask,NA,NA,NA
1012,brodeur,98,NA,NA,NA,mattress,NA,NA,NA
1013,brodeur,88,NA,NA,NA,microphone,NA,NA,NA
1014,brodeur,81,NA,NA,NA,microwave,NA,NA,NA
1015,brodeur,86,NA,NA,NA,lips,NA,NA,NA
1016,brodeur,76,NA,NA,NA,mrpotatohead,NA,NA,NA
1017,brodeur,71,NA,NA,NA,birdsnest,NA,NA,NA
1018,brodeur,95,NA,NA,NA,noparkingsign,NA,NA,NA
1019,brodeur,90,NA,NA,NA,nosmokingsign,NA,NA,NA
1020,brodeur,96,NA,NA,NA,nunchuks,NA,NA,NA
1021,brodeur,83,NA,NA,NA,parkingmeter,NA,NA,NA
1022,brodeur,79,NA,NA,NA,pingpongtable,NA,NA,NA
1023,brodeur,81,NA,NA,NA,platypus,NA,NA,NA
1024,brodeur,83,NA,NA,NA,pokerchips,NA,NA,NA
1025,brodeur,98,NA,NA,NA,pooltable,NA,NA,NA
1026,brodeur,98,NA,NA,NA,pumpkin,NA,NA,NA
1027,brodeur,83,NA,NA,NA,punchingbag,NA,NA,NA
1028,brodeur,79,NA,NA,NA,recyclingbin,NA,NA,NA
1029,brodeur,88,NA,NA,NA,fox,NA,NA,NA
1030,brodeur,71,NA,NA,NA,fridge,NA,NA,NA
1031,brodeur,83,NA,NA,NA,rollerblade,NA,NA,NA
1032,brodeur,95,NA,NA,NA,rubikcube,NA,NA,NA
1033,brodeur,86,NA,NA,NA,saltshaker,NA,NA,NA
1034,brodeur,71,NA,NA,NA,sausage,NA,NA,NA
1035,brodeur,98,NA,NA,NA,schoolbus,NA,NA,NA
1036,brodeur,90,NA,NA,NA,scorpion,NA,NA,NA
1037,brodeur,93,NA,NA,NA,sheep,NA,NA,NA
1038,brodeur,88,NA,NA,NA,showerhead,NA,NA,NA
1039,brodeur,95,NA,NA,NA,snowboard,NA,NA,NA
1040,brodeur,100,NA,NA,NA,snowman,NA,NA,NA
1041,brodeur,88,NA,NA,NA,snowshoe,NA,NA,NA
1042,brodeur,98,NA,NA,NA,soccerball,NA,NA,NA
1043,brodeur,85,NA,NA,NA,spicerack,NA,NA,NA
1044,brodeur,93,NA,NA,NA,spiderweb,NA,NA,NA
1045,brodeur,100,NA,NA,NA,squirrel,NA,NA,NA
1046,brodeur,100,NA,NA,NA,surfboard,NA,NA,NA
1047,brodeur,90,NA,NA,NA,toilet,NA,NA,NA
1048,brodeur,93,NA,NA,NA,toolbox,NA,NA,NA
1049,brodeur,74,NA,NA,NA,totempole,NA,NA,NA
1050,brodeur,76,NA,NA,NA,toucan,NA,NA,NA
1051,brodeur,80,NA,NA,NA,toyhorse,NA,NA,NA
1052,brodeur,72,NA,NA,NA,toysoldier,NA,NA,NA
1053,brodeur,93,NA,NA,NA,trampoline,NA,NA,NA
1054,brodeur,90,NA,NA,NA,treadmill,NA,NA,NA
1055,brodeur,93,NA,NA,NA,tricycle,NA,NA,NA
1056,brodeur,76,NA,NA,NA,tulip,NA,NA,NA
1057,brodeur,81,NA,NA,NA,turnstile,NA,NA,NA
1058,brodeur,89,NA,NA,NA,urinal,NA,NA,NA
1059,brodeur,73,NA,NA,NA,walkietalkie,NA,NA,NA
1060,brodeur,78,NA,NA,NA,waterfountain,NA,NA,NA
1061,brodeur,75,NA,NA,NA,well,NA,NA,NA
1062,brodeur,72,NA,NA,NA,wheat,NA,NA,NA
1063,brodeur,91,NA,NA,NA,wheelbarrow,NA,NA,NA
1064,brodeur,82,NA,NA,NA,windshieldwiper,NA,NA,NA
1065,brodeur,86,NA,NA,NA,witchhat,NA,NA,NA
1066,brodeur,89,NA,NA,NA,xylophone,NA,NA,NA
1067,brodeur,100,NA,NA,NA,zipper,NA,NA,NA
1068,moreno-martinez,92,NA,NA,NA,anchovy,NA,NA,NA
1069,moreno-martinez,96,NA,NA,NA,ant,NA,NA,NA
1070,moreno-martinez,99,NA,NA,NA,apple,NA,NA,NA
1071,moreno-martinez,71,NA,NA,NA,armchair,NA,NA,NA
1072,moreno-martinez,88,NA,NA,NA,armour,NA,NA,NA
1073,moreno-martinez,96,NA,NA,NA,axe,NA,NA,NA
1074,moreno-martinez,91,NA,NA,NA,bathrobe,NA,NA,NA
1075,moreno-martinez,76,NA,NA,NA,bedsidetable,NA,NA,NA
1076,moreno-martinez,82,NA,NA,NA,beetle,NA,NA,NA
1077,moreno-martinez,77,NA,NA,NA,boomerang,NA,NA,NA
1078,moreno-martinez,92,NA,NA,NA,bracelet,NA,NA,NA
1079,moreno-martinez,96,NA,NA,NA,cap,NA,NA,NA
1080,moreno-martinez,85,NA,NA,NA,carnation,NA,NA,NA
1081,moreno-martinez,81,NA,NA,NA,cathedral,NA,NA,NA
1082,moreno-martinez,83,NA,NA,NA,centipede,NA,NA,NA
1083,moreno-martinez,72,NA,NA,NA,chestnut,NA,NA,NA
1084,moreno-martinez,94,NA,NA,NA,chorizo,NA,NA,NA
1085,moreno-martinez,85,NA,NA,NA,church,NA,NA,NA
1086,moreno-martinez,75,NA,NA,NA,clog,NA,NA,NA
1087,moreno-martinez,97,NA,NA,NA,compasses,NA,NA,NA
1088,moreno-martinez,93,NA,NA,NA,cookie,NA,NA,NA
1089,moreno-martinez,96,NA,NA,NA,crmecaramel,NA,NA,NA
1090,moreno-martinez,76,NA,NA,NA,crocodile,NA,NA,NA
1091,moreno-martinez,97,NA,NA,NA,cucumber,NA,NA,NA
1092,moreno-martinez,95,NA,NA,NA,daisy,NA,NA,NA
1093,moreno-martinez,95,NA,NA,NA,dart,NA,NA,NA
1094,moreno-martinez,78,NA,NA,NA,diamond,NA,NA,NA
1095,moreno-martinez,99,NA,NA,NA,dolphin,NA,NA,NA
1096,moreno-martinez,92,NA,NA,NA,drum,NA,NA,NA
1097,moreno-martinez,93,NA,NA,NA,eggplant,NA,NA,NA
1098,moreno-martinez,93,NA,NA,NA,felttippen,NA,NA,NA
1099,moreno-martinez,80,NA,NA,NA,fig,NA,NA,NA
1100,moreno-martinez,76,NA,NA,NA,fillingcabinet,NA,NA,NA
1101,moreno-martinez,99,NA,NA,NA,fly,NA,NA,NA
1102,moreno-martinez,96,NA,NA,NA,folder,NA,NA,NA
1103,moreno-martinez,74,NA,NA,NA,fondue,NA,NA,NA
1104,moreno-martinez,88,NA,NA,NA,fountainpen,NA,NA,NA
1105,moreno-martinez,96,NA,NA,NA,fritter,NA,NA,NA
1106,moreno-martinez,99,NA,NA,NA,fryingpan,NA,NA,NA
1107,moreno-martinez,96,NA,NA,NA,grapes,NA,NA,NA
1108,moreno-martinez,89,NA,NA,NA,grenade,NA,NA,NA
1109,moreno-martinez,92,NA,NA,NA,harp,NA,NA,NA
1110,moreno-martinez,87,NA,NA,NA,hen,NA,NA,NA
1111,moreno-martinez,71,NA,NA,NA,hummingbird,NA,NA,NA
1112,moreno-martinez,96,NA,NA,NA,kiwifruit,NA,NA,NA
1113,moreno-martinez,95,NA,NA,NA,ladybird,NA,NA,NA
1114,moreno-martinez,97,NA,NA,NA,lettuce,NA,NA,NA
1115,moreno-martinez,99,NA,NA,NA,ludo,NA,NA,NA
1116,moreno-martinez,74,NA,NA,NA,lynx,NA,NA,NA
1117,moreno-martinez,96,NA,NA,NA,maracas,NA,NA,NA
1118,moreno-martinez,97,NA,NA,NA,mill,NA,NA,NA
1119,moreno-martinez,99,NA,NA,NA,motorbike,NA,NA,NA
1120,moreno-martinez,92,NA,NA,NA,mussel,NA,NA,NA
1121,moreno-martinez,99,NA,NA,NA,necklace,NA,NA,NA
1122,moreno-martinez,81,NA,NA,NA,nut,NA,NA,NA
1123,moreno-martinez,90,NA,NA,NA,pasty,NA,NA,NA
1124,moreno-martinez,99,NA,NA,NA,pencil,NA,NA,NA
1125,moreno-martinez,95,NA,NA,NA,pendant,NA,NA,NA
1126,moreno-martinez,99,NA,NA,NA,pepper,NA,NA,NA
1127,moreno-martinez,96,NA,NA,NA,piano,NA,NA,NA
1128,moreno-martinez,99,NA,NA,NA,pigeon,NA,NA,NA
1129,moreno-martinez,89,NA,NA,NA,pincers,NA,NA,NA
1130,moreno-martinez,76,NA,NA,NA,pistachio,NA,NA,NA
1131,moreno-martinez,84,NA,NA,NA,pomegranate,NA,NA,NA
1132,moreno-martinez,89,NA,NA,NA,poppy,NA,NA,NA
1133,moreno-martinez,83,NA,NA,NA,raisin,NA,NA,NA
1134,moreno-martinez,77,NA,NA,NA,raven,NA,NA,NA
1135,moreno-martinez,78,NA,NA,NA,razorshell,NA,NA,NA
1136,moreno-martinez,96,NA,NA,NA,rhino,NA,NA,NA
1137,moreno-martinez,98,NA,NA,NA,rose,NA,NA,NA
1138,moreno-martinez,87,NA,NA,NA,saxophone,NA,NA,NA
1139,moreno-martinez,79,NA,NA,NA,shanty,NA,NA,NA
1140,moreno-martinez,97,NA,NA,NA,skate,NA,NA,NA
1141,moreno-martinez,95,NA,NA,NA,skittle,NA,NA,NA
1142,moreno-martinez,81,NA,NA,NA,sofa,NA,NA,NA
1143,moreno-martinez,84,NA,NA,NA,spinningtop,NA,NA,NA
1144,"moreno-martinez, DR2",96,NA,NA,NA,stool,NA,NA,NA
1145,moreno-martinez,89,NA,NA,NA,strainer,NA,NA,NA
1146,moreno-martinez,93,NA,NA,NA,tablefootball,NA,NA,NA
1147,moreno-martinez,99,NA,NA,NA,tambourine,NA,NA,NA
1148,moreno-martinez,95,NA,NA,NA,toe,NA,NA,NA
1149,moreno-martinez,99,NA,NA,NA,tractor,NA,NA,NA
1150,moreno-martinez,97,NA,NA,NA,trumpet,NA,NA,NA
1151,moreno-martinez,99,NA,NA,NA,undershirt,NA,NA,NA
1152,moreno-martinez,95,NA,NA,NA,van,NA,NA,NA
1153,moreno-martinez,97,NA,NA,NA,walnut,NA,NA,NA
1154,moreno-martinez,88,NA,NA,NA,wasp,NA,NA,NA
1155,moreno-martinez,97,NA,NA,NA,watermelon,NA,NA,NA
1156,DR2,80,NA,NA,NA,anvil,NA,NA,NA
1157,DR2,88.2,NA,NA,NA,artichoke,NA,NA,NA
1158,DR2,100,NA,NA,NA,asparagus,NA,NA,NA
1159,DR2,100,NA,NA,NA,bandaid,NA,NA,NA
1160,DR2,100,NA,NA,NA,barrel,NA,NA,NA
1161,DR2,90,NA,NA,NA,bartender,NA,NA,NA
1162,DR2,96.4285714,NA,NA,NA,bathtub,NA,NA,NA
1163,DR2,95.4545455,NA,NA,NA,bee,NA,NA,NA
1164,DR2,91.4,NA,NA,NA,boxinggloves,NA,NA,NA
1165,DR2,90.9,NA,NA,NA,butter,NA,NA,NA
1166,DR2,95.2,NA,NA,NA,canoe,NA,NA,NA
1167,DR2,92.2,NA,NA,NA,canopener,NA,NA,NA
1168,DR2,96.6666667,NA,NA,NA,carousel,NA,NA,NA
1169,DR2,100,NA,NA,NA,chain,NA,NA,NA
1170,DR2,100,NA,NA,NA,cheese,NA,NA,NA
1171,DR2,95.4545455,NA,NA,NA,cherry,NA,NA,NA
1172,DR2,81.8181818,NA,NA,NA,chicken,NA,NA,NA
1173,DR2,100,NA,NA,NA,chopsticks,NA,NA,NA
1174,DR2,100,NA,NA,NA,clothespin,NA,NA,NA
1175,DR2,87.5,NA,NA,NA,corkscrew,NA,NA,NA
1176,DR2,92.8571429,NA,NA,NA,crackers,NA,NA,NA
1177,DR2,100,NA,NA,NA,crib,NA,NA,NA
1178,DR2,82.9,NA,NA,NA,dentist,NA,NA,NA
1179,DR2,97.5609756,NA,NA,NA,diaper,NA,NA,NA
1180,DR2,94.3,NA,NA,NA,donkey,NA,NA,NA
1181,DR2,89.7435897,NA,NA,NA,drill,NA,NA,NA
1182,DR2,100,NA,NA,NA,eagle,NA,NA,NA
1183,DR2,92.3076923,NA,NA,NA,earring,NA,NA,NA
1184,DR2,100,NA,NA,NA,firetruck,NA,NA,NA
1185,DR2,95.3488372,NA,NA,NA,fishtank,NA,NA,NA
1186,DR2,100,NA,NA,NA,funnel,NA,NA,NA
1187,DR2,100,NA,NA,NA,glasses,NA,NA,NA
1188,DR2,100,NA,NA,NA,globe,NA,NA,NA
1189,DR2,96,NA,NA,NA,grasshopper,NA,NA,NA
1190,DR2,100,NA,NA,NA,grill,NA,NA,NA
1191,DR2,100,NA,NA,NA,hammock,NA,NA,NA
1192,DR2,89.3,NA,NA,NA,highchair,NA,NA,NA
1193,DR2,98.0769231,NA,NA,NA,hinge,NA,NA,NA
1194,DR2,92.3076923,NA,NA,NA,hoe,NA,NA,NA
1195,DR2,100,NA,NA,NA,igloo,NA,NA,NA
1196,DR2,96.7,NA,NA,NA,ironingboard,NA,NA,NA
1197,DR2,88.6,NA,NA,NA,jackhammer,NA,NA,NA
1198,DR2,100,NA,NA,NA,jar,NA,NA,NA
1199,DR2,88.6,NA,NA,NA,jumprope,NA,NA,NA
1200,DR2,96,NA,NA,NA,ladle,NA,NA,NA
1201,"boss, DR2",100,NA,NA,NA,lemon,NA,NA,NA
1202,DR2,93.2,NA,NA,NA,lightbulb,NA,NA,NA
1203,DR2,100,NA,NA,NA,llama,NA,NA,NA
1204,DR2,96.4,NA,NA,NA,magnet,NA,NA,NA
1205,DR2,100,NA,NA,NA,match,NA,NA,NA
1206,DR2,96.4285714,NA,NA,NA,mixer,NA,NA,NA
1207,DR2,100,NA,NA,NA,moose,NA,NA,NA
1208,DR2,89.3,NA,NA,NA,mosquito,NA,NA,NA
1209,DR2,100,NA,NA,NA,needle,NA,NA,NA
1210,"boss, DR2",100,NA,NA,NA,onion,NA,NA,NA
1211,DR2,97.4,NA,NA,NA,ostrich,NA,NA,NA
1212,DR2,97.4,NA,NA,NA,paint,NA,NA,NA
1213,DR2,90.9090909,NA,NA,NA,pan,NA,NA,NA
1214,DR2,96.4,NA,NA,NA,panda,NA,NA,NA
1215,DR2,90.9,NA,NA,NA,pants,NA,NA,NA
1216,DR2,100,NA,NA,NA,paperclip,NA,NA,NA
1217,DR2,100,NA,NA,NA,parachute,NA,NA,NA
1218,DR2,100,NA,NA,NA,peach,NA,NA,NA
1219,DR2,97.1,NA,NA,NA,peanut,NA,NA,NA
1220,DR2,85.7142857,NA,NA,NA,peas,NA,NA,NA
1221,DR2,92.3,NA,NA,NA,pelican,NA,NA,NA
1222,DR2,100,NA,NA,NA,pencilsharpener,NA,NA,NA
1223,DR2,87.2,NA,NA,NA,piggybank,NA,NA,NA
1224,DR2,95.4545455,NA,NA,NA,pitcher,NA,NA,NA
1225,DR2,88.6,NA,NA,NA,pitchfork,NA,NA,NA
1226,DR2,97.6190476,NA,NA,NA,pizza,NA,NA,NA
1227,DR2,91.5,NA,NA,NA,pliers,NA,NA,NA
1228,DR2,96.4285714,NA,NA,NA,policeman,NA,NA,NA
1229,DR2,100,NA,NA,NA,popcorn,NA,NA,NA
1230,DR2,95.3,NA,NA,NA,popsicle,NA,NA,NA
1231,DR2,97.4,NA,NA,NA,porcupine,NA,NA,NA
1232,DR2,92.9,NA,NA,NA,priest,NA,NA,NA
1233,DR2,71.4,NA,NA,NA,purse,NA,NA,NA
1234,DR2,89.2857143,NA,NA,NA,puzzle,NA,NA,NA
1235,DR2,97.9,NA,NA,NA,raccoon,NA,NA,NA
1236,DR2,100,NA,NA,NA,radio,NA,NA,NA
1237,DR2,93,NA,NA,NA,radish,NA,NA,NA
1238,DR2,86.6666667,NA,NA,NA,railroadtracks,NA,NA,NA
1239,DR2,100,NA,NA,NA,razor,NA,NA,NA
1240,DR2,100,NA,NA,NA,refrigerator,NA,NA,NA
1241,DR2,90.6976744,NA,NA,NA,rockingchair,NA,NA,NA
1242,DR2,94.4,NA,NA,NA,rollerskate,NA,NA,NA
1243,DR2,94.9,NA,NA,NA,rollingpin,NA,NA,NA
1244,DR2,97.6,NA,NA,NA,rooster,NA,NA,NA
1245,DR2,100,NA,NA,NA,rug,NA,NA,NA
1246,DR2,100,NA,NA,NA,safe,NA,NA,NA
1247,DR2,90.7,NA,NA,NA,safetypin,NA,NA,NA
1248,DR2,78.6,NA,NA,NA,salsa,NA,NA,NA
1249,DR2,100,NA,NA,NA,salt,NA,NA,NA
1250,DR2,89.2857143,NA,NA,NA,seesaw,NA,NA,NA
1251,DR2,100,NA,NA,NA,sewingmachine,NA,NA,NA
1252,DR2,100,NA,NA,NA,skunk,NA,NA,NA
1253,DR2,96.8,NA,NA,NA,sled,NA,NA,NA
1254,DR2,100,NA,NA,NA,slingshot,NA,NA,NA
1255,DR2,95.6521739,NA,NA,NA,slipper,NA,NA,NA
1256,DR2,96.6,NA,NA,NA,spaghetti,NA,NA,NA
1257,DR2,100,NA,NA,NA,spatula,NA,NA,NA
1258,DR2,95.5,NA,NA,NA,steeringwheel,NA,NA,NA
1259,DR2,100,NA,NA,NA,stocking,NA,NA,NA
1260,"moreno-martinez, DR2",96,NA,NA,NA,stool,NA,NA,NA
1261,DR2,96.7741935,NA,NA,NA,stroller,NA,NA,NA
1262,DR2,100,NA,NA,NA,swan,NA,NA,NA
1263,DR2,92.9,NA,NA,NA,sweater,NA,NA,NA
1264,DR2,72.7272727,NA,NA,NA,tape,NA,NA,NA
1265,DR2,84.6153846,NA,NA,NA,taperecorder,NA,NA,NA
1266,DR2,94.2857143,NA,NA,NA,tennisracket,NA,NA,NA
1267,DR2,78,NA,NA,NA,thermos,NA,NA,NA
1268,DR2,100,NA,NA,NA,thimble,NA,NA,NA
1269,DR2,88.1,NA,NA,NA,tire,NA,NA,NA
1270,"boss, DR2",100,NA,NA,NA,tomato,NA,NA,NA
1271,"boss, DR2",100,NA,NA,NA,toothbrush,NA,NA,NA
1272,DR2,100,NA,NA,NA,tripod,NA,NA,NA
1273,DR2,100,NA,NA,NA,trophy,NA,NA,NA
1274,DR2,100,NA,NA,NA,tv,NA,NA,NA
1275,DR2,97.6,NA,NA,NA,tweezers,NA,NA,NA
1276,DR2,97.6,NA,NA,NA,unicorn,NA,NA,NA
1277,DR2,94.4,NA,NA,NA,unicycle,NA,NA,NA
1278,DR2,94.1176471,NA,NA,NA,vacuum,NA,NA,NA
1279,DR2,100,NA,NA,NA,waffle,NA,NA,NA
1280,DR2,97.6190476,NA,NA,NA,wallet,NA,NA,NA
1281,DR2,97.4,NA,NA,NA,walrus,NA,NA,NA
1282,DR2,80,NA,NA,NA,washingmachine,NA,NA,NA
1283,DR2,94.7368421,NA,NA,NA,wateringcan,NA,NA,NA
1284,DR2,95.5,NA,NA,NA,wolf,NA,NA,NA
1285,DR2,86.3636364,NA,NA,NA,worm,NA,NA,NA
1286,DR2,100,NA,NA,NA,yoyo,NA,NA,NA